entity_type,name,url,username_or_id,risk_score,risk_label,tagline_match,category,about_snippet,followers_count,members_count,creation_date,primary_country,found_via,recent_post_examples,contact_handles_detected,suspicious_claims,fake_contact_numbers,has_numbered_name,screenshot_paths,notes,compliance_note,impersonation_flags
Page,"End of June Promo‼️ For every 1 tank of 11kg M-gas, you will ...",https://www.facebook.com/61573549531758/posts/end-of-june-promo️for-every-1-tank-of-11kg-m-gas-you-will-get-a-free-350ml-of-di/122135078354784984/,,16,Likely Impersonator,False,,"End of June Promo ‼️ For every 1 tank of 11kg M-gas , you will get a free 350ml of Dishwashing Liquid. Promo runs until supplies last. Contact# (0998) 543 0916 ...",,,,,DDGS,[],"{'phones': [], 'emails': [], 'whatsapp': [], 'mpesa_paybill_or_till': []}",['promo'],[],False,[],Auto-detected via DDGS search,Public data only - no ToS violations,"{'fake_contacts': False, 'numbered_name': False, 'unauthorized_group': False}"
Group,ENJOY COOKING WITH M~GAS💥 ✅️Deposit 550 shillings ...,https://www.facebook.com/groups/878566720242965/posts/1526146258818338/,,16,Likely Impersonator,False,,... M-GAS M -GAS AFFORDABLE LPG You decide how much to spend. miGas ... SUN KING OFFICE LINE * 09164224523 PROMO ! PROMO !! PROMO ...,,,,,DDGS,[],"{'phones': ['0916422452'], 'emails': [], 'whatsapp': [], 'mpesa_paybill_or_till': []}",['promo'],['0916422452'],False,[],Auto-detected via DDGS search,Public data only - no ToS violations,"{'fake_contacts': True, 'numbered_name': False, 'unauthorized_group': False}"
Page,M-Gas Concepcion Tarlac,https://www.facebook.com/mgasconcepciontarlac/posts/avail-our-101-promo️buy-10-11-kg-m-gas-refill-and-get-1-free-for-only-php-9400ex/122113851290783567/,,0,Low Risk/Unrelated,False,,"Avail our 10+1 PROMO ‼️ Buy 10 11-kg M-gas refill and get 1 free for only PHP 9,400! ""Exact Weight is our Business."" Sto Cristo, Concepcion ...",,,,,DDGS,[],"{'phones': [], 'emails': [], 'whatsapp': [], 'mpesa_paybill_or_till': []}",['promo'],[],False,[],Auto-detected via DDGS search,Public data only - no ToS violations,"{'fake_contacts': False, 'numbered_name': False, 'unauthorized_group': False}"
Page,M-GAS Special offers - Facebook,https://www.facebook.com/events/526583930140239/,,16,Likely Impersonator,False,,Details Enjoy Quality Cooking Services From M - Gas :0752611017 at a minimum deposit Of 550/= Weekly Charges Of 35/= for 9mths Click On The Logo To View More Of Our Products M-gas Kenya Limited Call 0,,,,,DDGS,[],"{'phones': ['0752611017', '0752611017', '0101447717'], 'emails': [], 'whatsapp': [], 'mpesa_paybill_or_till': []}",[],"['0752611017', '0752611017', '0101447717']",False,[],Auto-detected via DDGS search,Public data only - no ToS violations,"{'fake_contacts': True, 'numbered_name': False, 'unauthorized_group': False}"
Group,Kenyan 254 market Buy and sell | Facebook,https://www.facebook.com/groups/913544077590514/,,16,Likely Impersonator,False,,Clinton Okumu Jan 3 💥FESTIVE SEASON OFFERS 💥 M - GAS KENYA PIKA BILA STRESS ..⭐CALL US 0762880299 ⭐WHATSAPP🔥0762880299 SAFARICOM M GAS IS A SAFARICOM SPONSORED GAS ️ M GAS DEPOSIT 550KSH COMES WITH ME,,,,,DDGS,[],"{'phones': ['0762880299', '0762880299'], 'emails': [], 'whatsapp': [], 'mpesa_paybill_or_till': []}",[],"['0762880299', '0762880299']",False,[],Auto-detected via DDGS search,Public data only - no ToS violations,"{'fake_contacts': True, 'numbered_name': False, 'unauthorized_group': False}"
Group,M-GAS -PAY-AS-YOU COOK (ENJOY COOKING & CHRISTMAS OFFERS ...,https://www.facebook.com/groups/1220026285699831/,,16,Likely Impersonator,False,,M - GAS -PAY-AS-YOU COOK (ENJOY COOKING & CHRISTMAS OFFERS +254736490072. Public group · 1.2K members,,,,,DDGS,[],"{'phones': ['+254736490072'], 'emails': [], 'whatsapp': [], 'mpesa_paybill_or_till': []}",[],['0736490072'],False,[],Auto-detected via DDGS search,Public data only - no ToS violations,"{'fake_contacts': True, 'numbered_name': False, 'unauthorized_group': True}"
Group,Import and Export in Korea> - Facebook,https://www.facebook.com/groups/982277263105399/,,0,Low Risk/Unrelated,False,,"[4/20, 11:03 AM] Nelson Kelechi: 🎗️🔥🔥3 *in1 🛢️ OIL 🪔 AND GAS ⛽ LICENSES FOR SALE AT A GIVEAWAY PRICE* 🔥🔥 Our Seller is offering 3 separate licenses for a total amount of: …",,,,,DDGS,[],"{'phones': [], 'emails': [], 'whatsapp': [], 'mpesa_paybill_or_till': []}",[],[],False,[],Auto-detected via DDGS search,Public data only - no ToS violations,"{'fake_contacts': False, 'numbered_name': False, 'unauthorized_group': False}"
Group,SKYWAVE ADVERTS> - Facebook,https://www.facebook.com/groups/1209168100409027/,,16,Likely Impersonator,False,,M Gas Compa Feb 19 Free files on Whatsapphttps://chat.whatsapp. com/I4rQpfU7znv7KN64UwKlzq Cesar Benitez Arce and 3 others 4 4 Vpn File Feb …,,,,,DDGS,[],"{'phones': [], 'emails': [], 'whatsapp': [], 'mpesa_paybill_or_till': []}",[],[],False,[],Auto-detected via DDGS search,Public data only - no ToS violations,"{'fake_contacts': False, 'numbered_name': False, 'unauthorized_group': False}"
Group,Pm lng po Eros & Ezekiel Construction Services - Facebook,https://www.facebook.com/groups/3177930242516926/posts/3605310029778943/,,16,Likely Impersonator,False,,Pm lng po 殺 Eros & Ezekiel Construction Services,,,,,DDGS,[],"{'phones': [], 'emails': [], 'whatsapp': [], 'mpesa_paybill_or_till': []}",[],[],False,[],Auto-detected via DDGS search,Public data only - no ToS violations,"{'fake_contacts': False, 'numbered_name': False, 'unauthorized_group': False}"
Page,M-Gas - Need assistance with your M-Gas? Call us at 0800...,https://www.facebook.com/MGasKenya/posts/571958275586373/,,0,Low Risk/Unrelated,False,,"Need assistance with your M - Gas ? Call us at 0800 721 148, our dedicated customer care team is ready to support you every step of the way!...",,,,,DDGS,[],"{'phones': [], 'emails': [], 'whatsapp': [], 'mpesa_paybill_or_till': []}","['customer care', 'support']",[],False,[],Auto-detected via DDGS search,Public data only - no ToS violations,"{'fake_contacts': False, 'numbered_name': False, 'unauthorized_group': False}"
Page,M-Gas - Facebook M Gas Kenya - Facebook M-gas Company Kenya - Facebook M-GAS COMPANY LTD 0787813153 | Facebook M-GAS KENYA LIMITED (0111944487) | Need assistance with your ..... M gas - M gas | Facebook,https://www.facebook.com/MGasKenya/,,16,Likely Impersonator,False,,"M - Gas . 54,749 likes · 271 talking about this. M - Gas is changing lives by providing pay-as-you-go cooking gas to all Kenyans. M Gas Kenya May 13 Tumefungua Nanyuki!😁 Pata M-Gas yako leo and get a ",,,,,DDGS,[],"{'phones': ['0746447820', '0737559526', '0106926827', '0104778819', '0787813153', '0111944487', '0786019526', '0782787599'], 'emails': [], 'whatsapp': [], 'mpesa_paybill_or_till': []}","['customer care', 'support']","['0746447820', '0737559526', '0106926827', '0104778819', '0787813153', '0111944487', '0786019526', '0782787599', '0787813153', '0111944487']",False,[],Auto-detected via DDGS search,Public data only - no ToS violations,"{'fake_contacts': True, 'numbered_name': False, 'unauthorized_group': False}"
Page,M Gas Kenya - Facebook,https://www.facebook.com/61573685076479/,,16,Likely Impersonator,False,,"M Gas Kenya May 13 Tumefungua Nanyuki!😁 Pata M-Gas yako leo and get a chance to cook for your loved ones this festive season bila stress, usipitwe! To learn more about M- Gas , call us on our Customer",,,,,DDGS,[],"{'phones': ['0746447820', '0737559526'], 'emails': [], 'whatsapp': [], 'mpesa_paybill_or_till': []}",['customer care'],"['0746447820', '0737559526']",False,[],Auto-detected via DDGS search,Public data only - no ToS violations,"{'fake_contacts': True, 'numbered_name': False, 'unauthorized_group': False}"
Page,Southern Gas Corporation Mindoro Branch | Calapan - Facebook Albay Gas Corporation - Facebook M-Gas Franchising Philippines - Facebook M.Gas Heating & Plumbing | Oldbury - Facebook GAS STATION BUSINESS PHILIPPINES | Facebook MADAM ANA M-GAS | Facebook Dominico LPG Trading | Binangonan - Facebook,https://www.facebook.com/OrMinIslandGas/,,0,Low Risk/Unrelated,False,,"Thank you for the trust and support , mr. Ritchard! We are here to support you throughout your M-GAS Journey. We are still open here in Calapan Oriental Mindoro be the first franshisee here in Calapan",,,,,DDGS,[],"{'phones': [], 'emails': [], 'whatsapp': [], 'mpesa_paybill_or_till': []}","['authorized', 'support']",[],False,[],Auto-detected via DDGS search,Public data only - no ToS violations,"{'fake_contacts': False, 'numbered_name': False, 'unauthorized_group': False}"
Page,Albay Gas Corporation - Facebook M-Gas Franchising Philippines - Facebook M.Gas Heating & Plumbing | Oldbury - Facebook GAS STATION BUSINESS PHILIPPINES | Facebook MADAM ANA M-GAS | Facebook Dominico LPG Trading | Binangonan - Facebook,https://www.facebook.com/100063718218905/,,16,Likely Impersonator,False,,"Jun 10, 2021 · M-Gas Franchising Philippines Mar 22, 2021 Ms. Irma Gonzales has been an authorized reseller of Island Gas for years and last year, she decided to franchise M-GAS in Polangui, Albay. Th",,,,,DDGS,[],"{'phones': [], 'emails': [], 'whatsapp': [], 'mpesa_paybill_or_till': []}","['authorized', 'support']",[],False,[],Auto-detected via DDGS search,Public data only - no ToS violations,"{'fake_contacts': False, 'numbered_name': False, 'unauthorized_group': False}"
Page,M-Gas Franchising Philippines - Facebook M.Gas Heating & Plumbing | Oldbury - Facebook GAS STATION BUSINESS PHILIPPINES | Facebook MADAM ANA M-GAS | Facebook Dominico LPG Trading | Binangonan - Facebook,https://www.facebook.com/MGASFranchising/,,0,Low Risk/Unrelated,False,,"M - Gas Franchising Philippines. 23,782 likes · 5 talking about this. M - GAS PHILIPPINES, your trusted LPG Partner! FRANCHISE NOW. Dec 13, 2024 · Thank you for all of your support , custom and recomm",,,,,DDGS,[],"{'phones': [], 'emails': [], 'whatsapp': [], 'mpesa_paybill_or_till': []}",['support'],[],False,[],Auto-detected via DDGS search,Public data only - no ToS violations,"{'fake_contacts': False, 'numbered_name': False, 'unauthorized_group': False}"
Page,"M-gas now, Pay Later! Get 3 LPG refills for only 50 pesos per day ...",https://m.facebook.com/mgasconcepciontarlac/posts/m-gas-now-pay-laterget-3-lpg-refills-for-only-50-pesos-per-daycontact-us-0998583/122120095448783567/,,16,Likely Impersonator,False,,"M-gas now, Pay Later! Get 3 LPG refills for only 50 pesos per day! Contact us: 09985839393 · Avail our 10+1 PROMO‼️ Buy 10 11-kg M-gas refill and get 1 free for ...",,,,,DDGS,[],"{'phones': ['0998583939'], 'emails': [], 'whatsapp': [], 'mpesa_paybill_or_till': []}",['promo'],['0998583939'],False,[],Auto-detected via DDGS search,Public data only - no ToS violations,"{'fake_contacts': True, 'numbered_name': False, 'unauthorized_group': False}"
Group,"Safaricom and M-Gas launched the revolutionary, prepaid ...",https://www.facebook.com/groups/954366519042739/posts/1170291037450285/,,16,Likely Impersonator,False,,"M-gas On Sale ▻ M-GAS MARKETPLACE (+254107453715) . Jul 10, 2024 ... Africa GAS provides comprehensive services, including refills ...",,,,,DDGS,[],"{'phones': ['+254107453715'], 'emails': [], 'whatsapp': [], 'mpesa_paybill_or_till': []}",[],['0107453715'],False,[],Auto-detected via DDGS search,Public data only - no ToS violations,"{'fake_contacts': True, 'numbered_name': False, 'unauthorized_group': True}"
Group,Mascom Gas Trading Gas Refilling and Exchanges ...,https://www.facebook.com/groups/1651677148403782/posts/3990681181170022/,,16,Likely Impersonator,False,,OCR: MASCOM GAS TRADING CONVINIENTAND RELIABLE TERRARIF M GAS REFILLS & EXCHANGE GAS EQUIPMENT & ACCESSORIE FREE DELIVERY!!!,,,,,DDGS,[],"{'phones': [], 'emails': [], 'whatsapp': [], 'mpesa_paybill_or_till': []}",[],[],False,[],Auto-detected via DDGS search,Public data only - no ToS violations,"{'fake_contacts': False, 'numbered_name': False, 'unauthorized_group': True}"
Page,SAFARICOM M-GAS AGENT - Facebook,https://www.facebook.com/safaricommgasagent/,,0,Low Risk/Unrelated,False,,SAFARICOM M-GAS AGENT is on Facebook. Join Facebook to connect with SAFARICOM M-GAS AGENT and others you may know. Facebook gives people the power to...,,,,,DDGS,[],"{'phones': [], 'emails': [], 'whatsapp': [], 'mpesa_paybill_or_till': []}",['agent'],[],False,[],Auto-detected via DDGS search,Public data only - no ToS violations,"{'fake_contacts': False, 'numbered_name': False, 'unauthorized_group': False}"
Page,M-GAS Kenya LTD Agent Call 0103676804 | Westlands - Facebook,https://www.facebook.com/61552820712644/,,16,Likely Impersonator,False,,"M-GAS Kenya LTD Agent Call 0103676804, Westlands. 14 likes · 161 talking about this. Home Businesses",,,,,DDGS,[],"{'phones': ['0103676804'], 'emails': [], 'whatsapp': [], 'mpesa_paybill_or_till': []}",['agent'],"['0103676804', '0103676804']",False,[],Auto-detected via DDGS search,Public data only - no ToS violations,"{'fake_contacts': True, 'numbered_name': False, 'unauthorized_group': False}"
Group,M-GAS MARKETPLACE (+254107453715) | Facebook,https://www.facebook.com/groups/954366519042739/posts/1331643561315031/,,16,Likely Impersonator,False,,Any M Gas agent in Bomet Řeian Jee 1 1 Prince Savage Apr 6,,,,,DDGS,[],"{'phones': [], 'emails': [], 'whatsapp': [], 'mpesa_paybill_or_till': []}",['agent'],['0107453715'],False,[],Auto-detected via DDGS search,Public data only - no ToS violations,"{'fake_contacts': True, 'numbered_name': False, 'unauthorized_group': True}"
Group,MAKATI JOB HIRING | Facebook,https://www.facebook.com/groups/743819387078940/,,0,Low Risk/Unrelated,False,,"☑️ Preferably with HR experience, but fresh graduates are welcome to apply ☑️ Proficient in MS Office Applications ☑️ Has excellent oral and written communication skills 📌 𝗕𝗢𝗢𝗞𝗞𝗘𝗘𝗣𝗘𝗥 ☑️ Accounting Gra",,,,,DDGS,[],"{'phones': [], 'emails': [], 'whatsapp': [], 'mpesa_paybill_or_till': []}",[],[],False,[],Auto-detected via DDGS search,Public data only - no ToS violations,"{'fake_contacts': False, 'numbered_name': False, 'unauthorized_group': False}"
Page,Amos Orwa - Let's get some gas for Kanicy Kamwaosh to make ...,https://www.facebook.com/Saintamoe/posts/10230992789819396/,,16,Likely Impersonator,False,,1 day ago · Let's get some gas for Kanicy Kamwaosh to make some porridge for her child. Ongwae Kerubo Dee please refill her M-gas account . #TeamOrwa,,,,,DDGS,[],"{'phones': [], 'emails': [], 'whatsapp': [], 'mpesa_paybill_or_till': []}",[],[],False,[],Auto-detected via DDGS search,Public data only - no ToS violations,"{'fake_contacts': False, 'numbered_name': False, 'unauthorized_group': False}"
Group,ALGORITMA FB Pro | Yang membutuhkan. | Facebook,https://www.facebook.com/groups/88876988423/posts/10161931580573424/,,16,Likely Impersonator,False,,💯amanah🙏🏻🙏🏻 1 hr Sunda'id Gas duluan pasti amanah 1 hr Al Ma'ruf Author Sunda'id cek notif kk polow balik 1 min Satrio Jr. Ada notif langsung gas 1 hr Oy Kahar M Gas 1 hr Sri Aris Salam kenal 19 mins ,,,,,DDGS,[],"{'phones': [], 'emails': [], 'whatsapp': [], 'mpesa_paybill_or_till': []}",[],[],False,[],Auto-detected via DDGS search,Public data only - no ToS violations,"{'fake_contacts': False, 'numbered_name': False, 'unauthorized_group': False}"
Page,"M-Gas - We're hiring! To apply, visit our careers website...",https://www.facebook.com/MGasKenya/posts/were-hiring-to-apply-visit-our-careers-website-or-click-on-the-link-httpscareers/250210607761143/,,16,Likely Impersonator,False,,"Jul 10, 2023 · We're hiring! To apply, visit our careers website or click on the link https://careers.mgas.ke/ #FurahiaUpishiWako #cleancooking #affordablecooking #MGas",,,,,DDGS,[],"{'phones': [], 'emails': [], 'whatsapp': [], 'mpesa_paybill_or_till': []}",[],[],False,[],Auto-detected via DDGS search,Public data only - no ToS violations,"{'fake_contacts': False, 'numbered_name': False, 'unauthorized_group': False}"
Page,"M-Gas - We're hiring! To apply, visit our careers website...",https://www.facebook.com/MGasKenya/posts/were-hiring-to-apply-visit-our-careers-website-or-click-on-the-link-httpscareers/291856280263242/,,0,Low Risk/Unrelated,False,,"We're hiring! To apply, visit our careers website or click on the link: https://careers.mgas.ke/ #IkoKaziKE #hiringnow #jobsinkenya #mgascareers...",,,,,DDGS,[],"{'phones': [], 'emails': [], 'whatsapp': [], 'mpesa_paybill_or_till': []}",[],[],False,[],Auto-detected via DDGS search,Public data only - no ToS violations,"{'fake_contacts': False, 'numbered_name': False, 'unauthorized_group': False}"
Page,M-Gas - Facebook,https://www.facebook.com/MGasKenya/,,0,Low Risk/Unrelated,True,,"M-Gas. 54,749 likes · 271 talking about this. M-Gas is changing lives by providing pay-as-you-go cooking gas to all Kenyans.",,,,,DDGS,[],"{'phones': [], 'emails': [], 'whatsapp': [], 'mpesa_paybill_or_till': []}",[],[],False,[],Auto-detected via DDGS search,Public data only - no ToS violations,"{'fake_contacts': False, 'numbered_name': False, 'unauthorized_group': False}"
Page,Albay Gas Corporation - Facebook,https://www.facebook.com/100063718218905/,,16,Likely Impersonator,False,,"Jun 10, 2021 · M-Gas Franchising Philippines May 21, 2021 In just 6 easy steps, you can start your franchise with M-GAS! Catch our ongoing promo for OFWs and Frontliners with a …",,,,,DDGS,[],"{'phones': [], 'emails': [], 'whatsapp': [], 'mpesa_paybill_or_till': []}",['promo'],[],False,[],Auto-detected via DDGS search,Public data only - no ToS violations,"{'fake_contacts': False, 'numbered_name': False, 'unauthorized_group': False}"
Page,Southern Gas Corporation Mindoro Branch | Calapan - Facebook,https://www.facebook.com/OrMinIslandGas/,,0,Low Risk/Unrelated,False,,"Thank you for the trust and support, mr. Ritchard! We are here to support you throughout your M-GAS Journey. We are still open here in Calapan Oriental Mindoro be the first franshisee here …",,,,,DDGS,[],"{'phones': [], 'emails': [], 'whatsapp': [], 'mpesa_paybill_or_till': []}",['support'],[],False,[],Auto-detected via DDGS search,Public data only - no ToS violations,"{'fake_contacts': False, 'numbered_name': False, 'unauthorized_group': False}"
Page,MGAS NAGA MAIN - PALIT-TANGKE PROMO for only P930.00 ...,https://www.facebook.com/mgaskalawakan/posts/palit-tangke-promo-for-only-p93000thank-you-po-sa-pag-avail-ng-palit-tangke-prom/130724526410794/,,16,Likely Impersonator,False,,"Oct 13, 2022 · Thank you po sa pag-avail ng palit-tangke promo. >FREE cylinder swap >FREE brand new Germani regulator >FREE brand new hose and clamps >FREE DISHWASHING …",,,,,DDGS,[],"{'phones': [], 'emails': [], 'whatsapp': [], 'mpesa_paybill_or_till': []}",['promo'],[],False,[],Auto-detected via DDGS search,Public data only - no ToS violations,"{'fake_contacts': False, 'numbered_name': False, 'unauthorized_group': False}"
Page,M-GAS Special offers - Facebook,https://www.facebook.com/events/526583930140239/,,16,Likely Impersonator,False,,Details Enjoy Quality Cooking Services From M - Gas :0752611017 at a minimum deposit Of 550/= Weekly Charges Of 35/= for 9mths Click On The Logo To View More Of Our Products M - gas Kenya Limited Call,,,,,DDGS,[],"{'phones': ['0752611017', '0752611017', '0101447717'], 'emails': [], 'whatsapp': [], 'mpesa_paybill_or_till': []}",[],"['0752611017', '0752611017', '0101447717']",False,[],Auto-detected via DDGS search,Public data only - no ToS violations,"{'fake_contacts': True, 'numbered_name': False, 'unauthorized_group': False}"
Group,Kenyan 254 market Buy and sell | Facebook,https://www.facebook.com/groups/913544077590514/,,16,Likely Impersonator,False,,Clinton Okumu Jan 3 💥FESTIVE SEASON OFFERS 💥 M - GAS KENYA PIKA BILA STRESS ..⭐CALL US 0762880299 ⭐WHATSAPP🔥0762880299 SAFARICOM M GAS IS A SAFARICOM SPONSORED GAS ️ M GAS DEPOSIT 550KSH COMES WITH ME,,,,,DDGS,[],"{'phones': ['0762880299', '0762880299'], 'emails': [], 'whatsapp': [], 'mpesa_paybill_or_till': []}",[],"['0762880299', '0762880299']",False,[],Auto-detected via DDGS search,Public data only - no ToS violations,"{'fake_contacts': True, 'numbered_name': False, 'unauthorized_group': False}"
Group,M-GAS -PAY-AS-YOU COOK (ENJOY COOKING & CHRISTMAS OFFERS ...,https://www.facebook.com/groups/1220026285699831/,,16,Likely Impersonator,False,,M - GAS -PAY-AS-YOU COOK (ENJOY COOKING & CHRISTMAS OFFERS +254736490072. Public group · 1.2K members,,,,,DDGS,[],"{'phones': ['+254736490072'], 'emails': [], 'whatsapp': [], 'mpesa_paybill_or_till': []}",[],['0736490072'],False,[],Auto-detected via DDGS search,Public data only - no ToS violations,"{'fake_contacts': True, 'numbered_name': False, 'unauthorized_group': True}"
Group,Import and Export in Korea> - Facebook,https://www.facebook.com/groups/982277263105399/,,0,Low Risk/Unrelated,False,,"[4/20, 11:03 AM] Nelson Kelechi: 🎗️🔥🔥3 *in1 🛢️ OIL 🪔 AND GAS ⛽ LICENSES FOR SALE AT A GIVEAWAY PRICE* 🔥🔥 Our Seller is offering 3 separate licenses for a total amount of: …",,,,,DDGS,[],"{'phones': [], 'emails': [], 'whatsapp': [], 'mpesa_paybill_or_till': []}",[],[],False,[],Auto-detected via DDGS search,Public data only - no ToS violations,"{'fake_contacts': False, 'numbered_name': False, 'unauthorized_group': False}"
Group,SKYWAVE ADVERTS> - Facebook,https://www.facebook.com/groups/1209168100409027/,,16,Likely Impersonator,False,,M Gas Compa Feb 19 Free files on Whatsapphttps://chat.whatsapp. com/I4rQpfU7znv7KN64UwKlzq Cesar Benitez Arce and 3 others 4 4 Vpn File Feb …,,,,,DDGS,[],"{'phones': [], 'emails': [], 'whatsapp': [], 'mpesa_paybill_or_till': []}",[],[],False,[],Auto-detected via DDGS search,Public data only - no ToS violations,"{'fake_contacts': False, 'numbered_name': False, 'unauthorized_group': False}"
Group,Pm lng po Eros & Ezekiel Construction Services - Facebook,https://www.facebook.com/groups/3177930242516926/posts/3605310029778943/,,16,Likely Impersonator,False,,Pm lng po 殺 Eros & Ezekiel Construction Services,,,,,DDGS,[],"{'phones': [], 'emails': [], 'whatsapp': [], 'mpesa_paybill_or_till': []}",[],[],False,[],Auto-detected via DDGS search,Public data only - no ToS violations,"{'fake_contacts': False, 'numbered_name': False, 'unauthorized_group': False}"
Page,Need assistance with your M-Gas? Call us at 0800 721 ...,https://www.facebook.com/photo.php?fbid=571958102253057&id=100083166169294&set=a.162860166496188,photo.php?fbid=571958102253057&id=100083166169294&set=a.162860166496188,16,Likely Impersonator,False,,"Need assistance with your M-Gas ? Call us at 0800 721 148, our dedicated customer care team is ready to support you every step of the way!",,,,,DDGS,[],"{'phones': [], 'emails': [], 'whatsapp': [], 'mpesa_paybill_or_till': []}","['customer care', 'support']",[],False,[],Auto-detected via DDGS search,Public data only - no ToS violations,"{'fake_contacts': False, 'numbered_name': False, 'unauthorized_group': False}"
Group,Need assistance with your M-Gas? Call us,https://www.facebook.com/groups/957825675925241/posts/1123317796042694/,,16,Likely Impersonator,False,,"Need assistance with your M-Gas ? Call us at 0111944487,or Any inquiry of our services. our dedicated customer care team is ready to support you ...",,,,,DDGS,[],"{'phones': ['0111944487'], 'emails': [], 'whatsapp': [], 'mpesa_paybill_or_till': []}","['customer care', 'support']",['0111944487'],False,[],Auto-detected via DDGS search,Public data only - no ToS violations,"{'fake_contacts': True, 'numbered_name': False, 'unauthorized_group': True}"
Page,Una swali kuhusu M-Gas yako? Tupigie bila malipo kwa ...,https://www.facebook.com/MGasKenya/posts/una-swali-kuhusu-m-gas-yako-tupigie-bila-malipo-kwa-0800-721-148team-yetu-ya-cus/599239769524890/,,0,Low Risk/Unrelated,False,,Una swali kuhusu M-Gas yako? Tupigie bila malipo kwa 0800 721 148—team yetu ya customer care iko tayari kukusaidia kila hatua! #MGasSafety.,,,,,DDGS,[],"{'phones': [], 'emails': [], 'whatsapp': [], 'mpesa_paybill_or_till': []}",['customer care'],[],False,[],Auto-detected via DDGS search,Public data only - no ToS violations,"{'fake_contacts': False, 'numbered_name': False, 'unauthorized_group': False}"
Page,Need assistance with your M-Gas? Call us at 0800 721 ...,https://www.facebook.com/MGasKenya/posts/need-assistance-with-your-m-gas-call-us-at-0800-721-148-our-dedicated-customer-c/571958275586373/,,0,Low Risk/Unrelated,False,,"Need assistance with your M-Gas ? Call us at 0800 721 148, our dedicated customer care team is ready to support you every step of the way!",,,,,DDGS,[],"{'phones': [], 'emails': [], 'whatsapp': [], 'mpesa_paybill_or_till': []}","['customer care', 'support']",[],False,[],Auto-detected via DDGS search,Public data only - no ToS violations,"{'fake_contacts': False, 'numbered_name': False, 'unauthorized_group': False}"
Group,Need assistance with your M-Gas? Call us,https://www.facebook.com/groups/957825675925241/posts/1123317796042694/,,16,Likely Impersonator,False,,"Need assistance with your M-Gas ? Call us at 0111944487,or Any inquiry of our services. our dedicated customer care team is ready to support ...",,,,,DDGS,[],"{'phones': ['0111944487'], 'emails': [], 'whatsapp': [], 'mpesa_paybill_or_till': []}","['customer care', 'support']",['0111944487'],False,[],Auto-detected via DDGS search,Public data only - no ToS violations,"{'fake_contacts': True, 'numbered_name': False, 'unauthorized_group': True}"
Page,M-Gas - Did you know that our self-support USSD allows ...,https://www.facebook.com/photo.php?fbid=304518022330401&id=100083166169294&set=a.125748330207372,photo.php?fbid=304518022330401&id=100083166169294&set=a.125748330207372,16,Likely Impersonator,False,,"M-Gas - Did you know that our self- support USSD allows you to access our services such as buying gas, and checking balance, in the comfort ...",,,,,DDGS,[],"{'phones': [], 'emails': [], 'whatsapp': [], 'mpesa_paybill_or_till': []}",['support'],[],False,[],Auto-detected via DDGS search,Public data only - no ToS violations,"{'fake_contacts': False, 'numbered_name': False, 'unauthorized_group': False}"
Page,"M-gas Masagana, Argas, Prycegas and Superkalan Shine LPG …",https://www.facebook.com/ArgasPrycegasMgasShinegasDealer/,,0,Low Risk/Unrelated,False,,"M-gas Masagana, Argas, Prycegas and Superkalan Shine LPG Tank. 1,802 likes · 1 talking about this. We deliver along NAIC CAVITE LPG SGAS ARGAS PRYCE GAS...",,,,,DDGS,[],"{'phones': [], 'emails': [], 'whatsapp': [], 'mpesa_paybill_or_till': []}",[],[],False,[],Auto-detected via DDGS search,Public data only - no ToS violations,"{'fake_contacts': False, 'numbered_name': False, 'unauthorized_group': False}"
Page,Your safety is... - M-Gas Franchising Philippines | Facebook,https://www.facebook.com/MGASFranchising/posts/your-safety-is-everything-a-friendly-reminder-to-only-buy-your-refills-from-auth/1014556045764181/,,16,Likely Impersonator,False,,"Jan 31, 2022 · Your safety is EVERYTHING. 💯 A friendly reminder to only buy your refills from authorized distributors to ensure your tanks are new, well maintained and...",,,,,DDGS,[],"{'phones': [], 'emails': [], 'whatsapp': [], 'mpesa_paybill_or_till': []}",['authorized'],[],False,[],Auto-detected via DDGS search,Public data only - no ToS violations,"{'fake_contacts': False, 'numbered_name': False, 'unauthorized_group': False}"
Page,"Samuel Grenier, page publique | See I'm at the gas station ...",https://www.facebook.com/reel/656777807218189/,,0,Low Risk/Unrelated,False,,See I'm at the gas station right now and I just filled up gas and Eric Duhaime was teaching us this morning on my live that because I put sixty five liters of gas in my car um I paid 30 cents extra …,,,,,DDGS,[],"{'phones': [], 'emails': [], 'whatsapp': [], 'mpesa_paybill_or_till': []}",[],[],False,[],Auto-detected via DDGS search,Public data only - no ToS violations,"{'fake_contacts': False, 'numbered_name': False, 'unauthorized_group': False}"
Page,SAFARICOM M-GAS AGENT - Facebook,https://www.facebook.com/safaricommgasagent/,,0,Low Risk/Unrelated,False,,SAFARICOM M - GAS AGENT is on Facebook. Join Facebook to connect with SAFARICOM M - GAS AGENT and others you may know. Facebook gives people the power to...,,,,,DDGS,[],"{'phones': [], 'emails': [], 'whatsapp': [], 'mpesa_paybill_or_till': []}",['agent'],[],False,[],Auto-detected via DDGS search,Public data only - no ToS violations,"{'fake_contacts': False, 'numbered_name': False, 'unauthorized_group': False}"
Page,M-GAS Kenya LTD Agent Call 0103676804 | Westlands - Facebook,https://www.facebook.com/61552820712644/,,16,Likely Impersonator,False,,"M - GAS Kenya LTD Agent Call 0103676804, Westlands. 14 likes · 161 talking about this. Home Businesses",,,,,DDGS,[],"{'phones': ['0103676804'], 'emails': [], 'whatsapp': [], 'mpesa_paybill_or_till': []}",['agent'],"['0103676804', '0103676804']",False,[],Auto-detected via DDGS search,Public data only - no ToS violations,"{'fake_contacts': True, 'numbered_name': False, 'unauthorized_group': False}"
Group,M-GAS MARKETPLACE (+254107453715) | Facebook,https://www.facebook.com/groups/954366519042739/posts/1331643561315031/,,16,Likely Impersonator,False,,Any M Gas agent in Bomet Řeian Jee 1 1 Prince Savage Apr 6,,,,,DDGS,[],"{'phones': [], 'emails': [], 'whatsapp': [], 'mpesa_paybill_or_till': []}",['agent'],['0107453715'],False,[],Auto-detected via DDGS search,Public data only - no ToS violations,"{'fake_contacts': True, 'numbered_name': False, 'unauthorized_group': True}"
Page,M-Gas 📍: #Nairobi #Internship ⏱️ Deadline: 11th Aug ...,https://www.facebook.com/campusbizke/posts/-hr-digital-and-engagement-internship-m-gas-nairobi-internship-️-deadline-11th-a/1089234726681358/,,16,Likely Impersonator,False,,HR Digital and Engagement Internship : M-Gas : #Nairobi #Internship ⏱️ Deadline: 11th Aug 2025 Apply >>: https://campusbiz.co.,,,,,DDGS,[],"{'phones': [], 'emails': [], 'whatsapp': [], 'mpesa_paybill_or_till': []}",[],[],False,[],Auto-detected via DDGS search,Public data only - no ToS violations,"{'fake_contacts': False, 'numbered_name': False, 'unauthorized_group': False}"
Page,Congratulations M-Gas on becoming seamless! Your HR ...,https://m.facebook.com/seamlesshrlimited/videos/congratulations-m-gas-on-becoming-seamless-your-hr-functions-just-got-a-whole-lo/461978979957015/,,0,Low Risk/Unrelated,False,,"Congratulations M-Gas on becoming seamless! Your HR functions just got a whole lot simpler, faster, and more efficient! Click the link below to become seamless ...",,,,,DDGS,[],"{'phones': [], 'emails': [], 'whatsapp': [], 'mpesa_paybill_or_till': []}",[],[],False,[],Auto-detected via DDGS search,Public data only - no ToS violations,"{'fake_contacts': False, 'numbered_name': False, 'unauthorized_group': False}"
Page,M-Gas,https://www.facebook.com/MGasKenya/posts/we-are-hiring-in-nairobim-gas-is-seeking-motivated-and-dynamic-individuals-in-na/586877434094457/,,0,Low Risk/Unrelated,False,,M-Gas okay thanks m-gas campany. 8 mos. M-Gas . Pesi Simon you ... HR team once shortlisted applicants are contacted. 8 mos. Quincy ...,,,,,DDGS,[],"{'phones': [], 'emails': [], 'whatsapp': [], 'mpesa_paybill_or_till': []}",[],[],False,[],Auto-detected via DDGS search,Public data only - no ToS violations,"{'fake_contacts': False, 'numbered_name': False, 'unauthorized_group': False}"
Page,"M-Gas - We're hiring! To apply, visit our careers website...",https://www.facebook.com/MGasKenya/posts/were-hiring-to-apply-visit-our-careers-website-or-click-on-the-link-httpscareers/250210607761143/,,16,Likely Impersonator,False,,"Jul 10, 2023 · We're hiring! To apply, visit our careers website or click on the link https:// careers . mgas .ke/ #FurahiaUpishiWako #cleancooking #affordablecooking #MGas",,,,,DDGS,[],"{'phones': [], 'emails': [], 'whatsapp': [], 'mpesa_paybill_or_till': []}",[],[],False,[],Auto-detected via DDGS search,Public data only - no ToS violations,"{'fake_contacts': False, 'numbered_name': False, 'unauthorized_group': False}"
Page,"M-Gas - Facebook M-Gas - We're hiring in Kangemi! To apply, visit our careers ... M-GAS COMPANY LTD 0787813153 | We're hiring! To apply, visit ... Samuel Namunga - We're hiring in Kakamega! To apply, visit... Lawyers Rule!! (Original) | https://careers.mgas.ke/careers ... Ndarugu Ward United Forum | https://careers.mgas.ke/careers ...",https://www.facebook.com/MGasKenya/,,16,Likely Impersonator,False,,"M - Gas . 54,749 likes · 271 talking about this. M - Gas is changing lives by providing pay-as-you-go cooking gas to all Kenyans. Jul 17, 2023 · We're hiring in Kangemi! To apply, visit our careers we",,,,,DDGS,[],"{'phones': [], 'emails': [], 'whatsapp': [], 'mpesa_paybill_or_till': []}",[],['0787813153'],False,[],Auto-detected via DDGS search,Public data only - no ToS violations,"{'fake_contacts': True, 'numbered_name': False, 'unauthorized_group': False}"
Page,"M-Gas - We're hiring in Kangemi! To apply, visit our careers ...",https://www.facebook.com/MGasKenya/photos/were-hiring-in-kangemi-to-apply-visit-our-careers-website-or-click-on-the-link-h/254082490707288/,,16,Likely Impersonator,False,,"Jul 17, 2023 · We're hiring in Kangemi! To apply, visit our careers website or click on the link https:// careers . mgas .ke/ #jobsinkenya #IkoKaziKE #FurahiaUpishiWako...",,,,,DDGS,[],"{'phones': [], 'emails': [], 'whatsapp': [], 'mpesa_paybill_or_till': []}",[],[],False,[],Auto-detected via DDGS search,Public data only - no ToS violations,"{'fake_contacts': False, 'numbered_name': False, 'unauthorized_group': False}"
Group,charcoal stove promo is,https://www.facebook.com/groups/307365138803135/posts/charcoal-stove-promo-is-still-going-onprice-is-large-3100medium-2600small-1850no/708675682005410/,,16,Likely Impersonator,False,,CHARCOAL STOVE PROMO IS STILL GOING ON!!! Price is Large 3100 ... M-GAS KENYA PIKA BILA STRESS ..⭐Call:+ ...,,,,,DDGS,[],"{'phones': [], 'emails': [], 'whatsapp': [], 'mpesa_paybill_or_till': []}",['promo'],[],False,[],Auto-detected via DDGS search,Public data only - no ToS violations,"{'fake_contacts': False, 'numbered_name': False, 'unauthorized_group': False}"
Group,M GAS KENYA PIKA BILA STRESS 2️⃣ Burners=@550 ...,https://www.facebook.com/groups/878566720242965/posts/1506157904150507/,,16,Likely Impersonator,False,,"M GAS KENYA PIKA BILA STRESS 2️⃣ Burners=@550 3️⃣ Burners ... PROMO PROMO PROMO pics, (08123504984).50% Promo is going on ...",,,,,DDGS,[],"{'phones': ['0812350498'], 'emails': [], 'whatsapp': [], 'mpesa_paybill_or_till': []}",['promo'],['0812350498'],False,[],Auto-detected via DDGS search,Public data only - no ToS violations,"{'fake_contacts': True, 'numbered_name': False, 'unauthorized_group': True}"
Group,We Are Giving You M-gas Cylinder Of 13Kg With 2 Burners ...,https://www.facebook.com/groups/613972561204927/posts/658667833402066/,,16,Likely Impersonator,False,,"Promo ... Promo ... Promo MR'S GRACE CYLINDER GAS COMPANY 07071369668 ... , M GAS KENYA PIKA BILA STRESS 2️⃣ Burners=@550 3️⃣ Burners ...",,,,,DDGS,[],"{'phones': ['0707136966'], 'emails': [], 'whatsapp': [], 'mpesa_paybill_or_till': []}",['promo'],['0707136966'],False,[],Auto-detected via DDGS search,Public data only - no ToS violations,"{'fake_contacts': True, 'numbered_name': False, 'unauthorized_group': True}"
Group,M-GAS KENYA LIMITED CALL (0784860605) | ANGUKIA OFFERS …,https://www.facebook.com/groups/653145767783316/posts/709698335461392/,,16,Likely Impersonator,False,,"ANGUKIA OFFERS ZA #MGAS. DEPOSIT, (1) burners 550 shillings (2) Weekly Installment 35Bob. CALL US TODAY...",,,,,DDGS,[],"{'phones': [], 'emails': [], 'whatsapp': [], 'mpesa_paybill_or_till': []}",[],['0784860605'],False,[],Auto-detected via DDGS search,Public data only - no ToS violations,"{'fake_contacts': True, 'numbered_name': False, 'unauthorized_group': True}"
Group,MGAS MKOPO 0106948302 | @highlight offer offers ... - Facebook,https://www.facebook.com/groups/781287047215225/posts/1024560116221249/,,16,Likely Impersonator,False,,"@highlight offer offers with only 550 tunakuletea MGAS mpaka nyumbani, call or WhatsApp us on 0106948302 utakua ukilipia 25 per day order today and...",,,,,DDGS,[],"{'phones': ['0106948302'], 'emails': [], 'whatsapp': [], 'mpesa_paybill_or_till': []}",[],"['0106948302', '0106948302']",False,[],Auto-detected via DDGS search,Public data only - no ToS violations,"{'fake_contacts': True, 'numbered_name': False, 'unauthorized_group': True}"
Group,M-GAS KENYA LIMITED (0113986554) | ANGUKIA OFFERS …,https://www.facebook.com/groups/1441100829930644/posts/1605724880134904/,,16,Likely Impersonator,False,,M-GAS KENYA LIMITED (0113986554) | ANGUKIA OFFERS ZA M-GAS 5.5K Members M-gas Kenya ON M-GAS KENYA LIMITED (0113986554) Admin Mar 24 ANGUKIA OFFERS …,,,,,DDGS,[],"{'phones': ['0113986554', '0113986554'], 'emails': [], 'whatsapp': [], 'mpesa_paybill_or_till': []}",[],"['0113986554', '0113986554', '0113986554']",False,[],Auto-detected via DDGS search,Public data only - no ToS violations,"{'fake_contacts': True, 'numbered_name': False, 'unauthorized_group': True}"
Page,M Gas Kenya - Facebook,https://www.facebook.com/61573685076479/,,0,Low Risk/Unrelated,False,,"M Gas Kenya May 13 Tumefungua Nanyuki!😁 Pata M-Gas yako leo and get a chance to cook for your loved ones this festive season bila stress, usipitwe! To learn more about M-Gas, call …",,,,,DDGS,[],"{'phones': [], 'emails': [], 'whatsapp': [], 'mpesa_paybill_or_till': []}",[],[],False,[],Auto-detected via DDGS search,Public data only - no ToS violations,"{'fake_contacts': False, 'numbered_name': False, 'unauthorized_group': False}"
Page,M-Gas - Need assistance with your M-Gas? Call us at 0800...,https://www.facebook.com/MGasKenya/posts/571958275586373/,,0,Low Risk/Unrelated,False,,"Need assistance with your M-Gas? Call us at 0800 721 148, our dedicated customer care team is ready to support you every step of the way!...",,,,,DDGS,[],"{'phones': [], 'emails': [], 'whatsapp': [], 'mpesa_paybill_or_till': []}","['customer care', 'support']",[],False,[],Auto-detected via DDGS search,Public data only - no ToS violations,"{'fake_contacts': False, 'numbered_name': False, 'unauthorized_group': False}"
Page,M-Gas - Facebook,https://www.facebook.com/MGasKenya/,,0,Low Risk/Unrelated,True,,"M-Gas. 54,749 likes · 271 talking about this. M-Gas is changing lives by providing pay-as-you-go cooking gas to all Kenyans.",,,,,DDGS,[],"{'phones': [], 'emails': [], 'whatsapp': [], 'mpesa_paybill_or_till': []}",[],[],False,[],Auto-detected via DDGS search,Public data only - no ToS violations,"{'fake_contacts': False, 'numbered_name': False, 'unauthorized_group': False}"
Group,MGAS KENYA QUICK RESPONSE CUSTOMER SUPPORT,https://www.facebook.com/groups/3644210639219066/,,16,Likely Impersonator,False,,"MGAS KENYA QUICK RESPONSE CUSTOMER SUPPORT > Public group · 28 members Join group About this group If you are unable to locate my message, kindly use …",,,,,DDGS,[],"{'phones': [], 'emails': [], 'whatsapp': [], 'mpesa_paybill_or_till': []}",['support'],[],False,[],Auto-detected via DDGS search,Public data only - no ToS violations,"{'fake_contacts': False, 'numbered_name': False, 'unauthorized_group': True}"
Page,MGAS CUSTOMER SUPPORT - Facebook,https://www.facebook.com/mgas.kenya.care/,,0,Low Risk/Unrelated,False,,MGAS CUSTOMER SUPPORT is on Facebook. Join Facebook to connect with MGAS CUSTOMER SUPPORT and others you may know. Facebook gives people the power to...,,,,,DDGS,[],"{'phones': [], 'emails': [], 'whatsapp': [], 'mpesa_paybill_or_till': []}",['support'],[],False,[],Auto-detected via DDGS search,Public data only - no ToS violations,"{'fake_contacts': False, 'numbered_name': False, 'unauthorized_group': False}"
Group,NEW THOME WA KANZIKO | Facebook,https://www.facebook.com/groups/1893650024182070/,,16,Likely Impersonator,False,,#MGAS #agent #0103676804 REQUIREMENTS FOR PURCHASING M-GAS ARE: Original National ID Safaricom Line Deposit Of Ksh 550 Weekly Installments Of Ksh 35 2 Years …,,,,,DDGS,[],"{'phones': ['0103676804'], 'emails': [], 'whatsapp': [], 'mpesa_paybill_or_till': []}",['agent'],['0103676804'],False,[],Auto-detected via DDGS search,Public data only - no ToS violations,"{'fake_contacts': True, 'numbered_name': False, 'unauthorized_group': False}"
Group,ATHIRIVER KITENGELA ONLINE MARKET | Airbnb Kitengela - Facebook,https://www.facebook.com/groups/Athiriver/posts/24569357419366624/,,0,Low Risk/Unrelated,False,,"Aug 31, 2025 · - Pressure pump refills the top tank automatically. - Reliable water supply available 24/7. - Common perimeter electric fence. - Security lights all round the compound.# kenya #sabaki#l",,,,,DDGS,[],"{'phones': [], 'emails': [], 'whatsapp': [], 'mpesa_paybill_or_till': []}",['official'],[],False,[],Auto-detected via DDGS search,Public data only - no ToS violations,"{'fake_contacts': False, 'numbered_name': False, 'unauthorized_group': False}"
Page,M-GAS Kenya LTD Agent Call 0103676804 | Westlands - Facebook,https://www.facebook.com/61552820712644/,,16,Likely Impersonator,False,,"M-GAS Kenya LTD Agent Call 0103676804, Westlands. 14 likes · 161 talking about this. Home Businesses",,,,,DDGS,[],"{'phones': ['0103676804'], 'emails': [], 'whatsapp': [], 'mpesa_paybill_or_till': []}",['agent'],"['0103676804', '0103676804']",False,[],Auto-detected via DDGS search,Public data only - no ToS violations,"{'fake_contacts': True, 'numbered_name': False, 'unauthorized_group': False}"
Group,KENYAN ENTREPRENEURS IN DIASPORA | M GAS KENYA,https://www.facebook.com/groups/1478775132392868/posts/3920559111547779/,,16,Likely Impersonator,False,,M GAS KENYA PIKA KILA WAKATI...CALL.AGENT JIMMY CLIFF☎️..0100136093 SAFARICOM M GAS IS A SAFARICOM SPONSORED GAS ️ M GAS DEPOSIT 550 KSH …,,,,,DDGS,[],"{'phones': ['0100136093'], 'emails': [], 'whatsapp': [], 'mpesa_paybill_or_till': []}",['agent'],['0100136093'],False,[],Auto-detected via DDGS search,Public data only - no ToS violations,"{'fake_contacts': True, 'numbered_name': False, 'unauthorized_group': True}"
Group,NEW THOME WA KANZIKO | Facebook,https://www.facebook.com/groups/1893650024182070/,,16,Likely Impersonator,False,,#MGAS #agent #0103676804 REQUIREMENTS FOR PURCHASING M-GAS ARE: Original National ID Safaricom Line Deposit Of Ksh 550 Weekly Installments Of Ksh 35 2 Years …,,,,,DDGS,[],"{'phones': ['0103676804'], 'emails': [], 'whatsapp': [], 'mpesa_paybill_or_till': []}",['agent'],['0103676804'],False,[],Auto-detected via DDGS search,Public data only - no ToS violations,"{'fake_contacts': True, 'numbered_name': False, 'unauthorized_group': False}"
Group,NAKURU BUYING AND SELLING LEGIT SECOND HAND …,https://www.facebook.com/groups/758358989008652/posts/1330249241819621/,,16,Likely Impersonator,False,,"1 hr Kuhana Atia Hii sio hiyo kabarabara kanatokea main ya naiswet 1 hr 1 Kibet Terer Torkotin Lakini hata watu wanaharibu barabara now days, unapata mtu mwenye ako site ya chini …",,,,,DDGS,[],"{'phones': [], 'emails': [], 'whatsapp': [], 'mpesa_paybill_or_till': []}",[],[],False,[],Auto-detected via DDGS search,Public data only - no ToS violations,"{'fake_contacts': False, 'numbered_name': False, 'unauthorized_group': False}"
Group,Tvs and accessories | Heavy duty and industrial use Italian ...,https://www.facebook.com/groups/243925403509550/posts/1458213798747365/,,16,Likely Impersonator,False,,"M-GAS KENYA LIMITED 0784 920818 ️𝐃𝐞𝐩𝐨𝐬𝐢𝐲 𝐊𝐬𝐡.550/= ️𝐖𝐞𝐞𝐤𝐥𝐲 𝐊𝐬𝐡.35/= ️𝐓𝐰𝐨 𝐖𝐞𝐞𝐤𝐬 𝐅𝐫𝐞𝐞 𝐔𝐬𝐚𝐠𝐞 ️𝐅𝐫𝐞𝐞 𝐓-𝐒𝐡𝐢𝐫𝐭,𝐔𝐦𝐛𝐫𝐞𝐥𝐥𝐚, & 𝐋𝐢𝐪𝐮𝐢𝐝 𝐒𝐨𝐚𝐩",,,,,DDGS,[],"{'phones': [], 'emails': [], 'whatsapp': [], 'mpesa_paybill_or_till': []}",[],['0784920818'],False,[],Auto-detected via DDGS search,Public data only - no ToS violations,"{'fake_contacts': True, 'numbered_name': False, 'unauthorized_group': False}"
Page,"M-Gas - Facebook M-Gas - We're hiring! To apply, visit our careers ... - Facebook M-Gas - We're hiring in Kangemi! To apply, visit our careers ... Sharon Gas Profiles - Facebook",https://www.facebook.com/MGasKenya/,,0,Low Risk/Unrelated,False,,"ke/ careers /Job Links: https://mgas.seamlesshiring. com/h/advanced#/jobs Nickens Nickens and 150 others 151 94 M- Gas Jul 10 Pika smart na M - Gas clean, safe, na perfect kwa kila meal. For more info",,,,,DDGS,[],"{'phones': [], 'emails': [], 'whatsapp': [], 'mpesa_paybill_or_till': []}",[],[],False,[],Auto-detected via DDGS search,Public data only - no ToS violations,"{'fake_contacts': False, 'numbered_name': False, 'unauthorized_group': False}"
Page,"M-Gas - We're hiring! To apply, visit our careers ... - Facebook",https://www.facebook.com/MGasKenya/photos/were-hiring-to-apply-visit-our-careers-website-or-click-on-the-link-httpscareers/250210587761145/,,16,Likely Impersonator,False,,"Jul 10, 2023 · We're hiring! To apply, visit our careers website or click on the link https:// careers .mgas.ke/ #FurahiaUpishiWako #cleancooking #affordablecooking #MGas",,,,,DDGS,[],"{'phones': [], 'emails': [], 'whatsapp': [], 'mpesa_paybill_or_till': []}",[],[],False,[],Auto-detected via DDGS search,Public data only - no ToS violations,"{'fake_contacts': False, 'numbered_name': False, 'unauthorized_group': False}"
Page,"M-Gas - We're hiring in Kangemi! To apply, visit our careers ...",https://www.facebook.com/MGasKenya/photos/were-hiring-in-kangemi-to-apply-visit-our-careers-website-or-click-on-the-link-h/254082490707288/,,16,Likely Impersonator,False,,"Jul 17, 2023 · We're hiring in Kangemi! To apply, visit our careers website or click on the link https:// careers . mgas .ke/ #jobsinkenya #IkoKaziKE #FurahiaUpishiWako...",,,,,DDGS,[],"{'phones': [], 'emails': [], 'whatsapp': [], 'mpesa_paybill_or_till': []}",[],[],False,[],Auto-detected via DDGS search,Public data only - no ToS violations,"{'fake_contacts': False, 'numbered_name': False, 'unauthorized_group': False}"
Page,Huge moving sale. Make offers - Facebook,https://www.facebook.com/marketplace/item/1056932299939082/,,16,Likely Impersonator,False,,Please dm for prices and or make offer - all must go! Thanks for looking shoes are new size 11 women - $40 Wall art make offers Round wood Table $60 All Asian statues are $20 and up or …,,,,,DDGS,[],"{'phones': [], 'emails': [], 'whatsapp': [], 'mpesa_paybill_or_till': []}",[],[],False,[],Auto-detected via DDGS search,Public data only - no ToS violations,"{'fake_contacts': False, 'numbered_name': False, 'unauthorized_group': False}"
Page,Must Sell - Make Offers - Facebook,https://www.facebook.com/commerce/listing/1305861917875215/,,16,Likely Impersonator,False,,"$1 per item · In Stock Listed on Friday in Garden City, MO Description Make offers Must pick up in Garden City MO this weekend CASH ONLY More items in separate listing",,,,,DDGS,[],"{'phones': [], 'emails': [], 'whatsapp': [], 'mpesa_paybill_or_till': []}",[],[],False,[],Auto-detected via DDGS search,Public data only - no ToS violations,"{'fake_contacts': False, 'numbered_name': False, 'unauthorized_group': False}"
Page,"Make offers ! Gown, casual wear, swimsuits - Facebook",https://www.facebook.com/marketplace/item/1105158138140159/,,16,Likely Impersonator,False,,"Make offers! More posted in comments. Everything is size 0-2 unless otherwise states. Custom Green gown. Cape is removable. Originally $1300, make an offer. Made by Ebonee Louis. …",,,,,DDGS,[],"{'phones': [], 'emails': [], 'whatsapp': [], 'mpesa_paybill_or_till': []}",[],[],False,[],Auto-detected via DDGS search,Public data only - no ToS violations,"{'fake_contacts': False, 'numbered_name': False, 'unauthorized_group': False}"
Page,Mgas Upishi Smart Ke - Facebook,https://www.facebook.com/people/Mgas-Upishi-Smart-Ke/61559184901854/,,16,Likely Impersonator,False,,"Nov 22, 2024 · to serve you. For any customer service needs, call us on our toll- free Customer Care number at 0105 004775 chat with us on WhatsApp at 0106 791056 or email us at customercare @ mgas .k",,,,,DDGS,[],"{'phones': [], 'emails': [], 'whatsapp': [], 'mpesa_paybill_or_till': []}",['customer care'],"['0105004775', '0106791056']",False,[],Auto-detected via DDGS search,Public data only - no ToS violations,"{'fake_contacts': True, 'numbered_name': False, 'unauthorized_group': False}"
Page,"M-Gas - Facebook M-Gas - Tumefika Kitengela! You can now get to enjoy... Mgas Upishi Smart - Facebook M-Gas - Pika smart na M-Gas clean, safe, na perfect kwa ... M-gas Kenyan - Facebook",https://www.facebook.com/MGasKenya/,,16,Likely Impersonator,False,,mgas .ke M - Gas Aug 15 Are you passionate about creating sustainable impact and driving results ? We’re looking for enthusiastic personnel to join our growing team! What You’ll Do: Pitch and sell our,,,,,DDGS,[],"{'phones': ['0800721148', '0105004775', '0106252780'], 'emails': [], 'whatsapp': [], 'mpesa_paybill_or_till': []}",['customer care'],"['0800721148', '0105004775', '0106252780', '0102975224']",False,[],Auto-detected via DDGS search,Public data only - no ToS violations,"{'fake_contacts': True, 'numbered_name': False, 'unauthorized_group': False}"
Page,Mgas Upishi Smart - Facebook,https://www.facebook.com/people/Mgas-Upishi-Smart/61558534593897/,,16,Likely Impersonator,False,,huduma zetu popote ulipo 💪tupigie simu kupitia CUSTOMER CARE HELPLINE 0105004775 ama WhatsApp 0106252780 ilikupokea huduma zetu popote ulipo#FurahiaUpishiWako#affordablecooking#M_Gas,,,,,DDGS,[],"{'phones': ['0105004775', '0106252780'], 'emails': [], 'whatsapp': [], 'mpesa_paybill_or_till': []}",['customer care'],"['0105004775', '0106252780']",False,[],Auto-detected via DDGS search,Public data only - no ToS violations,"{'fake_contacts': True, 'numbered_name': False, 'unauthorized_group': False}"
Page,Alga cloth | Tanda - Facebook,https://www.facebook.com/61566467623470/,,0,Low Risk/Unrelated,False,,"Nov 13, 2024 · cleaning agent, has been used in households and industries for years. However, its applications go far beyond the confines of home cleaning. With its ability to kill bacteria, …",,,,,DDGS,[],"{'phones': [], 'emails': [], 'whatsapp': [], 'mpesa_paybill_or_till': []}",['agent'],[],False,[],Auto-detected via DDGS search,Public data only - no ToS violations,"{'fake_contacts': False, 'numbered_name': False, 'unauthorized_group': False}"
Page,Launcher - Facebook,https://www.facebook.com/people/Launcher/100078272850239/,,16,Likely Impersonator,False,,"Jul 11, 2023 · AGENT PALING CUAN NGAK NGERTI LAGI SAMA SI KAKEK GACOR SATU INI DAH.. MEMANG CUAN BANGET DAH - …",,,,,DDGS,[],"{'phones': [], 'emails': [], 'whatsapp': [], 'mpesa_paybill_or_till': []}",['agent'],[],False,[],Auto-detected via DDGS search,Public data only - no ToS violations,"{'fake_contacts': False, 'numbered_name': False, 'unauthorized_group': False}"
Page,Skyland Net Management | Semarang - Facebook,https://www.facebook.com/skylandteam/,,0,Low Risk/Unrelated,False,,"Aug 1, 2024 · Skyland Net Management, Semarang. 4,723 likes · 1 talking about this · 228 were here. Semarang Jl. Durian Raya 73.Banyumanik Jl. Arteri soekarno hatta no7 Jl. Keludraya …",,,,,DDGS,[],"{'phones': [], 'emails': [], 'whatsapp': [], 'mpesa_paybill_or_till': []}",[],[],False,[],Auto-detected via DDGS search,Public data only - no ToS violations,"{'fake_contacts': False, 'numbered_name': False, 'unauthorized_group': False}"
Page,M-Gas - Facebook,https://www.facebook.com/MGasKenya/,,0,Low Risk/Unrelated,False,,mgas.ke M-Gas Aug 15 Are you passionate about creating sustainable impact and driving results ? We’re looking for enthusiastic personnel to join our growing team! What You’ll …,,,,,DDGS,[],"{'phones': [], 'emails': [], 'whatsapp': [], 'mpesa_paybill_or_till': []}",[],[],False,[],Auto-detected via DDGS search,Public data only - no ToS violations,"{'fake_contacts': False, 'numbered_name': False, 'unauthorized_group': False}"
Page,"M-Gas - We're hiring! To apply, visit our careers ... - Facebook",https://www.facebook.com/MGasKenya/photos/were-hiring-to-apply-visit-our-careers-website-or-click-on-the-link-httpscareers/250210587761145/,,16,Likely Impersonator,False,,"Jul 10, 2023 · We're hiring! To apply, visit our careers website or click on the link https://careers.mgas.ke/ #FurahiaUpishiWako #cleancooking #affordablecooking #MGas",,,,,DDGS,[],"{'phones': [], 'emails': [], 'whatsapp': [], 'mpesa_paybill_or_till': []}",[],[],False,[],Auto-detected via DDGS search,Public data only - no ToS violations,"{'fake_contacts': False, 'numbered_name': False, 'unauthorized_group': False}"
Group,"M-GAS COMPANY LTD 0787813153 | We're hiring! To apply, visit ...",https://www.facebook.com/groups/1416701029150257/posts/1504524563701236/,,16,Likely Impersonator,False,,"We're hiring! To apply, visit our careers website or click on the link https://careers.mgas.ke/ #FurahiaUpishiWako #cleancooking #affordablecooking #MGas",,,,,DDGS,[],"{'phones': [], 'emails': [], 'whatsapp': [], 'mpesa_paybill_or_till': []}",[],['0787813153'],False,[],Auto-detected via DDGS search,Public data only - no ToS violations,"{'fake_contacts': True, 'numbered_name': False, 'unauthorized_group': True}"
Group,Jikokoa and kuniokoa Kenya supply | #PROMO!..PROMO!!..PROMO,https://www.facebook.com/groups/1202896060426633/posts/1321237625259142/,,16,Likely Impersonator,False,,"Jan 8, 2024 · Josline Esendi 6d Ni ya leo 🤌Mgas kenya imekuja na offer kibao Ukiwa na deposit ya 550 pekee tunakupea gas pamoja na 13kg clynder uwe ukijilipia 25per day for 12 months Offer offer Free ",,,,,DDGS,[],"{'phones': ['0780346507'], 'emails': [], 'whatsapp': [], 'mpesa_paybill_or_till': []}",[],['0780346507'],False,[],Auto-detected via DDGS search,Public data only - no ToS violations,"{'fake_contacts': True, 'numbered_name': False, 'unauthorized_group': False}"
Group,MGAS MKOPO 0106948302 | @highlight offer offers ... - Facebook,https://www.facebook.com/groups/781287047215225/posts/1024560116221249/,,16,Likely Impersonator,False,,@highlight Ni ya leo 🤌Mgas kenya imekuja na offer kibao Ukiwa na deposit ya 550 pekee tunakupea gas pamoja na 13kg clynder uwe ukijilipia 25per day for 12 months Offer offer Free …,,,,,DDGS,[],"{'phones': [], 'emails': [], 'whatsapp': [], 'mpesa_paybill_or_till': []}",[],['0106948302'],False,[],Auto-detected via DDGS search,Public data only - no ToS violations,"{'fake_contacts': True, 'numbered_name': False, 'unauthorized_group': True}"
Group,MGAS MKOPO 0106948302 | offer offers with only 550,https://www.facebook.com/groups/781287047215225/posts/1025831539427440/,,16,Likely Impersonator,False,,"offer offers with only 550 tunakuletea MGAS mpaka nyumbani, call or WhatsApp us on 0106948302 utakua ukilipia 25 per day order today and enjoy free. 1,...",,,,,DDGS,[],"{'phones': ['0106948302'], 'emails': [], 'whatsapp': [], 'mpesa_paybill_or_till': []}",[],"['0106948302', '0106948302']",False,[],Auto-detected via DDGS search,Public data only - no ToS violations,"{'fake_contacts': True, 'numbered_name': False, 'unauthorized_group': True}"
Group,M-GAS KENYA LIMITED CALL (0784860605) | ANGUKIA OFFERS …,https://www.facebook.com/groups/653145767783316/posts/709698335461392/,,16,Likely Impersonator,False,,"ANGUKIA OFFERS ZA #MGAS. DEPOSIT, (1) burners 550 shillings (2) Weekly Installment 35Bob. CALL US TODAY...",,,,,DDGS,[],"{'phones': [], 'emails': [], 'whatsapp': [], 'mpesa_paybill_or_till': []}",[],['0784860605'],False,[],Auto-detected via DDGS search,Public data only - no ToS violations,"{'fake_contacts': True, 'numbered_name': False, 'unauthorized_group': True}"
Page,M-Gas - Facebook MGAS CUSTOMER CARE SERVICE AND ORDER PLACEMENT> - Facebook Mgas kenya call 0750279398 - Facebook Genuine M-Gas Kenya L.T.D Helpline number 0101140606 | Facebook MGAS CUSTOMER SUPPORT - Facebook M-Gas Kenya | Facebook,https://www.facebook.com/MGasKenya/,,16,Likely Impersonator,False,,"M-Gas. 54,749 likes · 271 talking about this. M-Gas is changing lives by providing pay-as-you-go cooking gas to all Kenyans. Nov 30, 2024 · Furahia Upishi poa na Mgas Kenya . Call/whatsapp 0755928849.",,,,,DDGS,[],"{'phones': ['0755928849', '0750279398', '0750279398', '0101140606', '0736965095'], 'emails': [], 'whatsapp': [], 'mpesa_paybill_or_till': []}","['customer care', 'support']","['0755928849', '0750279398', '0750279398', '0101140606', '0736965095', '0750279398', '0101140606']",False,[],Auto-detected via DDGS search,Public data only - no ToS violations,"{'fake_contacts': True, 'numbered_name': False, 'unauthorized_group': False}"
Group,MGAS CUSTOMER CARE SERVICE AND ORDER PLACEMENT> - Facebook,https://www.facebook.com/groups/907555054290862/,,16,Likely Impersonator,False,,"Nov 30, 2024 · Furahia Upishi poa na Mgas Kenya . Call/whatsapp 0755928849. We offer free delivery country wide.",,,,,DDGS,[],"{'phones': ['0755928849'], 'emails': [], 'whatsapp': [], 'mpesa_paybill_or_till': []}",[],['0755928849'],False,[],Auto-detected via DDGS search,Public data only - no ToS violations,"{'fake_contacts': True, 'numbered_name': False, 'unauthorized_group': True}"
Page,Mgas kenya call 0750279398 - Facebook,https://www.facebook.com/profile.php/?id=61576755506667,?id=61576755506667,16,Likely Impersonator,False,,Safe Cooking Solution. Built-in safety features protect your solution to keep your family safe. Never Run Out of Gas. ... 24/7 Toll-Free Customer Care . DEPOSIT 550 shillings 25 shillings every week F,,,,,DDGS,[],"{'phones': ['0750279398', '0750279398'], 'emails': [], 'whatsapp': [], 'mpesa_paybill_or_till': []}",['customer care'],"['0750279398', '0750279398', '0750279398']",False,[],Auto-detected via DDGS search,Public data only - no ToS violations,"{'fake_contacts': True, 'numbered_name': False, 'unauthorized_group': False}"
Group,MGAS KENYA QUICK RESPONSE CUSTOMER SUPPORT - Facebook,https://www.facebook.com/groups/3644210639219066/,,16,Likely Impersonator,False,,"MGAS KENYA QUICK RESPONSE CUSTOMER SUPPORT > Public group · 28 members Join group About this group If you are unable to locate my message, kindly use WhatsApp +1 (939) 234-8342 and send me a private m",,,,,DDGS,[],"{'phones': [], 'emails': [], 'whatsapp': [], 'mpesa_paybill_or_till': []}",['support'],[],False,[],Auto-detected via DDGS search,Public data only - no ToS violations,"{'fake_contacts': False, 'numbered_name': False, 'unauthorized_group': True}"
Page,MGAS CUSTOMER SUPPORT - Facebook,https://www.facebook.com/mgas.kenya.care/,,0,Low Risk/Unrelated,False,,MGAS CUSTOMER SUPPORT is on Facebook. Join Facebook to connect with MGAS CUSTOMER SUPPORT and others you may know. Facebook gives people the power to...,,,,,DDGS,[],"{'phones': [], 'emails': [], 'whatsapp': [], 'mpesa_paybill_or_till': []}",['support'],[],False,[],Auto-detected via DDGS search,Public data only - no ToS violations,"{'fake_contacts': False, 'numbered_name': False, 'unauthorized_group': False}"
Group,M-GAS SAFARICOM KINDLY CALL OR TEXT ON WHAT'S ...,https://www.facebook.com/groups/966324677961372/posts/1468654497728385/,,16,Likely Impersonator,False,,... Support FREE Delivery – We bring it straight to you! ... MGAS KENYA profile picture. MGAS KENYA ▻M-GAS SAFARICOM KINDLY CALL OR TEXT ON ...,,,,,DDGS,[],"{'phones': [], 'emails': [], 'whatsapp': [], 'mpesa_paybill_or_till': []}",['support'],[],False,[],Auto-detected via DDGS search,Public data only - no ToS violations,"{'fake_contacts': False, 'numbered_name': False, 'unauthorized_group': True}"
Group,ELDORET TOWN DIRECTORY AND MARKETING AGENT | MGAS KENYA ...,https://www.facebook.com/groups/145297272312347/posts/2772549106253804/,,16,Likely Impersonator,False,,MGAS KENYA SPECIAL OFFERS KWA KILA MTU? DEPOSIT IS NOW KSH.350/= DAILY PAYMENT KSH.20 BOB /= CALL US 0100594838,,,,,DDGS,[],"{'phones': ['0100594838'], 'emails': [], 'whatsapp': [], 'mpesa_paybill_or_till': []}",[],['0100594838'],False,[],Auto-detected via DDGS search,Public data only - no ToS violations,"{'fake_contacts': True, 'numbered_name': False, 'unauthorized_group': True}"
Group,GITHUNGURI DAIRY FARMERS KENYA | Super ... - Facebook,https://www.facebook.com/groups/387081183783576/posts/558256573332702/,,16,Likely Impersonator,False,,Join MGAS KENYA: 0100863356 2.3K members Join Copia offers 14K members Join CITIZEN DUKA 1.8K members Join Delamere FARM Naivasha 0753045802 GITHUNGURI DAIRY …,,,,,DDGS,[],"{'phones': ['0100863356', '0753045802'], 'emails': [], 'whatsapp': [], 'mpesa_paybill_or_till': []}",[],"['0100863356', '0753045802']",False,[],Auto-detected via DDGS search,Public data only - no ToS violations,"{'fake_contacts': True, 'numbered_name': False, 'unauthorized_group': False}"
Group,Mosoriot Nduthi Culture | Facebook,https://www.facebook.com/groups/926981005505257/,,16,Likely Impersonator,False,,M-gas 14h 0108 081345 @everyone Ni ya leo 🤌Mgas kenya imekuja na offer kibao Ukiwa na deposit ya 550 pekee tunakupea gas pamoja na 13kg clynder uwe ukijilipia 25per day for 12 …,,,,,DDGS,[],"{'phones': [], 'emails': [], 'whatsapp': [], 'mpesa_paybill_or_till': []}",[],['0108081345'],False,[],Auto-detected via DDGS search,Public data only - no ToS violations,"{'fake_contacts': True, 'numbered_name': False, 'unauthorized_group': False}"
Page,"M-Gas - We're hiring! To apply, visit our careers website...",https://www.facebook.com/MGasKenya/posts/were-hiring-to-apply-visit-our-careers-website-or-click-on-the-link-httpscareers/250210607761143/,,16,Likely Impersonator,False,,"Jul 10, 2023 · We're hiring! To apply, visit our careers website or click on the link https:// careers . mgas .ke/ #FurahiaUpishiWako #cleancooking #affordablecooking #MGas",,,,,DDGS,[],"{'phones': [], 'emails': [], 'whatsapp': [], 'mpesa_paybill_or_till': []}",[],[],False,[],Auto-detected via DDGS search,Public data only - no ToS violations,"{'fake_contacts': False, 'numbered_name': False, 'unauthorized_group': False}"
Page,"M-Gas - We're hiring! To apply, visit our careers ... - Facebook",https://www.facebook.com/MGasKenya/photos/were-hiring-to-apply-visit-our-careers-website-or-click-on-the-link-httpscareers/250210587761145/,,16,Likely Impersonator,False,,"Jul 10, 2023 · We're hiring! To apply, visit our careers website or click on the link https:// careers . mgas .ke/ #FurahiaUpishiWako #cleancooking #affordablecooking #MGas",,,,,DDGS,[],"{'phones': [], 'emails': [], 'whatsapp': [], 'mpesa_paybill_or_till': []}",[],[],False,[],Auto-detected via DDGS search,Public data only - no ToS violations,"{'fake_contacts': False, 'numbered_name': False, 'unauthorized_group': False}"
Page,"M-Gas - We're hiring in Kangemi! To apply, visit our careers ...",https://www.facebook.com/MGasKenya/photos/were-hiring-in-kangemi-to-apply-visit-our-careers-website-or-click-on-the-link-h/254082490707288/,,16,Likely Impersonator,False,,"Jul 17, 2023 · We're hiring in Kangemi! To apply, visit our careers website or click on the link https:// careers . mgas .ke/ #jobsinkenya #IkoKaziKE #FurahiaUpishiWako...",,,,,DDGS,[],"{'phones': [], 'emails': [], 'whatsapp': [], 'mpesa_paybill_or_till': []}",[],[],False,[],Auto-detected via DDGS search,Public data only - no ToS violations,"{'fake_contacts': False, 'numbered_name': False, 'unauthorized_group': False}"
