entity_type,name,url,username_or_id,risk_score,risk_label,tagline_match,category,about_snippet,followers_count,members_count,creation_date,primary_country,found_via,recent_post_examples,contact_handles_detected,suspicious_claims,fake_contact_numbers,has_numbered_name,screenshot_paths,notes,compliance_note,impersonation_flags
Page,"End of June Promo‼️ For every 1 tank of 11kg M-gas, you will ...",https://www.facebook.com/61573549531758/posts/end-of-june-promo️for-every-1-tank-of-11kg-m-gas-you-will-get-a-free-350ml-of-di/122135078354784984/,,16,Likely Impersonator,False,,"End of June Promo ‼️ For every 1 tank of 11kg M-gas , you will get a free 350ml of Dishwashing Liquid. Promo runs until supplies last. Contact# (0998) 543 0916 ...",,,,,DDGS,[],"{'phones': [], 'emails': [], 'whatsapp': [], 'mpesa_paybill_or_till': []}",['promo'],[],False,[],Auto-detected via DDGS search,Public data only - no ToS violations,"{'fake_contacts': False, 'numbered_name': False, 'unauthorized_group': False}"
Page,M-Gas Concepcion Tarlac,https://www.facebook.com/mgasconcepciontarlac/posts/avail-our-101-promo️buy-10-11-kg-m-gas-refill-and-get-1-free-for-only-php-9400ex/122113851290783567/,,0,Low Risk/Unrelated,False,,"Avail our 10+1 PROMO ‼️ Buy 10 11-kg M-gas refill and get 1 free for only PHP 9,400! ""Exact Weight is our Business."" Sto Cristo, Concepcion ...",,,,,DDGS,[],"{'phones': [], 'emails': [], 'whatsapp': [], 'mpesa_paybill_or_till': []}",['promo'],[],False,[],Auto-detected via DDGS search,Public data only - no ToS violations,"{'fake_contacts': False, 'numbered_name': False, 'unauthorized_group': False}"
Group,M-gas Kenya limited special offers,https://www.facebook.com/groups/957825675925241/posts/mgas-with-special-offers-12-bob-tu-dial-479-ku-register-for-m-gas-leo-pikakwabei/1271854731188999/,,16,Likely Impersonator,False,,MGAS With Special offers 12 bob tu! Dial *479# ku register for M-Gas leo. #PikaKwaBeiYako #FurahiaUpishiWako #MGas Call 0752611017 Deposit ...,,,,,DDGS,[],"{'phones': ['0752611017'], 'emails': [], 'whatsapp': [], 'mpesa_paybill_or_till': []}",[],['0752611017'],False,[],Auto-detected via DDGS search,Public data only - no ToS violations,"{'fake_contacts': True, 'numbered_name': False, 'unauthorized_group': True}"
Group,M-GAS SAFARICOM KINDLY CALL OR TEXT ON WHAT'S ...,https://www.facebook.com/groups/966324677961372/,,16,Likely Impersonator,False,,"M-GAS SAFARICOM KINDLY CALL OR TEXT ON WHAT'S APP 0755471873 is a ... @everyone Amazing offers just for you, Sasa 550 Pekee imetosha , Kupika Ni ...",,,,,DDGS,[],"{'phones': ['0755471873'], 'emails': [], 'whatsapp': [], 'mpesa_paybill_or_till': []}",[],['0755471873'],False,[],Auto-detected via DDGS search,Public data only - no ToS violations,"{'fake_contacts': True, 'numbered_name': False, 'unauthorized_group': True}"
Group,Mr. M's gas giveaway with cars lined up,https://www.facebook.com/groups/1115480395465731/posts/1757254114621686/,,16,Likely Impersonator,False,,Looks like Mr. M's is having a gas giveaway . . . cars are lined up for miles ... m's gas giveaway . . free gas giveaway near me. Other posts. Related groups.,,,,,DDGS,[],"{'phones': [], 'emails': [], 'whatsapp': [], 'mpesa_paybill_or_till': []}",[],[],False,[],Auto-detected via DDGS search,Public data only - no ToS violations,"{'fake_contacts': False, 'numbered_name': False, 'unauthorized_group': False}"
Group,Original National ID ✅Safaricom Line ✅Deposit Of Ksh ...,https://www.facebook.com/groups/529071958129862/posts/1458314818538900/,,16,Likely Impersonator,False,,M GAS COMPANY HELP LINE 07 56 69 27 17 we Are Giving You M ... Giveaway 10k be the lucky to win it Drop your aza now · · · Williams ...,,,,,DDGS,[],"{'phones': [], 'emails': [], 'whatsapp': [], 'mpesa_paybill_or_till': []}",[],[],False,[],Auto-detected via DDGS search,Public data only - no ToS violations,"{'fake_contacts': False, 'numbered_name': False, 'unauthorized_group': False}"
Page,Need assistance with your M-Gas? Call us at 0800 721 ...,https://www.facebook.com/photo.php?fbid=571958102253057&id=100083166169294&set=a.162860166496188,photo.php?fbid=571958102253057&id=100083166169294&set=a.162860166496188,16,Likely Impersonator,False,,"Need assistance with your M-Gas ? Call us at 0800 721 148, our dedicated customer care team is ready to support you every step of the way!",,,,,DDGS,[],"{'phones': [], 'emails': [], 'whatsapp': [], 'mpesa_paybill_or_till': []}","['customer care', 'support']",[],False,[],Auto-detected via DDGS search,Public data only - no ToS violations,"{'fake_contacts': False, 'numbered_name': False, 'unauthorized_group': False}"
Group,Need assistance with your M-Gas? Call us,https://www.facebook.com/groups/957825675925241/posts/1123317796042694/,,16,Likely Impersonator,False,,"Need assistance with your M-Gas ? Call us at 0111944487,or Any inquiry of our services. our dedicated customer care team is ready to support you ...",,,,,DDGS,[],"{'phones': ['0111944487'], 'emails': [], 'whatsapp': [], 'mpesa_paybill_or_till': []}","['customer care', 'support']",['0111944487'],False,[],Auto-detected via DDGS search,Public data only - no ToS violations,"{'fake_contacts': True, 'numbered_name': False, 'unauthorized_group': True}"
Page,Need assistance with your M-Gas? Call us at 0800 721 ...,https://www.facebook.com/MGasKenya/posts/need-assistance-with-your-m-gas-call-us-at-0800-721-148-our-dedicated-customer-c/571958275586373/,,0,Low Risk/Unrelated,False,,"Need assistance with your M-Gas ? Call us at 0800 721 148, our dedicated customer care team is ready to support you every step of the way!",,,,,DDGS,[],"{'phones': [], 'emails': [], 'whatsapp': [], 'mpesa_paybill_or_till': []}","['customer care', 'support']",[],False,[],Auto-detected via DDGS search,Public data only - no ToS violations,"{'fake_contacts': False, 'numbered_name': False, 'unauthorized_group': False}"
Group,Need assistance with your M-Gas? Call us,https://www.facebook.com/groups/957825675925241/posts/1123317796042694/,,16,Likely Impersonator,False,,"Need assistance with your M-Gas ? Call us at 0111944487,or Any inquiry of our services. our dedicated customer care team is ready to support ...",,,,,DDGS,[],"{'phones': ['0111944487'], 'emails': [], 'whatsapp': [], 'mpesa_paybill_or_till': []}","['customer care', 'support']",['0111944487'],False,[],Auto-detected via DDGS search,Public data only - no ToS violations,"{'fake_contacts': True, 'numbered_name': False, 'unauthorized_group': True}"
Page,"M-gas now, Pay Later! Get 3 LPG refills for only 50 pesos per day ...",https://m.facebook.com/mgasconcepciontarlac/posts/m-gas-now-pay-laterget-3-lpg-refills-for-only-50-pesos-per-daycontact-us-0998583/122120095448783567/,,16,Likely Impersonator,False,,"M-gas now, Pay Later! Get 3 LPG refills for only 50 pesos per day! Contact us: 09985839393 · Avail our 10+1 PROMO‼️ Buy 10 11-kg M-gas refill and get 1 free for ...",,,,,DDGS,[],"{'phones': ['0998583939'], 'emails': [], 'whatsapp': [], 'mpesa_paybill_or_till': []}",['promo'],['0998583939'],False,[],Auto-detected via DDGS search,Public data only - no ToS violations,"{'fake_contacts': True, 'numbered_name': False, 'unauthorized_group': False}"
Group,"Safaricom and M-Gas launched the revolutionary, prepaid ...",https://www.facebook.com/groups/954366519042739/posts/1170291037450285/,,16,Likely Impersonator,False,,"M-gas On Sale ▻ M-GAS MARKETPLACE (+254107453715) . Jul 10, 2024 ... Africa GAS provides comprehensive services, including refills ...",,,,,DDGS,[],"{'phones': ['+254107453715'], 'emails': [], 'whatsapp': [], 'mpesa_paybill_or_till': []}",[],['0107453715'],False,[],Auto-detected via DDGS search,Public data only - no ToS violations,"{'fake_contacts': True, 'numbered_name': False, 'unauthorized_group': True}"
Group,M GAS LIPA MOS MOS AGENT NUMBER CALL OR WHATSAPP ...,https://www.facebook.com/groups/1135545828247507/,,16,Likely Impersonator,False,,M GAS LIPA MOS MOS AGENT NUMBER CALL OR WHATSAPP US ON 01034551594 > · Ukiwa na deposit ya 550/= Unapokea m-gas yako leo kila wiki utakua unalipia 35/= Ukiwa ...,,,,,DDGS,[],"{'phones': ['0103455159'], 'emails': [], 'whatsapp': [], 'mpesa_paybill_or_till': []}",['agent'],['0103455159'],False,[],Auto-detected via DDGS search,Public data only - no ToS violations,"{'fake_contacts': True, 'numbered_name': False, 'unauthorized_group': True}"
Group,M-GAS KENYA LTD AGENT CALL (0738002423/+ ...,https://www.facebook.com/groups/289318563672325/,,16,Likely Impersonator,False,,We Are Offering M-Gas (+254738286927). At A Minimum Deposit Of 550/= You Get A 13kgs Cylinder And Two Burners Gas Cooker. @highlight M-GAS KENYA LTD AGENT CALL ...,,,,,DDGS,[],"{'phones': ['+254738286927'], 'emails': [], 'whatsapp': [], 'mpesa_paybill_or_till': []}",['agent'],"['0738002423', '0738286927']",False,[],Auto-detected via DDGS search,Public data only - no ToS violations,"{'fake_contacts': True, 'numbered_name': False, 'unauthorized_group': True}"
Group,MAKATI JOB HIRING | Facebook,https://www.facebook.com/groups/743819387078940/,,0,Low Risk/Unrelated,False,,"☑️ Preferably with HR experience, but fresh graduates are welcome to apply ☑️ Proficient in MS Office Applications ☑️ Has excellent oral and written communication skills 📌 𝗕𝗢𝗢𝗞𝗞𝗘𝗘𝗣𝗘𝗥 ☑️ Accounting Gra",,,,,DDGS,[],"{'phones': [], 'emails': [], 'whatsapp': [], 'mpesa_paybill_or_till': []}",[],[],False,[],Auto-detected via DDGS search,Public data only - no ToS violations,"{'fake_contacts': False, 'numbered_name': False, 'unauthorized_group': False}"
Page,Amos Orwa - Let's get some gas for Kanicy Kamwaosh to make ...,https://www.facebook.com/Saintamoe/posts/10230992789819396/,,16,Likely Impersonator,False,,1 day ago · Let's get some gas for Kanicy Kamwaosh to make some porridge for her child. Ongwae Kerubo Dee please refill her M-gas account . #TeamOrwa,,,,,DDGS,[],"{'phones': [], 'emails': [], 'whatsapp': [], 'mpesa_paybill_or_till': []}",[],[],False,[],Auto-detected via DDGS search,Public data only - no ToS violations,"{'fake_contacts': False, 'numbered_name': False, 'unauthorized_group': False}"
Page,"M-Gas - We're hiring! To apply, visit our careers website...",https://www.facebook.com/MGasKenya/posts/were-hiring-to-apply-visit-our-careers-website-or-click-on-the-link-httpscareers/250210607761143/,,16,Likely Impersonator,False,,"Jul 10, 2023 · We're hiring! To apply, visit our careers website or click on the link https:// careers . mgas .ke/ #FurahiaUpishiWako #cleancooking #affordablecooking #MGas",,,,,DDGS,[],"{'phones': [], 'emails': [], 'whatsapp': [], 'mpesa_paybill_or_till': []}",[],[],False,[],Auto-detected via DDGS search,Public data only - no ToS violations,"{'fake_contacts': False, 'numbered_name': False, 'unauthorized_group': False}"
Page,"M-Gas - We're hiring! To apply, visit our careers website...",https://www.facebook.com/MGasKenya/posts/were-hiring-to-apply-visit-our-careers-website-or-click-on-the-link-httpscareers/291856280263242/,,0,Low Risk/Unrelated,False,,"We're hiring! To apply, visit our careers website or click on the link: https:// careers .mgas.ke/ #IkoKaziKE #hiringnow #jobsinkenya # mgascareers ...",,,,,DDGS,[],"{'phones': [], 'emails': [], 'whatsapp': [], 'mpesa_paybill_or_till': []}",[],[],False,[],Auto-detected via DDGS search,Public data only - no ToS violations,"{'fake_contacts': False, 'numbered_name': False, 'unauthorized_group': False}"
Page,"Albay Gas Corporation - Facebook Southern Gas Corporation Mindoro Branch | Calapan - Facebook MGAS NAGA MAIN - PALIT-TANGKE PROMO for only P930.00 ... M-Gas Franchising Philippines - GRAB THE CHANCE TO ... - Facebook GRAB THE CHANCE TO WIN A... - M-Gas Franchising Philippines Tierra Nevada Marketplace&Online Store | ""One stop for all ... Be a part of the MGAS... - M-Gas Franchising Philippines",https://www.facebook.com/100063718218905/,,16,Likely Impersonator,False,,"Jun 10, 2021 · M - Gas Franchising Philippines May 21, 2021 In just 6 easy steps, you can start your franchise with M - GAS ! Catch our ongoing promo for OFWs and Frontliners with a 10% discount! Mess",,,,,DDGS,[],"{'phones': [], 'emails': [], 'whatsapp': [], 'mpesa_paybill_or_till': []}","['official', 'promo', 'support']",[],False,[],Auto-detected via DDGS search,Public data only - no ToS violations,"{'fake_contacts': False, 'numbered_name': False, 'unauthorized_group': False}"
Page,"Southern Gas Corporation Mindoro Branch | Calapan - Facebook MGAS NAGA MAIN - PALIT-TANGKE PROMO for only P930.00 ... M-Gas Franchising Philippines - GRAB THE CHANCE TO ... - Facebook GRAB THE CHANCE TO WIN A... - M-Gas Franchising Philippines Tierra Nevada Marketplace&Online Store | ""One stop for all ... Be a part of the MGAS... - M-Gas Franchising Philippines",https://www.facebook.com/OrMinIslandGas/,,0,Low Risk/Unrelated,False,,"Thank you for the trust and support, mr. Ritchard! We are here to support you throughout your M - GAS Journey. We are still open here in Calapan Oriental Mindoro be the first franshisee here in Calapa",,,,,DDGS,[],"{'phones': [], 'emails': [], 'whatsapp': [], 'mpesa_paybill_or_till': []}","['official', 'promo', 'support']",[],False,[],Auto-detected via DDGS search,Public data only - no ToS violations,"{'fake_contacts': False, 'numbered_name': False, 'unauthorized_group': False}"
Group,M-gas Kenya limited special offers,https://www.facebook.com/groups/957825675925241/posts/mgas-with-special-offers-12-bob-tu-dial-479-ku-register-for-m-gas-leo-pikakwabei/1271854731188999/,,16,Likely Impersonator,False,,MGAS With Special offers 12 bob tu! Dial *479# ku register for M-Gas leo. #PikaKwaBeiYako #FurahiaUpishiWako #MGas Call 0752611017 Deposit ...,,,,,DDGS,[],"{'phones': ['0752611017'], 'emails': [], 'whatsapp': [], 'mpesa_paybill_or_till': []}",[],['0752611017'],False,[],Auto-detected via DDGS search,Public data only - no ToS violations,"{'fake_contacts': True, 'numbered_name': False, 'unauthorized_group': True}"
Group,M-GAS KENYA LIMITED (0752611017),https://www.facebook.com/groups/957825675925241/,,16,Likely Impersonator,False,,M-GAS KENYA LIMITED is a Facebook group focused on providing pay-as-you-go cooking gas solutions to Kenyans. The group offers affordable cooking options ...,,,,,DDGS,[],"{'phones': [], 'emails': [], 'whatsapp': [], 'mpesa_paybill_or_till': []}",[],['0752611017'],False,[],Auto-detected via DDGS search,Public data only - no ToS violations,"{'fake_contacts': True, 'numbered_name': False, 'unauthorized_group': True}"
Page,Look who’s happy! Our M-GAS 1st Anniver-saya Giveaway GRAND ...,https://www.facebook.com/mgaswincytrading/videos/look-whos-happy-our-m-gas-1st-anniver-saya-giveaway-grand-prize-winner-just-clai/329821892213407/,,16,Likely Impersonator,False,,"‘Til our next pa giveaway ! For queries and deliveries, contact us at (Smart) 0949 148 3732 (Globe) 0927 495 5245 Or visit us at Mgas Wincy Trading, San Nicolas, Baao, Camarines Sur.",,,,,DDGS,[],"{'phones': [], 'emails': [], 'whatsapp': [], 'mpesa_paybill_or_till': []}",[],[],True,[],Auto-detected via DDGS search,Public data only - no ToS violations,"{'fake_contacts': False, 'numbered_name': True, 'unauthorized_group': False}"
Page,Josh Greco - Facebook,https://www.facebook.com/josh.greco.9/,,0,Low Risk/Unrelated,False,,"Your 2025 surron giveaway winner ! Thank you everyone for being a part and supporting , thank you @surronusa_official We will have more giveaways coming soon! Last few days to get entered to win this ",,,,,DDGS,[],"{'phones': [], 'emails': [], 'whatsapp': [], 'mpesa_paybill_or_till': []}","['official', 'support']",[],False,[],Auto-detected via DDGS search,Public data only - no ToS violations,"{'fake_contacts': False, 'numbered_name': False, 'unauthorized_group': False}"
Page,M-Gas - Need assistance with your M-Gas? Call us at 0800...,https://www.facebook.com/MGasKenya/posts/571958275586373/,,0,Low Risk/Unrelated,False,,"Need assistance with your M - Gas ? Call us at 0800 721 148, our dedicated customer care team is ready to support you every step of the way!...",,,,,DDGS,[],"{'phones': [], 'emails': [], 'whatsapp': [], 'mpesa_paybill_or_till': []}","['customer care', 'support']",[],False,[],Auto-detected via DDGS search,Public data only - no ToS violations,"{'fake_contacts': False, 'numbered_name': False, 'unauthorized_group': False}"
Page,M-Gas - Facebook M-gas Company Kenya - Facebook M Gas Kenya - Facebook M-GAS COMPANY LTD 0787813153 | Facebook M-GAS COMPANY 0787813153 - Facebook M-GAS KENYA LIMITED (0111944487) | Need assistance with your .....,https://www.facebook.com/MGasKenya/,,16,Likely Impersonator,False,,"M - Gas . 54,749 likes · 271 talking about this. M - Gas is changing lives by providing pay-as-you-go cooking gas to all Kenyans. ilikupokea huduma za M - Gas ama tupigie Simu kupitia CUSTOMER CARE NU",,,,,DDGS,[],"{'phones': ['0106926827', '0104778819', '0746447820', '0737559526', '0787813153', '0111944487'], 'emails': [], 'whatsapp': [], 'mpesa_paybill_or_till': []}","['customer care', 'support']","['0106926827', '0104778819', '0746447820', '0737559526', '0787813153', '0111944487', '0787813153', '0787813153', '0111944487']",False,[],Auto-detected via DDGS search,Public data only - no ToS violations,"{'fake_contacts': True, 'numbered_name': False, 'unauthorized_group': False}"
Page,Southern Gas Corporation Mindoro Branch | Calapan - Facebook Albay Gas Corporation - Facebook MGAS - Welcome to the Official Page of M-GAS TAYTAY! We ... M-Gas Franchising Philippines - Facebook M.Gas Heating & Plumbing | Oldbury - Facebook MGAS CUSTOMER SUPPORT - Facebook We are built and ready to support... - Alacrity Solutions,https://www.facebook.com/OrMinIslandGas/,,0,Low Risk/Unrelated,False,,"Thank you for the trust and support , mr. Ritchard! We are here to support you throughout your M-GAS Journey. We are still open here in Calapan Oriental Mindoro be the first franshisee here in Calapan",,,,,DDGS,[],"{'phones': [], 'emails': [], 'whatsapp': [], 'mpesa_paybill_or_till': []}","['official', 'authorized', 'support']",[],False,[],Auto-detected via DDGS search,Public data only - no ToS violations,"{'fake_contacts': False, 'numbered_name': False, 'unauthorized_group': False}"
Page,Albay Gas Corporation - Facebook MGAS - Welcome to the Official Page of M-GAS TAYTAY! We ... M-Gas Franchising Philippines - Facebook M.Gas Heating & Plumbing | Oldbury - Facebook MGAS CUSTOMER SUPPORT - Facebook We are built and ready to support... - Alacrity Solutions,https://www.facebook.com/100063718218905/,,16,Likely Impersonator,False,,"Jun 10, 2021 · M-Gas Franchising Philippines Mar 22, 2021 Ms. Irma Gonzales has been an authorized reseller of Island Gas for years and last year, she decided to franchise M-GAS in Polangui, Albay. Th",,,,,DDGS,[],"{'phones': [], 'emails': [], 'whatsapp': [], 'mpesa_paybill_or_till': []}","['official', 'authorized', 'support']",[],False,[],Auto-detected via DDGS search,Public data only - no ToS violations,"{'fake_contacts': False, 'numbered_name': False, 'unauthorized_group': False}"
Page,"M-gas now, Pay Later! Get 3 LPG refills for only 50 pesos per day ...",https://m.facebook.com/mgasconcepciontarlac/posts/m-gas-now-pay-laterget-3-lpg-refills-for-only-50-pesos-per-daycontact-us-0998583/122120095448783567/,,16,Likely Impersonator,False,,"M-gas now, Pay Later! Get 3 LPG refills for only 50 pesos per day! Contact us: 09985839393 · Avail our 10+1 PROMO‼️ Buy 10 11-kg M-gas refill and get 1 free for ...",,,,,DDGS,[],"{'phones': ['0998583939'], 'emails': [], 'whatsapp': [], 'mpesa_paybill_or_till': []}",['promo'],['0998583939'],False,[],Auto-detected via DDGS search,Public data only - no ToS violations,"{'fake_contacts': True, 'numbered_name': False, 'unauthorized_group': False}"
Group,Mascom Gas Trading Gas Refilling and Exchanges ...,https://www.facebook.com/groups/1651677148403782/posts/3990681181170022/,,16,Likely Impersonator,False,,OCR: MASCOM GAS TRADING CONVINIENTAND RELIABLE TERRARIF M GAS REFILLS & EXCHANGE GAS EQUIPMENT & ACCESSORIE FREE DELIVERY!!!,,,,,DDGS,[],"{'phones': [], 'emails': [], 'whatsapp': [], 'mpesa_paybill_or_till': []}",[],[],False,[],Auto-detected via DDGS search,Public data only - no ToS violations,"{'fake_contacts': False, 'numbered_name': False, 'unauthorized_group': True}"
Group,M GAS LIPA MOS MOS AGENT NUMBER CALL OR WHATSAPP ...,https://www.facebook.com/groups/1135545828247507/,,16,Likely Impersonator,False,,M GAS LIPA MOS MOS AGENT NUMBER CALL OR WHATSAPP US ON 01034551594 > · Ukiwa na deposit ya 550/= Unapokea m-gas yako leo kila wiki utakua unalipia 35/= Ukiwa ...,,,,,DDGS,[],"{'phones': ['0103455159'], 'emails': [], 'whatsapp': [], 'mpesa_paybill_or_till': []}",['agent'],['0103455159'],False,[],Auto-detected via DDGS search,Public data only - no ToS violations,"{'fake_contacts': True, 'numbered_name': False, 'unauthorized_group': True}"
Group,M-GAS KENYA LTD AGENT CALL (0738002423/+ ...,https://www.facebook.com/groups/289318563672325/,,16,Likely Impersonator,False,,We Are Offering M-Gas (+254738286927). At A Minimum Deposit Of 550/= You Get A 13kgs Cylinder And Two Burners Gas Cooker. @highlight M-GAS KENYA LTD AGENT CALL ...,,,,,DDGS,[],"{'phones': ['+254738286927'], 'emails': [], 'whatsapp': [], 'mpesa_paybill_or_till': []}",['agent'],"['0738002423', '0738286927']",False,[],Auto-detected via DDGS search,Public data only - no ToS violations,"{'fake_contacts': True, 'numbered_name': False, 'unauthorized_group': True}"
Page,M-Gas 📍: #Nairobi #Internship ⏱️ Deadline: 11th Aug ...,https://www.facebook.com/campusbizke/posts/-hr-digital-and-engagement-internship-m-gas-nairobi-internship-️-deadline-11th-a/1089234726681358/,,16,Likely Impersonator,False,,HR Digital and Engagement Internship : M-Gas : #Nairobi #Internship ⏱️ Deadline: 11th Aug 2025 Apply >>: https://campusbiz.co.,,,,,DDGS,[],"{'phones': [], 'emails': [], 'whatsapp': [], 'mpesa_paybill_or_till': []}",[],[],False,[],Auto-detected via DDGS search,Public data only - no ToS violations,"{'fake_contacts': False, 'numbered_name': False, 'unauthorized_group': False}"
Page,Congratulations M-Gas on becoming seamless! Your HR ...,https://m.facebook.com/seamlesshrlimited/videos/congratulations-m-gas-on-becoming-seamless-your-hr-functions-just-got-a-whole-lo/461978979957015/,,0,Low Risk/Unrelated,False,,"Congratulations M-Gas on becoming seamless! Your HR functions just got a whole lot simpler, faster, and more efficient! Click the link below to become seamless ...",,,,,DDGS,[],"{'phones': [], 'emails': [], 'whatsapp': [], 'mpesa_paybill_or_till': []}",[],[],False,[],Auto-detected via DDGS search,Public data only - no ToS violations,"{'fake_contacts': False, 'numbered_name': False, 'unauthorized_group': False}"
Page,We are Hiring M-Gas is seeking motivated and dynamic ...,https://www.facebook.com/MGasKenya/posts/we-are-hiring-m-gas-is-seeking-motivated-and-dynamic-individuals-in-nairobi-regi/688151853967014/,,0,Low Risk/Unrelated,False,,... ://mgas.ke/ careers / or Job Links: https://mgas. seamlesshiring.com/h/advanced#/jobs and apply. mgas.ke. Careers | M-Gas . 3 mos. Evans Opiyo.,,,,,DDGS,[],"{'phones': [], 'emails': [], 'whatsapp': [], 'mpesa_paybill_or_till': []}",[],[],False,[],Auto-detected via DDGS search,Public data only - no ToS violations,"{'fake_contacts': False, 'numbered_name': False, 'unauthorized_group': False}"
Page,We are Hiring M-Gas is seeking motivated and dynamic ...,https://www.facebook.com/MGasKenya/posts/we-are-hiringm-gas-is-seeking-motivated-and-dynamic-individuals-in-nairobi-regio/647850331330500/,,16,Likely Impersonator,False,,"Hello Serge Pk Ibaaka, regularly check our website page at: https://mgas.ke/ under the Careers tab for the latest job openings! mgas.ke. M-Gas | ...",,,,,DDGS,[],"{'phones': [], 'emails': [], 'whatsapp': [], 'mpesa_paybill_or_till': []}",[],[],False,[],Auto-detected via DDGS search,Public data only - no ToS violations,"{'fake_contacts': False, 'numbered_name': False, 'unauthorized_group': False}"
Group,charcoal stove promo is,https://www.facebook.com/groups/307365138803135/posts/charcoal-stove-promo-is-still-going-onprice-is-large-3100medium-2600small-1850no/708675682005410/,,16,Likely Impersonator,False,,CHARCOAL STOVE PROMO IS STILL GOING ON!!! Price is Large 3100 ... M-GAS KENYA PIKA BILA STRESS ..⭐Call:+ ...,,,,,DDGS,[],"{'phones': [], 'emails': [], 'whatsapp': [], 'mpesa_paybill_or_till': []}",['promo'],[],False,[],Auto-detected via DDGS search,Public data only - no ToS violations,"{'fake_contacts': False, 'numbered_name': False, 'unauthorized_group': False}"
Group,M GAS KENYA PIKA BILA STRESS 2️⃣ Burners=@550 ...,https://www.facebook.com/groups/878566720242965/posts/1506157904150507/,,16,Likely Impersonator,False,,"M GAS KENYA PIKA BILA STRESS 2️⃣ Burners=@550 3️⃣ Burners ... PROMO PROMO PROMO pics, (08123504984).50% Promo is going on ...",,,,,DDGS,[],"{'phones': ['0812350498'], 'emails': [], 'whatsapp': [], 'mpesa_paybill_or_till': []}",['promo'],['0812350498'],False,[],Auto-detected via DDGS search,Public data only - no ToS violations,"{'fake_contacts': True, 'numbered_name': False, 'unauthorized_group': True}"
Group,M-GAS KENYA LIMITED (0752611017),https://www.facebook.com/groups/957825675925241/,,16,Likely Impersonator,False,,M-GAS KENYA LIMITED is a Facebook group focused on providing pay-as-you-go cooking gas solutions to Kenyans. The group offers affordable cooking options ...,,,,,DDGS,[],"{'phones': [], 'emails': [], 'whatsapp': [], 'mpesa_paybill_or_till': []}",[],['0752611017'],False,[],Auto-detected via DDGS search,Public data only - no ToS violations,"{'fake_contacts': True, 'numbered_name': False, 'unauthorized_group': True}"
Group,M Gas Kenya offers gas delivery services,https://www.facebook.com/groups/1140874097101535/posts/1484917839363824/,,16,Likely Impersonator,False,,M GAS COMPANY KENYA 0105030499 | M Gas Kenya offers gas delivery services. Public group. . 7.6K Members · Join group. MGAS COMPANY LTD KENYA ...,,,,,DDGS,[],"{'phones': ['0105030499'], 'emails': [], 'whatsapp': [], 'mpesa_paybill_or_till': []}",[],['0105030499'],False,[],Auto-detected via DDGS search,Public data only - no ToS violations,"{'fake_contacts': True, 'numbered_name': False, 'unauthorized_group': True}"
Group,ANOTHER GIVEAWAY CHALLENGE! 🎉 Want ...,https://www.facebook.com/groups/844685979256352/posts/2667103730347892/,,16,Likely Impersonator,False,,"ANOTHER GIVEAWAY CHALLENGE! Want to WIN a ... ANOTHER GIVEAWAY CHALLENGE! Want to WIN ... M-GAS KENYA LIMITED COMPANY, Mercy Abungu, Jonathan G.",,,,,DDGS,[],"{'phones': [], 'emails': [], 'whatsapp': [], 'mpesa_paybill_or_till': []}",[],[],False,[],Auto-detected via DDGS search,Public data only - no ToS violations,"{'fake_contacts': False, 'numbered_name': False, 'unauthorized_group': False}"
Group,M GAS KENYA PIKA BILA STRESS CALL US or ...,https://www.facebook.com/groups/1006090580858866/posts/1414235310044389/,,16,Likely Impersonator,False,,M GAS KENYA PIKA BILA STRESS CALL US or WHATSAPP + ... Ellen DeGeneres giveaway profile picture. Ellen DeGeneres giveaway . 5d ...,,,,,DDGS,[],"{'phones': [], 'emails': [], 'whatsapp': [], 'mpesa_paybill_or_till': []}",[],[],False,[],Auto-detected via DDGS search,Public data only - no ToS violations,"{'fake_contacts': False, 'numbered_name': False, 'unauthorized_group': True}"
Page,M Gas Kenya - Facebook,https://www.facebook.com/61573685076479/,,16,Likely Impersonator,False,,"M Gas Kenya May 13 Tumefungua Nanyuki!😁 Pata M-Gas yako leo and get a chance to cook for your loved ones this festive season bila stress, usipitwe! To learn more about M-Gas, call us on our Customer C",,,,,DDGS,[],"{'phones': ['0746447820', '0737559526'], 'emails': [], 'whatsapp': [], 'mpesa_paybill_or_till': []}",['customer care'],"['0746447820', '0737559526']",False,[],Auto-detected via DDGS search,Public data only - no ToS violations,"{'fake_contacts': True, 'numbered_name': False, 'unauthorized_group': False}"
Page,M-Gas - Need assistance with your M-Gas? Call us at 0800...,https://www.facebook.com/MGasKenya/posts/571958275586373/,,0,Low Risk/Unrelated,False,,"Need assistance with your M - Gas ? Call us at 0800 721 148, our dedicated customer care team is ready to support you every step of the way!...",,,,,DDGS,[],"{'phones': [], 'emails': [], 'whatsapp': [], 'mpesa_paybill_or_till': []}","['customer care', 'support']",[],False,[],Auto-detected via DDGS search,Public data only - no ToS violations,"{'fake_contacts': False, 'numbered_name': False, 'unauthorized_group': False}"
Group,MGAS KENYA QUICK RESPONSE CUSTOMER SUPPORT - Facebook,https://www.facebook.com/groups/3644210639219066/,,16,Likely Impersonator,False,,"MGAS KENYA QUICK RESPONSE CUSTOMER SUPPORT > Public group · 28 members Join group About this group If you are unable to locate my message, kindly use WhatsApp +1 (939) 234-8342 and send me a private m",,,,,DDGS,[],"{'phones': [], 'emails': [], 'whatsapp': [], 'mpesa_paybill_or_till': []}",['support'],[],False,[],Auto-detected via DDGS search,Public data only - no ToS violations,"{'fake_contacts': False, 'numbered_name': False, 'unauthorized_group': True}"
Page,MGAS CUSTOMER SUPPORT - Facebook,https://www.facebook.com/mgas.kenya.care/,,0,Low Risk/Unrelated,False,,MGAS CUSTOMER SUPPORT is on Facebook. Join Facebook to connect with MGAS CUSTOMER SUPPORT and others you may know. Facebook gives people the power to...,,,,,DDGS,[],"{'phones': [], 'emails': [], 'whatsapp': [], 'mpesa_paybill_or_till': []}",['support'],[],False,[],Auto-detected via DDGS search,Public data only - no ToS violations,"{'fake_contacts': False, 'numbered_name': False, 'unauthorized_group': False}"
Group,ATHIRIVER KITENGELA ONLINE MARKET | Airbnb Kitengela - Facebook,https://www.facebook.com/groups/Athiriver/posts/24569357419366624/,,0,Low Risk/Unrelated,False,,"Aug 31, 2025 · - Pressure pump refills the top tank automatically. - Reliable water supply available 24/7. - Common perimeter electric fence. - Security lights all round the compound.# kenya #sabaki#l",,,,,DDGS,[],"{'phones': [], 'emails': [], 'whatsapp': [], 'mpesa_paybill_or_till': []}",['official'],[],False,[],Auto-detected via DDGS search,Public data only - no ToS violations,"{'fake_contacts': False, 'numbered_name': False, 'unauthorized_group': False}"
Group,Gas Refilling ( *all types of gas cylinders)* 📌 Gas complete ...,https://www.facebook.com/groups/295474376849804/posts/706699862393918/,,16,Likely Impersonator,False,,... refills Dealers in: Gas Refilling ( *all types of gas cylinders)* ... M-GAS KENYA PIKA BILA STRESS ..⭐Call ...,,,,,DDGS,[],"{'phones': [], 'emails': [], 'whatsapp': [], 'mpesa_paybill_or_till': []}",[],[],False,[],Auto-detected via DDGS search,Public data only - no ToS violations,"{'fake_contacts': False, 'numbered_name': False, 'unauthorized_group': False}"
Group,M-GAS KENYA LTD AGENT CALL (0738002423/+ ...,https://www.facebook.com/groups/289318563672325/,,16,Likely Impersonator,False,,"M-GAS KENYA LTD AGENT CALL (0738002423/+254738286927) > ... This Facebook group is focused on promoting M-Gas Kenya Ltd, a company that offers gas cookers and ...",,,,,DDGS,[],"{'phones': ['0738002423', '+254738286927'], 'emails': [], 'whatsapp': [], 'mpesa_paybill_or_till': []}","['promo', 'agent']","['0738002423', '0738002423', '0738286927']",False,[],Auto-detected via DDGS search,Public data only - no ToS violations,"{'fake_contacts': True, 'numbered_name': False, 'unauthorized_group': True}"
Group,M-GAS KENYA LIMITED 0738002423,https://www.facebook.com/groups/886437143029196/,,16,Likely Impersonator,False,,@highlight M-GAS KENYA LIMITED 0738002423 M-GAS KENYA LTD AGENT CALL (0738002423/+254738286927) - with Harrietez Lorrent and 99 others. May be an image ...,,,,,DDGS,[],"{'phones': ['0738002423', '0738002423', '+254738286927'], 'emails': [], 'whatsapp': [], 'mpesa_paybill_or_till': []}",['agent'],"['0738002423', '0738002423', '0738002423', '0738286927']",False,[],Auto-detected via DDGS search,Public data only - no ToS violations,"{'fake_contacts': True, 'numbered_name': False, 'unauthorized_group': True}"
Group,M GAS KENYA PIKA KILA WAKATI...CALL US 0100-337-463 OR ...,https://www.facebook.com/groups/1848134362617928/posts/1853188662112498/,,16,Likely Impersonator,False,,M GAS KENYA PIKA KILA WAKATI...CALL US 0100 ... M GAS KENYA PIKA KILA WAKATI ... HR Abbigail Kate profile picture. HR Abbigail Kate. Admin 56m ...,,,,,DDGS,[],"{'phones': [], 'emails': [], 'whatsapp': [], 'mpesa_paybill_or_till': []}",[],[],False,[],Auto-detected via DDGS search,Public data only - no ToS violations,"{'fake_contacts': False, 'numbered_name': False, 'unauthorized_group': True}"
Group,M-GAS SAFARICOM KINDLY CALL OR TEXT ON WHAT'S ...,https://www.facebook.com/groups/966324677961372/posts/1432480334679135/,,16,Likely Impersonator,False,,1 hr . 1. Willy Mtunga. How. 1 hr . JOHN NJOGU. ... M-GAS KENYA LIMITED (0752... 12K members. Join. SUN KING LIPA MDOGO ...,,,,,DDGS,[],"{'phones': [], 'emails': [], 'whatsapp': [], 'mpesa_paybill_or_till': []}",[],[],False,[],Auto-detected via DDGS search,Public data only - no ToS violations,"{'fake_contacts': False, 'numbered_name': False, 'unauthorized_group': True}"
Group,We are Hiring M-Gas is seeking motivated and dynamic ...,https://www.facebook.com/groups/359545889779700/posts/673762361691383/,,16,Likely Impersonator,False,,... careers / Job Links: advanced#/jobs #Hiring #CustomerService ... M GAS KENYA PIKA BILA STRESS 2️⃣ Burners=@550 3️⃣ Burners=@1000 ...,,,,,DDGS,[],"{'phones': [], 'emails': [], 'whatsapp': [], 'mpesa_paybill_or_till': []}",[],[],False,[],Auto-detected via DDGS search,Public data only - no ToS violations,"{'fake_contacts': False, 'numbered_name': False, 'unauthorized_group': True}"
Page,M-gas Lipa Mos's post,https://www.facebook.com/61558640182368/posts/we-are-hiring-in-nairobim-gas-is-seeking-motivated-and-dynamic-individuals-in-na/122160249488288006/,,16,Likely Impersonator,False,,... careers /Job Links: Motorized Technical Sales ... ke/ careers /Job Links: Motorized Technical Sales ... M-GAS KENYA LIMITED (0752611017) . May be an ...,,,,,DDGS,[],"{'phones': ['0752611017'], 'emails': [], 'whatsapp': [], 'mpesa_paybill_or_till': []}",[],['0752611017'],False,[],Auto-detected via DDGS search,Public data only - no ToS violations,"{'fake_contacts': True, 'numbered_name': False, 'unauthorized_group': False}"
Page,Modern COAST ltd,https://www.facebook.com/people/Modern-COAST-ltd/100092931717354/,,16,Likely Impersonator,False,,Let them use promo code D7948150 when booking. NAIROBI ➡KIGALI daily ... Mgas Ke and 2 others · . 3 · · Modern COAST ltd profile picture. Modern COAST ...,,,,,DDGS,[],"{'phones': [], 'emails': [], 'whatsapp': [], 'mpesa_paybill_or_till': []}",['promo'],[],False,[],Auto-detected via DDGS search,Public data only - no ToS violations,"{'fake_contacts': False, 'numbered_name': False, 'unauthorized_group': False}"
Page,Book your ticket know according to you ability. .NBVip class ...,https://www.facebook.com/100092931717354/posts/book-your-ticket-know-according-to-you-abilitynbvip-class-fares-will-vary-accord/106227452468613/,,16,Likely Impersonator,False,,Let them use promo code D7948150 when booking. NAIROBI ➡KIGALI ... Mgas Ke and 2 others · . 3 · . Related Pages. Mogo loan motorcycle ...,,,,,DDGS,[],"{'phones': [], 'emails': [], 'whatsapp': [], 'mpesa_paybill_or_till': []}",['promo'],[],False,[],Auto-detected via DDGS search,Public data only - no ToS violations,"{'fake_contacts': False, 'numbered_name': False, 'unauthorized_group': False}"
Group,SUNDAY SPECIAL OFFER🎊🎊 #MGAS HOT LINE ...,https://www.facebook.com/groups/957825675925241/posts/1261574158883723/,,16,Likely Impersonator,False,,"ANGUKIA OFFERS ZA M-GAS DEPOSIT,1burber 450 shillings ,2 burners 550 ... mgas.ke /. Mabati Romili and 3 others · . 4. 1. · M-GAS ...",,,,,DDGS,[],"{'phones': [], 'emails': [], 'whatsapp': [], 'mpesa_paybill_or_till': []}",[],[],False,[],Auto-detected via DDGS search,Public data only - no ToS violations,"{'fake_contacts': False, 'numbered_name': False, 'unauthorized_group': True}"
Group,MGAS SAFARICOM TELL (SALES)0755415011,https://www.facebook.com/groups/4135103280045771/,,16,Likely Impersonator,False,,#MGAS Offers you the best Services ever How many ... Mgas Ke profile picture. Mgas Ke . Admin Apr 24 ... Mgas Ke profile picture. Mgas Ke updated the ...,,,,,DDGS,[],"{'phones': [], 'emails': [], 'whatsapp': [], 'mpesa_paybill_or_till': []}",[],['0755415011'],False,[],Auto-detected via DDGS search,Public data only - no ToS violations,"{'fake_contacts': True, 'numbered_name': False, 'unauthorized_group': True}"
Group,Other posts - Facebook,https://www.facebook.com/groups/893208048514351/posts/1252343285934157/,,16,Likely Impersonator,False,,"... giveaway , Selaelo C Machabaphala, Mma Karabo, Lepelle Khutso Khutsi ... Mgas Ke , Moss Chuma, Jonathan Brize, Mdogo Mdogo Smartphone ...",,,,,DDGS,[],"{'phones': [], 'emails': [], 'whatsapp': [], 'mpesa_paybill_or_till': []}",[],[],False,[],Auto-detected via DDGS search,Public data only - no ToS violations,"{'fake_contacts': False, 'numbered_name': False, 'unauthorized_group': False}"
Page,Need assistance with your M-Gas? Call us at 0800 721 ...,https://www.facebook.com/MGasKenya/posts/need-assistance-with-your-m-gas-call-us-at-0800-721-148-our-dedicated-customer-c/571958275586373/,,0,Low Risk/Unrelated,False,,Kindly note that our customer care number is 0 800 721 148 for free calls. ... https:// mgas.ke / Kindly use this form to check for your ...,,,,,DDGS,[],"{'phones': [], 'emails': [], 'whatsapp': [], 'mpesa_paybill_or_till': []}",['customer care'],[],False,[],Auto-detected via DDGS search,Public data only - no ToS violations,"{'fake_contacts': False, 'numbered_name': False, 'unauthorized_group': False}"
Page,M-Gas,https://www.facebook.com/story.php?story_fbid=605893695526164&id=100083166169294,story.php?story_fbid=605893695526164&id=100083166169294,16,Likely Impersonator,False,,"Marya Don Yes, our customer care number is on 24hrs and is also toll free. ... customer care ... mgas. ke /careers/ Job Links: https://mgas.seamlesshiring.",,,,,DDGS,[],"{'phones': [], 'emails': [], 'whatsapp': [], 'mpesa_paybill_or_till': []}",['customer care'],[],False,[],Auto-detected via DDGS search,Public data only - no ToS violations,"{'fake_contacts': False, 'numbered_name': False, 'unauthorized_group': False}"
Page,Need assistance with your M-Gas? Call us at 0800 721 ...,https://www.facebook.com/MGasKenya/posts/need-assistance-with-your-m-gas-call-us-at-0800-721-148-our-dedicated-customer-c/571958275586373/,,0,Low Risk/Unrelated,False,,"Need assistance with your M-Gas? Call us at 0800 721 148, our dedicated customer care team is ready to support you every step of the way!",,,,,DDGS,[],"{'phones': [], 'emails': [], 'whatsapp': [], 'mpesa_paybill_or_till': []}","['customer care', 'support']",[],False,[],Auto-detected via DDGS search,Public data only - no ToS violations,"{'fake_contacts': False, 'numbered_name': False, 'unauthorized_group': False}"
Group,Usipatwe off-Guard! Here are the simple steps to have M- ...,https://www.facebook.com/groups/957825675925241/posts/1122355772805563/,,16,Likely Impersonator,False,,"Just Call 0111944487:♻️ For more information, visit our website https:// mgas. ke / ... support is appreciated by Dwenga family asiyo to ngapandle ...",,,,,DDGS,[],"{'phones': ['0111944487'], 'emails': [], 'whatsapp': [], 'mpesa_paybill_or_till': []}",['support'],['0111944487'],False,[],Auto-detected via DDGS search,Public data only - no ToS violations,"{'fake_contacts': True, 'numbered_name': False, 'unauthorized_group': False}"
Page,M-Gas - Ukiwa na M-Gas budget ya gas is totally up to you. ...,https://www.facebook.com/MGasKenya/photos/ukiwa-na-m-gas-budget-ya-gas-is-totally-up-to-you-imagine-uneza-pika-ugali-nyama/603558722426328/,,16,Likely Impersonator,False,,"Hello Steve Kariuki M-Gas does not request any amount for refills or ""updating"" your meter. ... Apply Now: Visit our career portal at https:// mgas. ke /careers/ ...",,,,,DDGS,[],"{'phones': [], 'emails': [], 'whatsapp': [], 'mpesa_paybill_or_till': []}",[],[],False,[],Auto-detected via DDGS search,Public data only - no ToS violations,"{'fake_contacts': False, 'numbered_name': False, 'unauthorized_group': False}"
Page,We are Hiring! M-Gas is seeking motivated and dynamic ...,https://www.facebook.com/MGasKenya/posts/we-are-hiringm-gas-is-seeking-motivated-and-dynamic-individuals-to-join-our-team/591689360279931/,,0,Low Risk/Unrelated,False,,... mgas.ke /careers/ All open jobs can be viewed under-Check Ready Jobs ... Ndege Millie To speak to an M-Gas agent kindly call us free on ...,,,,,DDGS,[],"{'phones': [], 'emails': [], 'whatsapp': [], 'mpesa_paybill_or_till': []}",['agent'],[],False,[],Auto-detected via DDGS search,Public data only - no ToS violations,"{'fake_contacts': False, 'numbered_name': False, 'unauthorized_group': False}"
Page,We are Hiring M-Gas is seeking motivated and dynamic ...,https://www.facebook.com/MGasKenya/posts/we-are-hiringm-gas-is-seeking-motivated-and-dynamic-individuals-in-nairobi-regio/647850331330500/,,16,Likely Impersonator,False,,"For job opportunities available kindly check our career portal. https://careers. mgas.ke / After applying, please be patient you will be contacted ...",,,,,DDGS,[],"{'phones': [], 'emails': [], 'whatsapp': [], 'mpesa_paybill_or_till': []}",[],[],False,[],Auto-detected via DDGS search,Public data only - no ToS violations,"{'fake_contacts': False, 'numbered_name': False, 'unauthorized_group': False}"
Group,"We're hiring in Kitale! To apply, visit our careers website or ...",https://www.facebook.com/groups/957825675925241/posts/1066779485029859/,,16,Likely Impersonator,False,,... mgas.ke / #Ikokazi #hiringnow #jobsinkenya #IkoKaziKE #MGasCareers ... hr @minbuza. nl Have questions? Contact us at the same email ...,,,,,DDGS,[],"{'phones': [], 'emails': [], 'whatsapp': [], 'mpesa_paybill_or_till': []}",[],[],False,[],Auto-detected via DDGS search,Public data only - no ToS violations,"{'fake_contacts': False, 'numbered_name': False, 'unauthorized_group': False}"
Page,M-Gas,https://www.facebook.com/MGasKenya/posts/we-are-hiring-in-nairobim-gas-is-seeking-motivated-and-dynamic-individuals-in-na/586877434094457/,,0,Low Risk/Unrelated,False,,... mgas.ke /careers/Job Links: Motorized Technical Sales Representative ... HR team once shortlisted applicants are contacted. 8 mos. Quincy ...,,,,,DDGS,[],"{'phones': [], 'emails': [], 'whatsapp': [], 'mpesa_paybill_or_till': []}",[],[],False,[],Auto-detected via DDGS search,Public data only - no ToS violations,"{'fake_contacts': False, 'numbered_name': False, 'unauthorized_group': False}"
Page,"M-Gas - Facebook M-Gas - We're hiring! To apply, visit our careers ... - Facebook M-GAS COMPANY LTD 0787813153 | We're hiring! To apply, visit ... M-Gas - We're hiring in Kangemi! To apply, visit our careers ... Lawyers Rule!! (Original) | https://careers.mgas.ke/careers ... Ndarugu Ward United Forum | https://careers.mgas.ke/careers ...",https://www.facebook.com/MGasKenya/,,16,Likely Impersonator,False,,mgas .ke M- Gas Aug 15 Are you passionate about creating sustainable impact and driving results ? We’re looking for enthusiastic personnel to join our growing team! What You’ll Do: Pitch and sell our ,,,,,DDGS,[],"{'phones': [], 'emails': [], 'whatsapp': [], 'mpesa_paybill_or_till': []}",[],['0787813153'],False,[],Auto-detected via DDGS search,Public data only - no ToS violations,"{'fake_contacts': True, 'numbered_name': False, 'unauthorized_group': False}"
Page,"M-Gas - We're hiring! To apply, visit our careers ... - Facebook",https://www.facebook.com/MGasKenya/photos/were-hiring-to-apply-visit-our-careers-website-or-click-on-the-link-httpscareers/250210587761145/,,16,Likely Impersonator,False,,"Jul 10, 2023 · We're hiring! To apply, visit our careers website or click on the link https:// careers . mgas . ke / #FurahiaUpishiWako #cleancooking #affordablecooking #MGas",,,,,DDGS,[],"{'phones': [], 'emails': [], 'whatsapp': [], 'mpesa_paybill_or_till': []}",[],[],False,[],Auto-detected via DDGS search,Public data only - no ToS violations,"{'fake_contacts': False, 'numbered_name': False, 'unauthorized_group': False}"
Group,TODAY AS INUA JAMII WE OFFER PROMOTION TO ALL ...,https://www.facebook.com/groups/1264476181144677/posts/1683706582554966/,,16,Likely Impersonator,False,,Eldoret M-kopa lipa mdogo mdogo phones | TODAY AS INUA JAMII WE OFFER PROMO .. ... Mgas Kenya profile picture. Mgas Kenya ▻Eldoret M-kopa ...,,,,,DDGS,[],"{'phones': [], 'emails': [], 'whatsapp': [], 'mpesa_paybill_or_till': []}",['promo'],[],False,[],Auto-detected via DDGS search,Public data only - no ToS violations,"{'fake_contacts': False, 'numbered_name': False, 'unauthorized_group': False}"
Group,0782946741 Mgas kenya imekuja na offer kibao,https://www.facebook.com/groups/2502306723286057/posts/2900756940107698/,,16,Likely Impersonator,False,,... Mgas kenya imekuja na offer kibao ... 0782946741 Mgas kenya imekuja na offer kibao ... Promo ... Promo ... Promo MR EMMANUEL CYLINDER GAS ...,,,,,DDGS,[],"{'phones': ['0782946741'], 'emails': [], 'whatsapp': [], 'mpesa_paybill_or_till': []}",['promo'],"['0782946741', '0782946741']",False,[],Auto-detected via DDGS search,Public data only - no ToS violations,"{'fake_contacts': True, 'numbered_name': False, 'unauthorized_group': True}"
Group,MGAS MKOPO 0106948302 | @highlight offer offers ... - Facebook,https://www.facebook.com/groups/781287047215225/posts/1024560116221249/,,16,Likely Impersonator,False,,@highlight Ni ya leo 🤌Mgas kenya imekuja na offer kibao Ukiwa na deposit ya 550 pekee tunakupea gas pamoja na 13kg clynder uwe ukijilipia 25per day for 12 months Offer offer Free tshirt Free umbrella ,,,,,DDGS,[],"{'phones': ['0106948302'], 'emails': [], 'whatsapp': [], 'mpesa_paybill_or_till': []}",[],"['0106948302', '0106948302']",False,[],Auto-detected via DDGS search,Public data only - no ToS violations,"{'fake_contacts': True, 'numbered_name': False, 'unauthorized_group': True}"
Group,MGAS MKOPO 0106948302 | offer offers with only 550 ... - Facebook,https://www.facebook.com/groups/781287047215225/posts/1025831539427440/,,16,Likely Impersonator,False,,"offer offers with only 550 tunakuletea MGAS mpaka nyumbani, call or WhatsApp us on 0106948302 utakua ukilipia 25 per day order today and enjoy free. 1,...",,,,,DDGS,[],"{'phones': ['0106948302'], 'emails': [], 'whatsapp': [], 'mpesa_paybill_or_till': []}",[],"['0106948302', '0106948302']",False,[],Auto-detected via DDGS search,Public data only - no ToS violations,"{'fake_contacts': True, 'numbered_name': False, 'unauthorized_group': True}"
Group,Mgas Kenya are you interested What is the best,https://www.facebook.com/groups/abujacarbusiness/posts/2169648750202515/,,16,Likely Impersonator,False,,Mgas Kenya are you interested What is the best ... Mgas Kenya are you interested What is the best type you ... *Sallah giveaway !!!* Super sharp C350...,,,,,DDGS,[],"{'phones': [], 'emails': [], 'whatsapp': [], 'mpesa_paybill_or_till': []}",[],[],False,[],Auto-detected via DDGS search,Public data only - no ToS violations,"{'fake_contacts': False, 'numbered_name': False, 'unauthorized_group': True}"
Group,ALMOST GIVEAWAY! 🏃🏃💨 💜💚 GET A QUALITY FOAM POA ...,https://www.facebook.com/groups/776036066350650/posts/1764225280865052/,,16,Likely Impersonator,False,,DEALS POA ZA MATTRESS – ALMOST GIVEAWAY ... GIVEAWAY ... Non carbon dioxide FurahiaUpishiWako MGAS KENYA LIMITED SERVICE 0780163350 delivery countrywide.,,,,,DDGS,[],"{'phones': ['0780163350'], 'emails': [], 'whatsapp': [], 'mpesa_paybill_or_till': []}",[],['0780163350'],False,[],Auto-detected via DDGS search,Public data only - no ToS violations,"{'fake_contacts': True, 'numbered_name': False, 'unauthorized_group': False}"
Group,MGAS CUSTOMER CARE SERVICE AND ORDER PLACEMENT,https://www.facebook.com/groups/907555054290862/,,16,Likely Impersonator,False,,MGAS CUSTOMER CARE SERVICE AND ORDER PLACEMENT > ... The MGAS CUSTOMER CARE SERVICE AND ORDER ... Furahia Upishi poa na Mgas Kenya . Call/whatsapp ...,,,,,DDGS,[],"{'phones': [], 'emails': [], 'whatsapp': [], 'mpesa_paybill_or_till': []}",['customer care'],[],False,[],Auto-detected via DDGS search,Public data only - no ToS violations,"{'fake_contacts': False, 'numbered_name': False, 'unauthorized_group': True}"
Group,MGAS KENYA CALL 📞 OR WHATSAPP 0736965095 Low ...,https://www.facebook.com/groups/1327884598298290/posts/mgas-kenya-call-or-whatsapp-0736965095low-upfront-cost-low-initial-stove-deposit/1341723926914357/,,16,Likely Impersonator,False,,MGAS KENYA CALL OR WHATSAPP 0736965095 Low ... MGAS KENYA CALL OR WHATSAPP 0736965095 Low ... Customer Care . DEPOSIT 550 shillings 25 shillings ...,,,,,DDGS,[],"{'phones': ['0736965095', '0736965095'], 'emails': [], 'whatsapp': [], 'mpesa_paybill_or_till': []}",['customer care'],"['0736965095', '0736965095', '0736965095']",False,[],Auto-detected via DDGS search,Public data only - no ToS violations,"{'fake_contacts': True, 'numbered_name': False, 'unauthorized_group': True}"
Group,M-GAS SAFARICOM KINDLY CALL OR TEXT ON WHAT'S ...,https://www.facebook.com/groups/966324677961372/posts/1468654497728385/,,16,Likely Impersonator,False,,... Support FREE Delivery – We bring it straight to you! ... MGAS KENYA profile picture. MGAS KENYA ▻M-GAS SAFARICOM KINDLY CALL OR TEXT ON ...,,,,,DDGS,[],"{'phones': [], 'emails': [], 'whatsapp': [], 'mpesa_paybill_or_till': []}",['support'],[],False,[],Auto-detected via DDGS search,Public data only - no ToS violations,"{'fake_contacts': False, 'numbered_name': False, 'unauthorized_group': True}"
Group,MGAS KENYA 0739557241,https://www.facebook.com/groups/1573778559875972/,,16,Likely Impersonator,False,,"Mgas Kenya are you interestedWhat is the best ... Mgas Kenya are you interestedWhat is the best type you want the most 1. ... Message Customer Support on WhatsApp, ...",,,,,DDGS,[],"{'phones': [], 'emails': [], 'whatsapp': [], 'mpesa_paybill_or_till': []}",['support'],['0739557241'],False,[],Auto-detected via DDGS search,Public data only - no ToS violations,"{'fake_contacts': True, 'numbered_name': False, 'unauthorized_group': True}"
Group,only 1550 u get your KOKO COOKER plus 2 free refills ...,https://www.facebook.com/groups/946341743435549/posts/1240761353993585/,,16,Likely Impersonator,False,,"@ only 1550 u get your KOKO COOKER plus 2 free refills , inbox or reach us on 0103619903 we deliver country wide via parcels ; Caleb Ndisio ...",,,,,DDGS,[],"{'phones': ['0103619903'], 'emails': [], 'whatsapp': [], 'mpesa_paybill_or_till': []}",[],['0103619903'],False,[],Auto-detected via DDGS search,Public data only - no ToS violations,"{'fake_contacts': True, 'numbered_name': False, 'unauthorized_group': False}"
Group,only 1550 u get your KOKO COOKER plus 2 free refills ...,https://www.facebook.com/groups/946341743435549/posts/1240222714047449/,,16,Likely Impersonator,False,,"only 1550 u get your KOKO COOKER plus 2 free refills , inbox or reach us on 0103619903 we deliver country wide via parcels.",,,,,DDGS,[],"{'phones': ['0103619903'], 'emails': [], 'whatsapp': [], 'mpesa_paybill_or_till': []}",[],['0103619903'],False,[],Auto-detected via DDGS search,Public data only - no ToS violations,"{'fake_contacts': True, 'numbered_name': False, 'unauthorized_group': False}"
Group,M-GAS KENYA LIMITED 0738002423,https://www.facebook.com/groups/886437143029196/,,16,Likely Impersonator,False,,M-GAS KENYA LTD 0103676804 #furahiaupishipoa #furahiamgas # MGAS #kenya ... #MGAS # agent #0103676804 REQUIREMENTS FOR PURCHASING M-GAS ARE: ✓Original ...,,,,,DDGS,[],"{'phones': ['0103676804', '0103676804'], 'emails': [], 'whatsapp': [], 'mpesa_paybill_or_till': []}",['agent'],"['0103676804', '0103676804', '0738002423']",False,[],Auto-detected via DDGS search,Public data only - no ToS violations,"{'fake_contacts': True, 'numbered_name': False, 'unauthorized_group': True}"
Group,Mgas delivery services in Kenya with weekly payment plans,https://www.facebook.com/groups/598504922024144/posts/980260800515219/,,16,Likely Impersonator,False,,MGAS KENYA : 0100863356. 2.3K members. Join. COPIA. 3.6K members. Join ... COPIA AGENT PLACE YOUR O... 14K members. Join. WATU CREDIT KENYA ...,,,,,DDGS,[],"{'phones': ['0100863356'], 'emails': [], 'whatsapp': [], 'mpesa_paybill_or_till': []}",['agent'],['0100863356'],False,[],Auto-detected via DDGS search,Public data only - no ToS violations,"{'fake_contacts': True, 'numbered_name': False, 'unauthorized_group': True}"
Group,M-GAS SAFARICOM KINDLY CALL OR TEXT ON WHAT'S ...,https://www.facebook.com/groups/966324677961372/posts/1468502757743559/,,16,Likely Impersonator,False,,1 hr . Other posts. Nancy Nyangi Nyajoseme profile picture. Nancy ... MGAS KENYA profile picture. MGAS KENYA ▻M-GAS SAFARICOM KINDLY CALL ...,,,,,DDGS,[],"{'phones': [], 'emails': [], 'whatsapp': [], 'mpesa_paybill_or_till': []}",[],[],False,[],Auto-detected via DDGS search,Public data only - no ToS violations,"{'fake_contacts': False, 'numbered_name': False, 'unauthorized_group': True}"
Group,(SAFARICOM)MGAS KENYA 🇰🇪⛽ M-Gas Requirements,https://www.facebook.com/groups/408874720439060/posts/1237173760942481/,,16,Likely Impersonator,False,,Mgas Kenya are you interested What is the best type you want ... Hr Opiyo Helpdesk Opiyo profile picture. Hr Opiyo Helpdesk Opiyo. 15h ...,,,,,DDGS,[],"{'phones': [], 'emails': [], 'whatsapp': [], 'mpesa_paybill_or_till': []}",[],[],False,[],Auto-detected via DDGS search,Public data only - no ToS violations,"{'fake_contacts': False, 'numbered_name': False, 'unauthorized_group': True}"
Group,"Join Careers Crafters Network for more job vacancies, don`...",https://www.facebook.com/groups/1548824975418165/posts/3632644573702851/,,0,Low Risk/Unrelated,False,,"Join Careers Crafters Network for more job vacancies, don`t miss ... Join Careers Crafters Network ... @everyone Ni ya leo Mgas kenya imekuja na offer ...",,,,,DDGS,[],"{'phones': [], 'emails': [], 'whatsapp': [], 'mpesa_paybill_or_till': []}",[],[],False,[],Auto-detected via DDGS search,Public data only - no ToS violations,"{'fake_contacts': False, 'numbered_name': False, 'unauthorized_group': False}"
Group,HF Group Hiring In Nairobi 1. Scrum Master 2. Officer ...,https://www.facebook.com/groups/201801783357666/posts/2564973760373778/,,16,Likely Impersonator,False,,ke/ careers /jobsListing #HFCareers #NairobiJobs #BankingJobs #ScrumMaster #KenyaJobs ... Mgas Kenya . 56m . M GAS KENYA PIKA BILA STRESS 1️⃣ Burner ...,,,,,DDGS,[],"{'phones': [], 'emails': [], 'whatsapp': [], 'mpesa_paybill_or_till': []}",[],[],False,[],Auto-detected via DDGS search,Public data only - no ToS violations,"{'fake_contacts': False, 'numbered_name': False, 'unauthorized_group': False}"
