entity_type,name,url,username_or_id,risk_score,risk_label,tagline_match,category,about_snippet,followers_count,members_count,creation_date,primary_country,found_via,recent_post_examples,contact_handles_detected,suspicious_claims,screenshot_paths,notes,compliance_note
Page,Facebook M-Gas | Facebook,https://www.facebook.com/MGasKenya/,,0,Low Risk/Unrelated,False,,"M - Gas . 54,660 likes · 320 talking about this. M - Gas is changing lives by providing pay-as-you-go cooking gas to all Kenyans.",,,,,DDGS,[],"{'phones': [], 'emails': [], 'whatsapp': [], 'mpesa_paybill_or_till': []}",[],[],Auto-detected via DDGS search,Public data only - no ToS violations
Page,Facebook Oh My Gas! Lifetime Free Gas! promo is back!!! | Lifetime FREE gas? Oh my gas! Yes! SEAOIL's Lifetime Free Gas! Oh My Gas! promo is back --now on its 3rd year. Will you be one of the four lucky... | By SEAOIL | Facebook,https://www.facebook.com/SEAOIL/videos/oh-my-gas-lifetime-free-gas-promo-is-back/344325046460844/,,0,Low Risk/Unrelated,False,,Lifetime FREE gas ? Oh my gas ! Yes! SEAOIL's Lifetime Free Gas ! Oh My Gas ! promo is back --now on its 3rd year. Will you be one of the four lucky...,,,,,DDGS,[],"{'phones': [], 'emails': [], 'whatsapp': [], 'mpesa_paybill_or_till': []}",['promo'],[],Auto-detected via DDGS search,Public data only - no ToS violations
Group,Facebook M-GAS COMPANY LTD 0787813153,https://www.facebook.com/groups/1416701029150257/,,0,Low Risk/Unrelated,False,,Popular groups · Find communities for you · Over 1 billion people across the globe are using Facebook Groups to explore their favorite topics · Log in · Categories · Science & tech · Travel · Animals ,,,,,DDGS,[],"{'phones': [], 'emails': [], 'whatsapp': [], 'mpesa_paybill_or_till': []}",[],[],Auto-detected via DDGS search,Public data only - no ToS violations
Page,Facebook M-Gas | Facebook,https://www.facebook.com/MGasKenya/,,0,Low Risk/Unrelated,False,,"M - Gas . 54,660 likes · 320 talking about this. M - Gas is changing lives by providing pay-as-you-go cooking gas to all Kenyans.",,,,,DDGS,[],"{'phones': [], 'emails': [], 'whatsapp': [], 'mpesa_paybill_or_till': []}",[],[],Auto-detected via DDGS search,Public data only - no ToS violations
Group,Import and Export in Korea> - Facebook,https://www.facebook.com/groups/982277263105399/,,0,Low Risk/Unrelated,False,,"[4/20, 11:03 AM] Nelson Kelechi: 🎗️🔥🔥3 *in1 🛢️ OIL 🪔 AND GAS ⛽ LICENSES FOR SALE AT A GIVEAWAY PRICE* 🔥🔥 Our Seller is offering 3 separate licenses for a total amount of: *13Billions* 📍1).One to impor",,,,,DDGS,[],"{'phones': [], 'emails': [], 'whatsapp': [], 'mpesa_paybill_or_till': []}",[],[],Auto-detected via DDGS search,Public data only - no ToS violations
Group,SKYWAVE ADVERTS> - Facebook,https://www.facebook.com/groups/1209168100409027/,,0,Low Risk/Unrelated,False,,M Gas Compa Feb 19 Free files on Whatsapphttps://chat.whatsapp. com/I4rQpfU7znv7KN64UwKlzq Cesar Benitez Arce and 3 others 4 4 Vpn File Feb 19 https://chat.whatsapp. com/I4rQpfU7znv7KN64UwKlzq Mo Ses ,,,,,DDGS,[],"{'phones': [], 'emails': [], 'whatsapp': [], 'mpesa_paybill_or_till': []}",[],[],Auto-detected via DDGS search,Public data only - no ToS violations
Page,M-Gas - Need assistance with your M-Gas? Call us at 0800...,https://www.facebook.com/MGasKenya/posts/571958275586373/,,0,Low Risk/Unrelated,False,,"Need assistance with your M - Gas ? Call us at 0800 721 148, our dedicated customer care team is ready to support you every step of the way!...",,,,,DDGS,[],"{'phones': [], 'emails': [], 'whatsapp': [], 'mpesa_paybill_or_till': []}","['customer care', 'support']",[],Auto-detected via DDGS search,Public data only - no ToS violations
Page,M-Gas - Facebook M Gas Kenya - Facebook M-gas Company Kenya - Facebook M-GAS COMPANY LTD 0787813153 | Facebook M-Gas Kenya> - Facebook M-GAS KENYA LIMITED (0111944487) | Need assistance with your .....,https://www.facebook.com/MGasKenya/,,0,Low Risk/Unrelated,False,,"M - Gas . 54,749 likes · 271 talking about this. M - Gas is changing lives by providing pay-as-you-go cooking gas to all Kenyans. M Gas Kenya May 13 Tumefungua Nanyuki!😁 Pata M-Gas yako leo and get a ",,,,,DDGS,[],"{'phones': [], 'emails': [], 'whatsapp': [], 'mpesa_paybill_or_till': []}","['customer care', 'support']",[],Auto-detected via DDGS search,Public data only - no ToS violations
Page,Southern Gas Corporation Mindoro Branch | Calapan - Facebook Albay Gas Corporation - Facebook M-Gas Franchising Philippines - Facebook M.Gas Heating & Plumbing | Oldbury - Facebook Dominico LPG Trading | Binangonan - Facebook C&M Gas - Plumbing - Heating | Stockton-on-Tees - Facebook LETS SUPPORT LOCAL LETS SUPPORT OUR ECONOMY R.E.M. GAS ...,https://www.facebook.com/OrMinIslandGas/,,0,Low Risk/Unrelated,False,,"Thank you for the trust and support , mr. Ritchard! We are here to support you throughout your M-GAS Journey. We are still open here in Calapan Oriental Mindoro be the first franshisee here in Calapan",,,,,DDGS,[],"{'phones': [], 'emails': [], 'whatsapp': [], 'mpesa_paybill_or_till': []}","['authorized', 'support']",[],Auto-detected via DDGS search,Public data only - no ToS violations
Page,Albay Gas Corporation - Facebook M-Gas Franchising Philippines - Facebook M.Gas Heating & Plumbing | Oldbury - Facebook Dominico LPG Trading | Binangonan - Facebook C&M Gas - Plumbing - Heating | Stockton-on-Tees - Facebook LETS SUPPORT LOCAL LETS SUPPORT OUR ECONOMY R.E.M. GAS ...,https://www.facebook.com/100063718218905/,,0,Low Risk/Unrelated,False,,"Jun 10, 2021 · M-Gas Franchising Philippines Mar 22, 2021 Ms. Irma Gonzales has been an authorized reseller of Island Gas for years and last year, she decided to franchise M-GAS in Polangui, Albay. Th",,,,,DDGS,[],"{'phones': [], 'emails': [], 'whatsapp': [], 'mpesa_paybill_or_till': []}","['authorized', 'support']",[],Auto-detected via DDGS search,Public data only - no ToS violations
Page,"M-gas now, Pay Later! Get 3 LPG refills for only 50 pesos per day ...",https://m.facebook.com/mgasconcepciontarlac/posts/m-gas-now-pay-laterget-3-lpg-refills-for-only-50-pesos-per-daycontact-us-0998583/122120095448783567/,,0,Low Risk/Unrelated,False,,"M-gas now, Pay Later! Get 3 LPG refills for only 50 pesos per day! Contact us: 09985839393 · Avail our 10+1 PROMO‼️ Buy 10 11-kg M-gas refill and get 1 free for ...",,,,,DDGS,[],"{'phones': [], 'emails': [], 'whatsapp': [], 'mpesa_paybill_or_till': []}",['promo'],[],Auto-detected via DDGS search,Public data only - no ToS violations
Group,Mascom Gas Trading Gas Refilling and Exchanges ...,https://www.facebook.com/groups/1651677148403782/posts/3990681181170022/,,0,Low Risk/Unrelated,False,,OCR: MASCOM GAS TRADING CONVINIENTAND RELIABLE TERRARIF M GAS REFILLS & EXCHANGE GAS EQUIPMENT & ACCESSORIE FREE DELIVERY!!!,,,,,DDGS,[],"{'phones': [], 'emails': [], 'whatsapp': [], 'mpesa_paybill_or_till': []}",[],[],Auto-detected via DDGS search,Public data only - no ToS violations
Page,Facebook Helibox - Sultani Gas is a leading BOC gas agent providing ...,https://m.facebook.com/Helibox1/photos/sultani-gas-is-a-leading-boc-gas-agent-providing-acetylene-air-argon-carbon-diox/453041966238372/,,0,Low Risk/Unrelated,False,,"See posts, photos and more on Facebook",,,,,DDGS,[],"{'phones': [], 'emails': [], 'whatsapp': [], 'mpesa_paybill_or_till': []}",[],[],Auto-detected via DDGS search,Public data only - no ToS violations
Page,Facebook M/s. Das Gas Agency,https://www.facebook.com/p/Ms-Das-Gas-Agency-100063573894321/,,0,Low Risk/Unrelated,False,,M /s. Das Gas Agency. 107 likes · 2 were here. we provide good service....,,,,,DDGS,[],"{'phones': [], 'emails': [], 'whatsapp': [], 'mpesa_paybill_or_till': []}",[],[],Auto-detected via DDGS search,Public data only - no ToS violations
Page,M-Gas 📍: #Nairobi #Internship ⏱️ Deadline: 11th Aug ...,https://www.facebook.com/campusbizke/posts/-hr-digital-and-engagement-internship-m-gas-nairobi-internship-️-deadline-11th-a/1089234726681358/,,0,Low Risk/Unrelated,False,,HR Digital and Engagement Internship : M-Gas : #Nairobi #Internship ⏱️ Deadline: 11th Aug 2025 Apply >>: https://campusbiz.co.,,,,,DDGS,[],"{'phones': [], 'emails': [], 'whatsapp': [], 'mpesa_paybill_or_till': []}",[],[],Auto-detected via DDGS search,Public data only - no ToS violations
Page,Congratulations M-Gas on becoming seamless! Your HR ...,https://m.facebook.com/seamlesshrlimited/videos/congratulations-m-gas-on-becoming-seamless-your-hr-functions-just-got-a-whole-lo/461978979957015/,,0,Low Risk/Unrelated,False,,"Congratulations M-Gas on becoming seamless! Your HR functions just got a whole lot simpler, faster, and more efficient! Click the link below to become seamless ...",,,,,DDGS,[],"{'phones': [], 'emails': [], 'whatsapp': [], 'mpesa_paybill_or_till': []}",[],[],Auto-detected via DDGS search,Public data only - no ToS violations
Page,We are Hiring M-Gas is seeking motivated and dynamic ...,https://www.facebook.com/MGasKenya/posts/we-are-hiring-m-gas-is-seeking-motivated-and-dynamic-individuals-in-nairobi-regi/688151853967014/,,0,Low Risk/Unrelated,False,,... ://mgas.ke/ careers / or Job Links: https://mgas. seamlesshiring.com/h/advanced#/jobs and apply. mgas.ke. Careers | M-Gas . 3 mos. Evans Opiyo.,,,,,DDGS,[],"{'phones': [], 'emails': [], 'whatsapp': [], 'mpesa_paybill_or_till': []}",[],[],Auto-detected via DDGS search,Public data only - no ToS violations
Page,We are Hiring M-Gas is seeking motivated and dynamic ...,https://www.facebook.com/MGasKenya/posts/we-are-hiringm-gas-is-seeking-motivated-and-dynamic-individuals-in-nairobi-regio/647850331330500/,,0,Low Risk/Unrelated,False,,"Hello Serge Pk Ibaaka, regularly check our website page at: https://mgas.ke/ under the Careers tab for the latest job openings! mgas.ke. M-Gas | ...",,,,,DDGS,[],"{'phones': [], 'emails': [], 'whatsapp': [], 'mpesa_paybill_or_till': []}",[],[],Auto-detected via DDGS search,Public data only - no ToS violations
Group,ENJOY COOKING WITH M~GAS💥 ✅️Deposit 550 shillings ...,https://www.facebook.com/groups/878566720242965/posts/1526146258818338/,,0,Low Risk/Unrelated,False,,... M-GAS M -GAS AFFORDABLE LPG You decide how much to spend. miGas ... SUN KING OFFICE LINE * 09164224523 PROMO ! PROMO !! PROMO ...,,,,,DDGS,[],"{'phones': [], 'emails': [], 'whatsapp': [], 'mpesa_paybill_or_till': []}",['promo'],[],Auto-detected via DDGS search,Public data only - no ToS violations
Page,"End of June Promo‼️ For every 1 tank of 11kg M-gas, you will ...",https://www.facebook.com/61573549531758/posts/end-of-june-promo️for-every-1-tank-of-11kg-m-gas-you-will-get-a-free-350ml-of-di/122135078354784984/,,0,Low Risk/Unrelated,False,,"End of June Promo ‼️ For every 1 tank of 11kg M-gas , you will get a free 350ml of Dishwashing Liquid. Promo runs until supplies last. Contact# (0998) 543 0916 ...",,,,,DDGS,[],"{'phones': [], 'emails': [], 'whatsapp': [], 'mpesa_paybill_or_till': []}",['promo'],[],Auto-detected via DDGS search,Public data only - no ToS violations
Group,M-gas Kenya limited special offers,https://www.facebook.com/groups/957825675925241/posts/mgas-with-special-offers-12-bob-tu-dial-479-ku-register-for-m-gas-leo-pikakwabei/1271854731188999/,,0,Low Risk/Unrelated,False,,MGAS With Special offers 12 bob tu! Dial *479# ku register for M-Gas leo. #PikaKwaBeiYako #FurahiaUpishiWako #MGas Call 0752611017 Deposit ...,,,,,DDGS,[],"{'phones': [], 'emails': [], 'whatsapp': [], 'mpesa_paybill_or_till': []}",[],[],Auto-detected via DDGS search,Public data only - no ToS violations
Group,M-GAS KENYA LIMITED (0752611017),https://www.facebook.com/groups/957825675925241/,,0,Low Risk/Unrelated,False,,M-GAS KENYA LIMITED is a Facebook group focused on providing pay-as-you-go cooking gas solutions to Kenyans. The group offers affordable cooking options ...,,,,,DDGS,[],"{'phones': [], 'emails': [], 'whatsapp': [], 'mpesa_paybill_or_till': []}",[],[],Auto-detected via DDGS search,Public data only - no ToS violations
Group,Mr. M's gas giveaway with cars lined up,https://www.facebook.com/groups/1115480395465731/posts/1757254114621686/,,0,Low Risk/Unrelated,False,,Looks like Mr. M's is having a gas giveaway . . . cars are lined up for miles ... m's gas giveaway . . free gas giveaway near me. Other posts. Related groups.,,,,,DDGS,[],"{'phones': [], 'emails': [], 'whatsapp': [], 'mpesa_paybill_or_till': []}",[],[],Auto-detected via DDGS search,Public data only - no ToS violations
Page,Willie Wilson's $1M gas giveaway starts in a few hours. Sarah ...,https://www.facebook.com/WGNMorningNews/videos/willie-wilsons-1m-gas-giveaway-starts-in-a-few-hours-sarah-jindra-has-the-latest/307075588218789/,,0,Low Risk/Unrelated,False,,Willie Wilson's $1 M gas giveaway starts in a few hours. Sarah Jindra has the latest traffic conditions. See the full list of where to get free fuel:...,,,,,DDGS,[],"{'phones': [], 'emails': [], 'whatsapp': [], 'mpesa_paybill_or_till': []}",[],[],Auto-detected via DDGS search,Public data only - no ToS violations
Page,M-Gas - Need assistance with your M-Gas? Call us at 0800...,https://www.facebook.com/MGasKenya/posts/571958275586373/,,0,Low Risk/Unrelated,False,,"Need assistance with your M - Gas ? Call us at 0800 721 148, our dedicated customer care team is ready to support you every step of the way!...",,,,,DDGS,[],"{'phones': [], 'emails': [], 'whatsapp': [], 'mpesa_paybill_or_till': []}","['customer care', 'support']",[],Auto-detected via DDGS search,Public data only - no ToS violations
Page,M-Gas - Facebook M-gas Company Kenya - Facebook M Gas Kenya - Facebook M-GAS COMPANY LTD 0787813153 | Facebook M-GAS COMPANY 0787813153 - Facebook M-GAS KENYA LIMITED (0111944487) | Need assistance with your .....,https://www.facebook.com/MGasKenya/,,0,Low Risk/Unrelated,False,,"M - Gas . 54,749 likes · 271 talking about this. M - Gas is changing lives by providing pay-as-you-go cooking gas to all Kenyans. ilikupokea huduma za M - Gas ama tupigie Simu kupitia CUSTOMER CARE NU",,,,,DDGS,[],"{'phones': [], 'emails': [], 'whatsapp': [], 'mpesa_paybill_or_till': []}","['customer care', 'support']",[],Auto-detected via DDGS search,Public data only - no ToS violations
Page,Need assistance with your M-Gas? Call us at 0800 721 ...,https://www.facebook.com/MGasKenya/posts/need-assistance-with-your-m-gas-call-us-at-0800-721-148-our-dedicated-customer-c/571958275586373/,,0,Low Risk/Unrelated,False,,"Need assistance with your M-Gas ? Call us at 0800 721 148, our dedicated customer care team is ready to support you every step of the way!",,,,,DDGS,[],"{'phones': [], 'emails': [], 'whatsapp': [], 'mpesa_paybill_or_till': []}","['customer care', 'support']",[],Auto-detected via DDGS search,Public data only - no ToS violations
Group,Need assistance with your M-Gas? Call us,https://www.facebook.com/groups/957825675925241/posts/1123317796042694/,,0,Low Risk/Unrelated,False,,"Need assistance with your M-Gas ? Call us at 0111944487,or Any inquiry of our services. our dedicated customer care team is ready to support ...",,,,,DDGS,[],"{'phones': [], 'emails': [], 'whatsapp': [], 'mpesa_paybill_or_till': []}","['customer care', 'support']",[],Auto-detected via DDGS search,Public data only - no ToS violations
Page,"M-gas now, Pay Later! Get 3 LPG refills for only 50 pesos per day ...",https://m.facebook.com/mgasconcepciontarlac/posts/m-gas-now-pay-laterget-3-lpg-refills-for-only-50-pesos-per-daycontact-us-0998583/122120095448783567/,,0,Low Risk/Unrelated,False,,"M-gas now, Pay Later! Get 3 LPG refills for only 50 pesos per day! Contact us: 09985839393 · Avail our 10+1 PROMO‼️ Buy 10 11-kg M-gas refill and get 1 free for ...",,,,,DDGS,[],"{'phones': [], 'emails': [], 'whatsapp': [], 'mpesa_paybill_or_till': []}",['promo'],[],Auto-detected via DDGS search,Public data only - no ToS violations
Group,Mascom Gas Trading Gas Refilling and Exchanges ...,https://www.facebook.com/groups/1651677148403782/posts/3990681181170022/,,0,Low Risk/Unrelated,False,,OCR: MASCOM GAS TRADING CONVINIENTAND RELIABLE TERRARIF M GAS REFILLS & EXCHANGE GAS EQUIPMENT & ACCESSORIE FREE DELIVERY!!!,,,,,DDGS,[],"{'phones': [], 'emails': [], 'whatsapp': [], 'mpesa_paybill_or_till': []}",[],[],Auto-detected via DDGS search,Public data only - no ToS violations
Group,M GAS LIPA MOS MOS AGENT NUMBER CALL OR WHATSAPP ...,https://www.facebook.com/groups/1135545828247507/,,0,Low Risk/Unrelated,False,,M GAS LIPA MOS MOS AGENT NUMBER CALL OR WHATSAPP US ON 01034551594 > · Ukiwa na deposit ya 550/= Unapokea m-gas yako leo kila wiki utakua unalipia 35/= Ukiwa ...,,,,,DDGS,[],"{'phones': [], 'emails': [], 'whatsapp': [], 'mpesa_paybill_or_till': []}",['agent'],[],Auto-detected via DDGS search,Public data only - no ToS violations
Group,M-GAS KENYA LTD AGENT CALL (0738002423/+ ...,https://www.facebook.com/groups/289318563672325/,,0,Low Risk/Unrelated,False,,We Are Offering M-Gas (+254738286927). At A Minimum Deposit Of 550/= You Get A 13kgs Cylinder And Two Burners Gas Cooker. @highlight M-GAS KENYA LTD AGENT CALL ...,,,,,DDGS,[],"{'phones': ['+254738286927'], 'emails': [], 'whatsapp': [], 'mpesa_paybill_or_till': []}",['agent'],[],Auto-detected via DDGS search,Public data only - no ToS violations
Page,M-Gas 📍: #Nairobi #Internship ⏱️ Deadline: 11th Aug ...,https://www.facebook.com/campusbizke/posts/-hr-digital-and-engagement-internship-m-gas-nairobi-internship-️-deadline-11th-a/1089234726681358/,,0,Low Risk/Unrelated,False,,HR Digital and Engagement Internship : M-Gas : #Nairobi #Internship ⏱️ Deadline: 11th Aug 2025 Apply >>: https://campusbiz.co.,,,,,DDGS,[],"{'phones': [], 'emails': [], 'whatsapp': [], 'mpesa_paybill_or_till': []}",[],[],Auto-detected via DDGS search,Public data only - no ToS violations
Page,Congratulations M-Gas on becoming seamless! Your HR ...,https://m.facebook.com/seamlesshrlimited/videos/congratulations-m-gas-on-becoming-seamless-your-hr-functions-just-got-a-whole-lo/461978979957015/,,0,Low Risk/Unrelated,False,,"Congratulations M-Gas on becoming seamless! Your HR functions just got a whole lot simpler, faster, and more efficient! Click the link below to become seamless ...",,,,,DDGS,[],"{'phones': [], 'emails': [], 'whatsapp': [], 'mpesa_paybill_or_till': []}",[],[],Auto-detected via DDGS search,Public data only - no ToS violations
Page,We are Hiring M-Gas is seeking motivated and dynamic ...,https://www.facebook.com/MGasKenya/posts/we-are-hiring-m-gas-is-seeking-motivated-and-dynamic-individuals-in-nairobi-regi/688151853967014/,,0,Low Risk/Unrelated,False,,... ://mgas.ke/ careers / or Job Links: https://mgas. seamlesshiring.com/h/advanced#/jobs and apply. mgas.ke. Careers | M-Gas . 3 mos. Evans Opiyo.,,,,,DDGS,[],"{'phones': [], 'emails': [], 'whatsapp': [], 'mpesa_paybill_or_till': []}",[],[],Auto-detected via DDGS search,Public data only - no ToS violations
Page,We are Hiring M-Gas is seeking motivated and dynamic ...,https://www.facebook.com/MGasKenya/posts/we-are-hiringm-gas-is-seeking-motivated-and-dynamic-individuals-in-nairobi-regio/647850331330500/,,0,Low Risk/Unrelated,False,,"Hello Serge Pk Ibaaka, regularly check our website page at: https://mgas.ke/ under the Careers tab for the latest job openings! mgas.ke. M-Gas | ...",,,,,DDGS,[],"{'phones': [], 'emails': [], 'whatsapp': [], 'mpesa_paybill_or_till': []}",[],[],Auto-detected via DDGS search,Public data only - no ToS violations
Group,charcoal stove promo is,https://www.facebook.com/groups/307365138803135/posts/charcoal-stove-promo-is-still-going-onprice-is-large-3100medium-2600small-1850no/708675682005410/,,0,Low Risk/Unrelated,False,,CHARCOAL STOVE PROMO IS STILL GOING ON!!! Price is Large 3100 ... M-GAS KENYA PIKA BILA STRESS ..⭐Call:+ ...,,,,,DDGS,[],"{'phones': [], 'emails': [], 'whatsapp': [], 'mpesa_paybill_or_till': []}",['promo'],[],Auto-detected via DDGS search,Public data only - no ToS violations
Group,M GAS KENYA PIKA BILA STRESS 2️⃣ Burners=@550 ...,https://www.facebook.com/groups/878566720242965/posts/1506157904150507/,,0,Low Risk/Unrelated,False,,"M GAS KENYA PIKA BILA STRESS 2️⃣ Burners=@550 3️⃣ Burners ... PROMO PROMO PROMO pics, (08123504984).50% Promo is going on ...",,,,,DDGS,[],"{'phones': [], 'emails': [], 'whatsapp': [], 'mpesa_paybill_or_till': []}",['promo'],[],Auto-detected via DDGS search,Public data only - no ToS violations
Group,M-GAS KENYA LIMITED (0752611017),https://www.facebook.com/groups/957825675925241/,,0,Low Risk/Unrelated,False,,M-GAS KENYA LIMITED is a Facebook group focused on providing pay-as-you-go cooking gas solutions to Kenyans. The group offers affordable cooking options ...,,,,,DDGS,[],"{'phones': [], 'emails': [], 'whatsapp': [], 'mpesa_paybill_or_till': []}",[],[],Auto-detected via DDGS search,Public data only - no ToS violations
Group,M Gas Kenya offers gas delivery services,https://www.facebook.com/groups/1140874097101535/posts/1484917839363824/,,0,Low Risk/Unrelated,False,,M GAS COMPANY KENYA 0105030499 | M Gas Kenya offers gas delivery services. Public group. . 7.6K Members · Join group. MGAS COMPANY LTD KENYA ...,,,,,DDGS,[],"{'phones': [], 'emails': [], 'whatsapp': [], 'mpesa_paybill_or_till': []}",[],[],Auto-detected via DDGS search,Public data only - no ToS violations
Group,ANOTHER GIVEAWAY CHALLENGE! 🎉 Want ...,https://www.facebook.com/groups/844685979256352/posts/2667103730347892/,,0,Low Risk/Unrelated,False,,"ANOTHER GIVEAWAY CHALLENGE! Want to WIN a ... ANOTHER GIVEAWAY CHALLENGE! Want to WIN ... M-GAS KENYA LIMITED COMPANY, Mercy Abungu, Jonathan G.",,,,,DDGS,[],"{'phones': [], 'emails': [], 'whatsapp': [], 'mpesa_paybill_or_till': []}",[],[],Auto-detected via DDGS search,Public data only - no ToS violations
Group,M GAS KENYA PIKA BILA STRESS CALL US or ...,https://www.facebook.com/groups/1006090580858866/posts/1414235310044389/,,0,Low Risk/Unrelated,False,,M GAS KENYA PIKA BILA STRESS CALL US or WHATSAPP + ... Ellen DeGeneres giveaway profile picture. Ellen DeGeneres giveaway . 5d ...,,,,,DDGS,[],"{'phones': [], 'emails': [], 'whatsapp': [], 'mpesa_paybill_or_till': []}",[],[],Auto-detected via DDGS search,Public data only - no ToS violations
Group,Need assistance with your M-Gas? Call us,https://www.facebook.com/groups/957825675925241/posts/1123317796042694/,,0,Low Risk/Unrelated,False,,... customer care team is ready to support you every step of the way ... M-GAS KENYA LIMITED (0752611017) | Need assistance with your M ...,,,,,DDGS,[],"{'phones': [], 'emails': [], 'whatsapp': [], 'mpesa_paybill_or_till': []}","['customer care', 'support']",[],Auto-detected via DDGS search,Public data only - no ToS violations
Group,Need assistance with your M-Gas? Call us at 0780683 ...,https://www.facebook.com/groups/1441100829930644/posts/1552119652162094/,,0,Low Risk/Unrelated,False,,... customer care team is ready to support you every ... M-GAS KENYA LIMITED (0113986554) | Need ... our dedicated customer care team is ready to support you every ...,,,,,DDGS,[],"{'phones': [], 'emails': [], 'whatsapp': [], 'mpesa_paybill_or_till': []}","['customer care', 'support']",[],Auto-detected via DDGS search,Public data only - no ToS violations
Group,Need assistance with your M-Gas? Call us,https://www.facebook.com/groups/957825675925241/posts/1123317796042694/,,0,Low Risk/Unrelated,False,,... support you every ... M-GAS KENYA LIMITED (0752611017) | Need assistance with your M-Gas? Call us. Public group.,,,,,DDGS,[],"{'phones': [], 'emails': [], 'whatsapp': [], 'mpesa_paybill_or_till': []}",['support'],[],Auto-detected via DDGS search,Public data only - no ToS violations
Group,Need assistance with your M-Gas? Call us at 0780683 ...,https://www.facebook.com/groups/1441100829930644/posts/1552119652162094/,,0,Low Risk/Unrelated,False,,M-GAS KENYA LIMITED (0113986554) | Need ... our dedicated customer care team is ready to support you every step of the way! ... M-GAS KENYA LIMITED ...,,,,,DDGS,[],"{'phones': [], 'emails': [], 'whatsapp': [], 'mpesa_paybill_or_till': []}","['customer care', 'support']",[],Auto-detected via DDGS search,Public data only - no ToS violations
Group,ATHIRIVER KITENGELA ONLINE MARKET | Airbnb Kitengela - Facebook,https://www.facebook.com/groups/Athiriver/posts/24569357419366624/,,0,Low Risk/Unrelated,False,,"Aug 31, 2025 · - Pressure pump refills the top tank automatically. - Reliable water supply available 24/7. - Common perimeter electric fence. - Security lights all round the compound.# kenya #sabaki#l",,,,,DDGS,[],"{'phones': [], 'emails': [], 'whatsapp': [], 'mpesa_paybill_or_till': []}",['official'],[],Auto-detected via DDGS search,Public data only - no ToS violations
Group,Gas Refilling ( *all types of gas cylinders)* 📌 Gas complete ...,https://www.facebook.com/groups/295474376849804/posts/706699862393918/,,0,Low Risk/Unrelated,False,,... refills Dealers in: Gas Refilling ( *all types of gas cylinders)* ... M-GAS KENYA PIKA BILA STRESS ..⭐Call ...,,,,,DDGS,[],"{'phones': [], 'emails': [], 'whatsapp': [], 'mpesa_paybill_or_till': []}",[],[],Auto-detected via DDGS search,Public data only - no ToS violations
Group,M-GAS KENYA LTD AGENT CALL (0738002423/+ ...,https://www.facebook.com/groups/289318563672325/,,0,Low Risk/Unrelated,False,,"M-GAS KENYA LTD AGENT CALL (0738002423/+254738286927) > ... This Facebook group is focused on promoting M-Gas Kenya Ltd, a company that offers gas cookers and ...",,,,,DDGS,[],"{'phones': ['+254738286927'], 'emails': [], 'whatsapp': [], 'mpesa_paybill_or_till': []}","['promo', 'agent']",[],Auto-detected via DDGS search,Public data only - no ToS violations
Group,M-GAS KENYA LIMITED 0738002423,https://www.facebook.com/groups/886437143029196/,,0,Low Risk/Unrelated,False,,@highlight M-GAS KENYA LIMITED 0738002423 M-GAS KENYA LTD AGENT CALL (0738002423/+254738286927) - with Harrietez Lorrent and 99 others. May be an image ...,,,,,DDGS,[],"{'phones': ['+254738286927'], 'emails': [], 'whatsapp': [], 'mpesa_paybill_or_till': []}",['agent'],[],Auto-detected via DDGS search,Public data only - no ToS violations
Group,NAKURU BUYING AND SELLING LEGIT SECOND HAND ITEMS ... - Facebook,https://www.facebook.com/groups/758358989008652/posts/1330249241819621/,,0,Low Risk/Unrelated,False,,"1 hr Kuhana Atia Hii sio hiyo kabarabara kanatokea main ya naiswet 1 hr 1 Kibet Terer Torkotin Lakini hata watu wanaharibu barabara now days, unapata mtu mwenye ako site ya chini mahali maji inafaa ku",,,,,DDGS,[],"{'phones': [], 'emails': [], 'whatsapp': [], 'mpesa_paybill_or_till': []}",[],[],Auto-detected via DDGS search,Public data only - no ToS violations
Group,Tvs and accessories | Heavy duty and industrial use Italian ...,https://www.facebook.com/groups/243925403509550/posts/1458213798747365/,,0,Low Risk/Unrelated,False,,"M - GAS KENYA LIMITED 0784 920818 ️𝐃𝐞𝐩𝐨𝐬𝐢𝐲 𝐊𝐬𝐡.550/= ️𝐖𝐞𝐞𝐤𝐥𝐲 𝐊𝐬𝐡.35/= ️𝐓𝐰𝐨 𝐖𝐞𝐞𝐤𝐬 𝐅𝐫𝐞𝐞 𝐔𝐬𝐚𝐠𝐞 ️𝐅𝐫𝐞𝐞 𝐓-𝐒𝐡𝐢𝐫𝐭,𝐔𝐦𝐛𝐫𝐞𝐥𝐥𝐚, & 𝐋𝐢𝐪𝐮𝐢𝐝 𝐒𝐨𝐚𝐩",,,,,DDGS,[],"{'phones': [], 'emails': [], 'whatsapp': [], 'mpesa_paybill_or_till': []}",[],[],Auto-detected via DDGS search,Public data only - no ToS violations
Page,"M-Gas - Facebook M-Gas - We're hiring! To apply, visit our careers ... - Facebook M-Gas - We're hiring in Kangemi! To apply, visit our careers ... Sharon Gas Profiles - Facebook",https://www.facebook.com/MGasKenya/,,0,Low Risk/Unrelated,False,,"ke/ careers /Job Links: https://mgas.seamlesshiring. com/h/advanced#/jobs Nickens Nickens and 150 others 151 94 M- Gas Jul 10 Pika smart na M - Gas clean, safe, na perfect kwa kila meal. For more info",,,,,DDGS,[],"{'phones': [], 'emails': [], 'whatsapp': [], 'mpesa_paybill_or_till': []}",[],[],Auto-detected via DDGS search,Public data only - no ToS violations
Page,"M-Gas - We're hiring! To apply, visit our careers ... - Facebook",https://www.facebook.com/MGasKenya/photos/were-hiring-to-apply-visit-our-careers-website-or-click-on-the-link-httpscareers/250210587761145/,,0,Low Risk/Unrelated,False,,"Jul 10, 2023 · We're hiring! To apply, visit our careers website or click on the link https:// careers .mgas.ke/ #FurahiaUpishiWako #cleancooking #affordablecooking #MGas",,,,,DDGS,[],"{'phones': [], 'emails': [], 'whatsapp': [], 'mpesa_paybill_or_till': []}",[],[],Auto-detected via DDGS search,Public data only - no ToS violations
Page,Modern COAST ltd,https://www.facebook.com/people/Modern-COAST-ltd/100092931717354/,,0,Low Risk/Unrelated,False,,Let them use promo code D7948150 when booking. NAIROBI ➡KIGALI daily ... Mgas Ke and 2 others · . 3 · · Modern COAST ltd profile picture. Modern COAST ...,,,,,DDGS,[],"{'phones': [], 'emails': [], 'whatsapp': [], 'mpesa_paybill_or_till': []}",['promo'],[],Auto-detected via DDGS search,Public data only - no ToS violations
Page,Book your ticket know according to you ability. .NBVip class ...,https://www.facebook.com/100092931717354/posts/book-your-ticket-know-according-to-you-abilitynbvip-class-fares-will-vary-accord/106227452468613/,,0,Low Risk/Unrelated,False,,Let them use promo code D7948150 when booking. NAIROBI ➡KIGALI ... Mgas Ke and 2 others · . 3 · . Related Pages. Mogo loan motorcycle ...,,,,,DDGS,[],"{'phones': [], 'emails': [], 'whatsapp': [], 'mpesa_paybill_or_till': []}",['promo'],[],Auto-detected via DDGS search,Public data only - no ToS violations
Group,SUNDAY SPECIAL OFFER🎊🎊 #MGAS HOT LINE ...,https://www.facebook.com/groups/957825675925241/posts/1261574158883723/,,0,Low Risk/Unrelated,False,,"ANGUKIA OFFERS ZA M-GAS DEPOSIT,1burber 450 shillings ,2 burners 550 ... mgas.ke /. Mabati Romili and 3 others · . 4. 1. · M-GAS ...",,,,,DDGS,[],"{'phones': [], 'emails': [], 'whatsapp': [], 'mpesa_paybill_or_till': []}",[],[],Auto-detected via DDGS search,Public data only - no ToS violations
Group,MGAS SAFARICOM TELL (SALES)0755415011,https://www.facebook.com/groups/4135103280045771/,,0,Low Risk/Unrelated,False,,#MGAS Offers you the best Services ever How many ... Mgas Ke profile picture. Mgas Ke . Admin Apr 24 ... Mgas Ke profile picture. Mgas Ke updated the ...,,,,,DDGS,[],"{'phones': [], 'emails': [], 'whatsapp': [], 'mpesa_paybill_or_till': []}",[],[],Auto-detected via DDGS search,Public data only - no ToS violations
Group,Other posts - Facebook,https://www.facebook.com/groups/893208048514351/posts/1252343285934157/,,0,Low Risk/Unrelated,False,,"... giveaway , Selaelo C Machabaphala, Mma Karabo, Lepelle Khutso Khutsi ... Mgas Ke , Moss Chuma, Jonathan Brize, Mdogo Mdogo Smartphone ...",,,,,DDGS,[],"{'phones': [], 'emails': [], 'whatsapp': [], 'mpesa_paybill_or_till': []}",[],[],Auto-detected via DDGS search,Public data only - no ToS violations
Page,Mgas Upishi Smart Ke,https://m.facebook.com/people/Mgas-Upishi-Smart-Ke/61559184901854/,,0,Low Risk/Unrelated,False,,... CUSTOMER CARE HELPLINE 0734201293ama WhatsApp 0734201293 ilikupokea huduma ... mgas.ke #CleanCooking #MGas #CustomerServiceWeek #PayAsYouCook.,,,,,DDGS,[],"{'phones': [], 'emails': [], 'whatsapp': [], 'mpesa_paybill_or_till': []}",['customer care'],[],Auto-detected via DDGS search,Public data only - no ToS violations
Page,Need assistance with your M-Gas? Call us at 0800 721 ...,https://www.facebook.com/MGasKenya/posts/need-assistance-with-your-m-gas-call-us-at-0800-721-148-our-dedicated-customer-c/571958275586373/,,0,Low Risk/Unrelated,False,,Kindly note that our customer care number is 0 800 721 148 for free calls. ... https:// mgas.ke / Kindly use this form to check for your ...,,,,,DDGS,[],"{'phones': [], 'emails': [], 'whatsapp': [], 'mpesa_paybill_or_till': []}",['customer care'],[],Auto-detected via DDGS search,Public data only - no ToS violations
Page,Need assistance with your M-Gas? Call us at 0800 721 ...,https://www.facebook.com/photo.php?fbid=571958102253057&id=100083166169294&set=a.162860166496188,photo.php?fbid=571958102253057&id=100083166169294&set=a.162860166496188,0,Low Risk/Unrelated,False,,... support you every step of the way! #MGasCustomerService ... https:// mgas.ke / Kindly use this form to check for your location and ...,,,,,DDGS,[],"{'phones': [], 'emails': [], 'whatsapp': [], 'mpesa_paybill_or_till': []}",['support'],[],Auto-detected via DDGS search,Public data only - no ToS violations
Group,Usipatwe off-Guard! Here are the simple steps to have M- ...,https://www.facebook.com/groups/957825675925241/posts/1122355772805563/,,0,Low Risk/Unrelated,False,,"Just Call 0111944487:♻️ For more information, visit our website https:// mgas. ke / ... support is appreciated by Dwenga family asiyo to ngapandle ...",,,,,DDGS,[],"{'phones': [], 'emails': [], 'whatsapp': [], 'mpesa_paybill_or_till': []}",['support'],[],Auto-detected via DDGS search,Public data only - no ToS violations
Page,M-Gas - Ukiwa na M-Gas budget ya gas is totally up to you. ...,https://www.facebook.com/MGasKenya/photos/ukiwa-na-m-gas-budget-ya-gas-is-totally-up-to-you-imagine-uneza-pika-ugali-nyama/603558722426328/,,0,Low Risk/Unrelated,False,,"Hello Steve Kariuki M-Gas does not request any amount for refills or ""updating"" your meter. ... Apply Now: Visit our career portal at https:// mgas. ke /careers/ ...",,,,,DDGS,[],"{'phones': [], 'emails': [], 'whatsapp': [], 'mpesa_paybill_or_till': []}",[],[],Auto-detected via DDGS search,Public data only - no ToS violations
Page,We are Hiring! M-Gas is seeking motivated and dynamic ...,https://www.facebook.com/MGasKenya/posts/we-are-hiringm-gas-is-seeking-motivated-and-dynamic-individuals-to-join-our-team/591689360279931/,,0,Low Risk/Unrelated,False,,... mgas.ke /careers/ All open jobs can be viewed under-Check Ready Jobs ... Ndege Millie To speak to an M-Gas agent kindly call us free on ...,,,,,DDGS,[],"{'phones': [], 'emails': [], 'whatsapp': [], 'mpesa_paybill_or_till': []}",['agent'],[],Auto-detected via DDGS search,Public data only - no ToS violations
Page,We are Hiring M-Gas is seeking motivated and dynamic ...,https://www.facebook.com/MGasKenya/posts/we-are-hiringm-gas-is-seeking-motivated-and-dynamic-individuals-in-nairobi-regio/647850331330500/,,0,Low Risk/Unrelated,False,,"For job opportunities available kindly check our career portal. https://careers. mgas.ke / After applying, please be patient you will be contacted ...",,,,,DDGS,[],"{'phones': [], 'emails': [], 'whatsapp': [], 'mpesa_paybill_or_till': []}",[],[],Auto-detected via DDGS search,Public data only - no ToS violations
Group,"We're hiring in Kitale! To apply, visit our careers website or ...",https://www.facebook.com/groups/957825675925241/posts/1066779485029859/,,0,Low Risk/Unrelated,False,,... mgas.ke / #Ikokazi #hiringnow #jobsinkenya #IkoKaziKE #MGasCareers ... hr @minbuza. nl Have questions? Contact us at the same email ...,,,,,DDGS,[],"{'phones': [], 'emails': [], 'whatsapp': [], 'mpesa_paybill_or_till': []}",[],[],Auto-detected via DDGS search,Public data only - no ToS violations
Page,M-Gas,https://www.facebook.com/MGasKenya/posts/we-are-hiring-in-nairobim-gas-is-seeking-motivated-and-dynamic-individuals-in-na/586877434094457/,,0,Low Risk/Unrelated,False,,... mgas.ke /careers/Job Links: Motorized Technical Sales Representative ... HR team once shortlisted applicants are contacted. 8 mos. Quincy ...,,,,,DDGS,[],"{'phones': [], 'emails': [], 'whatsapp': [], 'mpesa_paybill_or_till': []}",[],[],Auto-detected via DDGS search,Public data only - no ToS violations
Page,We are Hiring M-Gas is seeking motivated and dynamic ...,https://www.facebook.com/MGasKenya/posts/we-are-hiringm-gas-is-seeking-motivated-and-dynamic-individuals-in-nairobi-regio/647850331330500/,,0,Low Risk/Unrelated,False,,"For job opportunities available kindly check our career portal. https:// careers . mgas.ke / After applying, please be patient you will be contacted ...",,,,,DDGS,[],"{'phones': [], 'emails': [], 'whatsapp': [], 'mpesa_paybill_or_till': []}",[],[],Auto-detected via DDGS search,Public data only - no ToS violations
Page,We are Hiring M-Gas is seeking motivated and dynamic ...,https://www.facebook.com/MGasKenya/posts/we-are-hiring-m-gas-is-seeking-motivated-and-dynamic-individuals-in-nairobi-regi/688151853967014/,,0,Low Risk/Unrelated,False,,Please visit our career portal at https:// mgas.ke / careers / Job Links: https://mgas. seamlesshiring. com/h/advanced#/jobsMake sure to apply only ...,,,,,DDGS,[],"{'phones': [], 'emails': [], 'whatsapp': [], 'mpesa_paybill_or_till': []}",[],[],Auto-detected via DDGS search,Public data only - no ToS violations
Group,0782946741 Mgas kenya imekuja na offer kibao,https://www.facebook.com/groups/2502306723286057/posts/2900756940107698/,,0,Low Risk/Unrelated,False,,... Mgas kenya imekuja na offer kibao ... 0782946741 Mgas kenya imekuja na offer kibao ... Promo ... Promo ... Promo MR EMMANUEL CYLINDER GAS ...,,,,,DDGS,[],"{'phones': [], 'emails': [], 'whatsapp': [], 'mpesa_paybill_or_till': []}",['promo'],[],Auto-detected via DDGS search,Public data only - no ToS violations
Group,TODAY AS INUA JAMII WE OFFER PROMOTION TO ALL ...,https://www.facebook.com/groups/1264476181144677/posts/1683706582554966/,,0,Low Risk/Unrelated,False,,Eldoret M-kopa lipa mdogo mdogo phones | TODAY AS INUA JAMII WE OFFER PROMO .. ... Mgas Kenya profile picture. Mgas Kenya ▻Eldoret M-kopa ...,,,,,DDGS,[],"{'phones': [], 'emails': [], 'whatsapp': [], 'mpesa_paybill_or_till': []}",['promo'],[],Auto-detected via DDGS search,Public data only - no ToS violations
Group,MGAS OFFERS YOU BEST SERVICES EVER!! DEPOSIT ...,https://www.facebook.com/groups/653145767783316/posts/740289502402275/,,0,Low Risk/Unrelated,False,,MGAS OFFERS YOU BEST SERVICES EVER!! DEPOSIT/2burber 550 shillings ... Mgas Kenya and 2 others · . 3 · 5 · . Anne Mary. Admin 2d . .,,,,,DDGS,[],"{'phones': [], 'emails': [], 'whatsapp': [], 'mpesa_paybill_or_till': []}",[],[],Auto-detected via DDGS search,Public data only - no ToS violations
Group,MGAS KENYA LIMITED SERVICE 0780163350,https://www.facebook.com/groups/1098251691916760/,,0,Low Risk/Unrelated,False,,"MGAS KENYA LIMITED SERVICE 0780163350 > · Join group. About this group. M ... ANGUKIA OFFERS ZA MGAS. DEPOSIT, 2 burners 550 shillings Weekly Installment ...",,,,,DDGS,[],"{'phones': [], 'emails': [], 'whatsapp': [], 'mpesa_paybill_or_till': []}",[],[],Auto-detected via DDGS search,Public data only - no ToS violations
Group,Mgas Kenya are you interested What is the best,https://www.facebook.com/groups/abujacarbusiness/posts/2169648750202515/,,0,Low Risk/Unrelated,False,,Mgas Kenya are you interested What is the best ... Mgas Kenya are you interested What is the best type you ... *Sallah giveaway !!!* Super sharp C350...,,,,,DDGS,[],"{'phones': [], 'emails': [], 'whatsapp': [], 'mpesa_paybill_or_till': []}",[],[],Auto-detected via DDGS search,Public data only - no ToS violations
Group,ALMOST GIVEAWAY! 🏃🏃💨 💜💚 GET A QUALITY FOAM POA ...,https://www.facebook.com/groups/776036066350650/posts/1764225280865052/,,0,Low Risk/Unrelated,False,,DEALS POA ZA MATTRESS – ALMOST GIVEAWAY ... GIVEAWAY ... Non carbon dioxide FurahiaUpishiWako MGAS KENYA LIMITED SERVICE 0780163350 delivery countrywide.,,,,,DDGS,[],"{'phones': [], 'emails': [], 'whatsapp': [], 'mpesa_paybill_or_till': []}",[],[],Auto-detected via DDGS search,Public data only - no ToS violations
Page,M-Gas - Facebook MGAS CUSTOMER CARE SERVICE AND ORDER PLACEMENT> - Facebook Mgas kenya call 0750279398 - Facebook Genuine M-Gas Kenya L.T.D Helpline number 0101140606 | Facebook MGAS CUSTOMER SUPPORT - Facebook M-Gas Kenya | Facebook,https://www.facebook.com/MGasKenya/,,0,Low Risk/Unrelated,True,,"M-Gas. 54,749 likes · 271 talking about this. M-Gas is changing lives by providing pay-as-you-go cooking gas to all Kenyans. Nov 30, 2024 · Furahia Upishi poa na Mgas Kenya . Call/whatsapp 0755928849.",,,,,DDGS,[],"{'phones': [], 'emails': [], 'whatsapp': [], 'mpesa_paybill_or_till': []}","['customer care', 'support']",[],Auto-detected via DDGS search,Public data only - no ToS violations
Group,MGAS CUSTOMER CARE SERVICE AND ORDER PLACEMENT> - Facebook,https://www.facebook.com/groups/907555054290862/,,0,Low Risk/Unrelated,False,,"Nov 30, 2024 · Furahia Upishi poa na Mgas Kenya . Call/whatsapp 0755928849. We offer free delivery country wide.",,,,,DDGS,[],"{'phones': [], 'emails': [], 'whatsapp': [], 'mpesa_paybill_or_till': []}",[],[],Auto-detected via DDGS search,Public data only - no ToS violations
Group,M-GAS SAFARICOM KINDLY CALL OR TEXT ON WHAT'S ...,https://www.facebook.com/groups/966324677961372/posts/1468654497728385/,,0,Low Risk/Unrelated,False,,... Support FREE Delivery – We bring it straight to you! ... MGAS KENYA profile picture. MGAS KENYA ▻M-GAS SAFARICOM KINDLY CALL OR TEXT ON ...,,,,,DDGS,[],"{'phones': [], 'emails': [], 'whatsapp': [], 'mpesa_paybill_or_till': []}",['support'],[],Auto-detected via DDGS search,Public data only - no ToS violations
Group,MGAS KENYA 0739557241,https://www.facebook.com/groups/1573778559875972/,,0,Low Risk/Unrelated,False,,"Mgas Kenya are you interestedWhat is the best ... Mgas Kenya are you interestedWhat is the best type you want the most 1. ... Message Customer Support on WhatsApp, ...",,,,,DDGS,[],"{'phones': [], 'emails': [], 'whatsapp': [], 'mpesa_paybill_or_till': []}",['support'],[],Auto-detected via DDGS search,Public data only - no ToS violations
Group,only 1550 u get your KOKO COOKER plus 2 free refills ...,https://www.facebook.com/groups/946341743435549/posts/1240761353993585/,,0,Low Risk/Unrelated,False,,"@ only 1550 u get your KOKO COOKER plus 2 free refills , inbox or reach us on 0103619903 we deliver country wide via parcels ; Caleb Ndisio ...",,,,,DDGS,[],"{'phones': [], 'emails': [], 'whatsapp': [], 'mpesa_paybill_or_till': []}",[],[],Auto-detected via DDGS search,Public data only - no ToS violations
Group,only 1550 u get your KOKO COOKER plus 2 free refills ...,https://www.facebook.com/groups/946341743435549/posts/1240222714047449/,,0,Low Risk/Unrelated,False,,"only 1550 u get your KOKO COOKER plus 2 free refills , inbox or reach us on 0103619903 we deliver country wide via parcels.",,,,,DDGS,[],"{'phones': [], 'emails': [], 'whatsapp': [], 'mpesa_paybill_or_till': []}",[],[],Auto-detected via DDGS search,Public data only - no ToS violations
Group,ELDORET TOWN DIRECTORY AND MARKETING AGENT | MGAS KENYA ...,https://www.facebook.com/groups/145297272312347/posts/2772549106253804/,,0,Low Risk/Unrelated,False,,MGAS KENYA SPECIAL OFFERS KWA KILA MTU? DEPOSIT IS NOW KSH.350/= DAILY PAYMENT KSH.20 BOB /= CALL US 0100594838,,,,,DDGS,[],"{'phones': [], 'emails': [], 'whatsapp': [], 'mpesa_paybill_or_till': []}",[],[],Auto-detected via DDGS search,Public data only - no ToS violations
Group,GITHUNGURI DAIRY FARMERS KENYA | Super ... - Facebook,https://www.facebook.com/groups/387081183783576/posts/558256573332702/,,0,Low Risk/Unrelated,False,,Join MGAS KENYA : 0100863356 2.3K members Join Copia offers 14K members Join CITIZEN DUKA 1.8K members Join Delamere FARM Naivasha 0753045802 GITHUNGURI DAIRY FARMERS KENYA Admin18h Delamere FARM Naiv,,,,,DDGS,[],"{'phones': [], 'emails': [], 'whatsapp': [], 'mpesa_paybill_or_till': []}",[],[],Auto-detected via DDGS search,Public data only - no ToS violations
Group,M-GAS SAFARICOM KINDLY CALL OR TEXT ON WHAT'S ...,https://www.facebook.com/groups/966324677961372/posts/1468502757743559/,,0,Low Risk/Unrelated,False,,1 hr . Other posts. Nancy Nyangi Nyajoseme profile picture. Nancy ... MGAS KENYA profile picture. MGAS KENYA ▻M-GAS SAFARICOM KINDLY CALL ...,,,,,DDGS,[],"{'phones': [], 'emails': [], 'whatsapp': [], 'mpesa_paybill_or_till': []}",[],[],Auto-detected via DDGS search,Public data only - no ToS violations
Group,M-GAS SAFARICOM KINDLY CALL OR TEXT ON WHAT'S ...,https://www.facebook.com/groups/966324677961372/posts/1448356053091563/,,0,Low Risk/Unrelated,False,,Mko wapi!? 1 hr . 1. Joseph Maina. . Author. Gladys Joshua call ... Mgas Kenya are you interestedWhat is the best type you want the most 1.,,,,,DDGS,[],"{'phones': [], 'emails': [], 'whatsapp': [], 'mpesa_paybill_or_till': []}",[],[],Auto-detected via DDGS search,Public data only - no ToS violations
Group,"Join Careers Crafters Network for more job vacancies, don`...",https://www.facebook.com/groups/1548824975418165/posts/3632644573702851/,,0,Low Risk/Unrelated,False,,"Join Careers Crafters Network for more job vacancies, don`t miss ... Join Careers Crafters Network ... @everyone Ni ya leo Mgas kenya imekuja na offer ...",,,,,DDGS,[],"{'phones': [], 'emails': [], 'whatsapp': [], 'mpesa_paybill_or_till': []}",[],[],Auto-detected via DDGS search,Public data only - no ToS violations
Group,HF Group Hiring In Nairobi 1. Scrum Master 2. Officer ...,https://www.facebook.com/groups/201801783357666/posts/2564973760373778/,,0,Low Risk/Unrelated,False,,ke/ careers /jobsListing #HFCareers #NairobiJobs #BankingJobs #ScrumMaster #KenyaJobs ... Mgas Kenya . 56m . M GAS KENYA PIKA BILA STRESS 1️⃣ Burner ...,,,,,DDGS,[],"{'phones': [], 'emails': [], 'whatsapp': [], 'mpesa_paybill_or_till': []}",[],[],Auto-detected via DDGS search,Public data only - no ToS violations
