entity_type,name,url,username_or_id,risk_score,risk_label,tagline_match,category,about_snippet,followers_count,members_count,creation_date,primary_country,found_via,recent_post_examples,contact_handles_detected,suspicious_claims,fake_contact_numbers,has_numbered_name,screenshot_paths,notes,compliance_note,impersonation_flags
Page,Facebook M-Gas | Facebook,https://www.facebook.com/MGasKenya/,,0,Low Risk/Unrelated,False,,"M - Gas . 54,660 likes · 320 talking about this. M - Gas is changing lives by providing pay-as-you-go cooking gas to all Kenyans.",,,,,DDGS,[],"{'phones': [], 'emails': [], 'whatsapp': [], 'mpesa_paybill_or_till': []}",[],[],False,[],Auto-detected via DDGS search,Public data only - no ToS violations,"{'fake_contacts': False, 'numbered_name': False, 'unauthorized_group': False}"
Page,Facebook Oh My Gas! Lifetime Free Gas! promo is back!!! | Lifetime FREE gas? Oh my gas! Yes! SEAOIL's Lifetime Free Gas! Oh My Gas! promo is back --now on its 3rd year. Will you be one of the four lucky... | By SEAOIL | Facebook,https://www.facebook.com/SEAOIL/videos/oh-my-gas-lifetime-free-gas-promo-is-back/344325046460844/,,0,Low Risk/Unrelated,False,,Lifetime FREE gas ? Oh my gas ! Yes! SEAOIL's Lifetime Free Gas ! Oh My Gas ! promo is back --now on its 3rd year. Will you be one of the four lucky...,,,,,DDGS,[],"{'phones': [], 'emails': [], 'whatsapp': [], 'mpesa_paybill_or_till': []}",['promo'],[],False,[],Auto-detected via DDGS search,Public data only - no ToS violations,"{'fake_contacts': False, 'numbered_name': False, 'unauthorized_group': False}"
Page,M-GAS Special offers - Facebook,https://www.facebook.com/events/526583930140239/,,16,Likely Impersonator,False,,Details Enjoy Quality Cooking Services From M - Gas :0752611017 at a minimum deposit Of 550/= Weekly Charges Of 35/= for 9mths Click On The Logo To View More Of Our Products M-gas Kenya Limited Call 0,,,,,DDGS,[],"{'phones': ['0752611017', '0752611017', '0101447717'], 'emails': [], 'whatsapp': [], 'mpesa_paybill_or_till': []}",[],"['0752611017', '0752611017', '0101447717']",False,[],Auto-detected via DDGS search,Public data only - no ToS violations,"{'fake_contacts': True, 'numbered_name': False, 'unauthorized_group': False}"
Group,Kenyan 254 market Buy and sell | Facebook,https://www.facebook.com/groups/913544077590514/,,16,Likely Impersonator,False,,Clinton Okumu Jan 3 💥FESTIVE SEASON OFFERS 💥 M - GAS KENYA PIKA BILA STRESS ..⭐CALL US 0762880299 ⭐WHATSAPP🔥0762880299 SAFARICOM M GAS IS A SAFARICOM SPONSORED GAS ️ M GAS DEPOSIT 550KSH COMES WITH ME,,,,,DDGS,[],"{'phones': ['0762880299', '0762880299'], 'emails': [], 'whatsapp': [], 'mpesa_paybill_or_till': []}",[],"['0762880299', '0762880299']",False,[],Auto-detected via DDGS search,Public data only - no ToS violations,"{'fake_contacts': True, 'numbered_name': False, 'unauthorized_group': False}"
Page,Facebook A-Affordable Bail Bond's Gas Card Giveaway ...,https://m.facebook.com/affordablebailbondsmn/photos/-a-affordable-bail-bonds-gas-card-giveaway-how-to-win-guess-how-many-pieces-of-p/898747476826635/,,0,Low Risk/Unrelated,False,,"See posts, photos and more on Facebook",,,,,DDGS,[],"{'phones': [], 'emails': [], 'whatsapp': [], 'mpesa_paybill_or_till': []}",[],[],False,[],Auto-detected via DDGS search,Public data only - no ToS violations,"{'fake_contacts': False, 'numbered_name': False, 'unauthorized_group': False}"
Page,Facebook Memorial Day Free Gas Giveaway Event for our Military,https://www.facebook.com/events/mobil-gas-station-16001-beach-blvd-huntington-beach-ca-92647/memorial-day-free-gas-giveaway-event-for-our-military/2914432038780904/,,0,Low Risk/Unrelated,False,,Upcoming events near you and other things to do that fit your interest.,,,,,DDGS,[],"{'phones': [], 'emails': [], 'whatsapp': [], 'mpesa_paybill_or_till': []}",[],[],False,[],Auto-detected via DDGS search,Public data only - no ToS violations,"{'fake_contacts': False, 'numbered_name': False, 'unauthorized_group': False}"
Group,Facebook M-GAS COMPANY LTD 0787813153,https://www.facebook.com/groups/1416701029150257/,,16,Likely Impersonator,False,,Popular groups · Find communities for you · Over 1 billion people across the globe are using Facebook Groups to explore their favorite topics · Log in · Categories · Science & tech · Travel · Animals ,,,,,DDGS,[],"{'phones': [], 'emails': [], 'whatsapp': [], 'mpesa_paybill_or_till': []}",[],['0787813153'],False,[],Auto-detected via DDGS search,Public data only - no ToS violations,"{'fake_contacts': True, 'numbered_name': False, 'unauthorized_group': True}"
Group,Facebook Need assistance with your M-Gas? Call us,https://www.facebook.com/groups/957825675925241/posts/1123317796042694/,,16,Likely Impersonator,False,,Popular groups · Find communities for you · Over 1 billion people across the globe are using Facebook Groups to explore their favorite topics · Log in · Categories · Science & tech · Travel · Animals ,,,,,DDGS,[],"{'phones': [], 'emails': [], 'whatsapp': [], 'mpesa_paybill_or_till': []}",[],[],False,[],Auto-detected via DDGS search,Public data only - no ToS violations,"{'fake_contacts': False, 'numbered_name': False, 'unauthorized_group': True}"
Page,Need assistance with your M-Gas? Call us at 0800 721 ...,https://www.facebook.com/MGasKenya/posts/need-assistance-with-your-m-gas-call-us-at-0800-721-148-our-dedicated-customer-c/571958275586373/,,0,Low Risk/Unrelated,False,,"Need assistance with your M-Gas ? Call us at 0800 721 148, our dedicated customer care team is ready to support you every step of the way!",,,,,DDGS,[],"{'phones': [], 'emails': [], 'whatsapp': [], 'mpesa_paybill_or_till': []}","['customer care', 'support']",[],False,[],Auto-detected via DDGS search,Public data only - no ToS violations,"{'fake_contacts': False, 'numbered_name': False, 'unauthorized_group': False}"
Group,Need assistance with your M-Gas? Call us,https://www.facebook.com/groups/957825675925241/posts/1123317796042694/,,16,Likely Impersonator,False,,"Need assistance with your M-Gas ? Call us at 0111944487,or Any inquiry of our services. our dedicated customer care team is ready to support ...",,,,,DDGS,[],"{'phones': ['0111944487'], 'emails': [], 'whatsapp': [], 'mpesa_paybill_or_till': []}","['customer care', 'support']",['0111944487'],False,[],Auto-detected via DDGS search,Public data only - no ToS violations,"{'fake_contacts': True, 'numbered_name': False, 'unauthorized_group': True}"
Page,"M-gas Masagana, Argas, Prycegas and Superkalan Shine LPG Tank Your safety is... - M-Gas Franchising Philippines | Facebook ATHIRIVER KITENGELA ONLINE MARKET | Airbnb Kitengela - Facebook Samuel Grenier, page publique | See I'm at the gas station ...",https://www.facebook.com/ArgasPrycegasMgasShinegasDealer/,,0,Low Risk/Unrelated,False,,"M - gas Masagana, Argas , Prycegas and Superkalan Shine LPG Tank. 1,802 likes · 1 talking about this. We deliver along NAIC CAVITE LPG SGAS ARGAS PRYCE GAS... Jan 31, 2022 · Your safety is EVERYTHING.",,,,,DDGS,[],"{'phones': [], 'emails': [], 'whatsapp': [], 'mpesa_paybill_or_till': []}",['authorized'],[],False,[],Auto-detected via DDGS search,Public data only - no ToS violations,"{'fake_contacts': False, 'numbered_name': False, 'unauthorized_group': False}"
Page,Your safety is... - M-Gas Franchising Philippines | Facebook,https://www.facebook.com/MGASFranchising/posts/your-safety-is-everything-a-friendly-reminder-to-only-buy-your-refills-from-auth/1014556045764181/,,16,Likely Impersonator,False,,"Jan 31, 2022 · Your safety is EVERYTHING. 💯 A friendly reminder to only buy your refills from authorized distributors to ensure your tanks are new, well maintained and...",,,,,DDGS,[],"{'phones': [], 'emails': [], 'whatsapp': [], 'mpesa_paybill_or_till': []}",['authorized'],[],False,[],Auto-detected via DDGS search,Public data only - no ToS violations,"{'fake_contacts': False, 'numbered_name': False, 'unauthorized_group': False}"
Group,M GAS LIPA MOS MOS AGENT NUMBER CALL OR WHATSAPP ...,https://www.facebook.com/groups/1135545828247507/,,16,Likely Impersonator,False,,M GAS LIPA MOS MOS AGENT NUMBER CALL OR WHATSAPP US ON 01034551594 > · Ukiwa na deposit ya 550/= Unapokea m-gas yako leo kila wiki utakua unalipia 35/= Ukiwa ...,,,,,DDGS,[],"{'phones': ['0103455159'], 'emails': [], 'whatsapp': [], 'mpesa_paybill_or_till': []}",['agent'],['0103455159'],False,[],Auto-detected via DDGS search,Public data only - no ToS violations,"{'fake_contacts': True, 'numbered_name': False, 'unauthorized_group': True}"
Group,M-GAS KENYA LTD AGENT CALL (0738002423/+ ...,https://www.facebook.com/groups/289318563672325/,,16,Likely Impersonator,False,,We Are Offering M-Gas (+254738286927). At A Minimum Deposit Of 550/= You Get A 13kgs Cylinder And Two Burners Gas Cooker. @highlight M-GAS KENYA LTD AGENT CALL ...,,,,,DDGS,[],"{'phones': ['+254738286927'], 'emails': [], 'whatsapp': [], 'mpesa_paybill_or_till': []}",['agent'],"['0738002423', '0738286927']",False,[],Auto-detected via DDGS search,Public data only - no ToS violations,"{'fake_contacts': True, 'numbered_name': False, 'unauthorized_group': True}"
Group,MAKATI JOB HIRING | Facebook,https://www.facebook.com/groups/743819387078940/,,0,Low Risk/Unrelated,False,,"☑️ Preferably with HR experience, but fresh graduates are welcome to apply ☑️ Proficient in MS Office Applications ☑️ Has excellent oral and written communication skills 📌 𝗕𝗢𝗢𝗞𝗞𝗘𝗘𝗣𝗘𝗥 ☑️ Accounting Gra",,,,,DDGS,[],"{'phones': [], 'emails': [], 'whatsapp': [], 'mpesa_paybill_or_till': []}",[],[],False,[],Auto-detected via DDGS search,Public data only - no ToS violations,"{'fake_contacts': False, 'numbered_name': False, 'unauthorized_group': False}"
Page,Amos Orwa - Let's get some gas for Kanicy Kamwaosh to make ...,https://www.facebook.com/Saintamoe/posts/10230992789819396/,,16,Likely Impersonator,False,,1 day ago · Let's get some gas for Kanicy Kamwaosh to make some porridge for her child. Ongwae Kerubo Dee please refill her M-gas account . #TeamOrwa,,,,,DDGS,[],"{'phones': [], 'emails': [], 'whatsapp': [], 'mpesa_paybill_or_till': []}",[],[],False,[],Auto-detected via DDGS search,Public data only - no ToS violations,"{'fake_contacts': False, 'numbered_name': False, 'unauthorized_group': False}"
Page,"M-Gas - We're hiring! To apply, visit our careers website...",https://www.facebook.com/MGasKenya/posts/were-hiring-to-apply-visit-our-careers-website-or-click-on-the-link-httpscareers/250210607761143/,,16,Likely Impersonator,False,,"Jul 10, 2023 · We're hiring! To apply, visit our careers website or click on the link https:// careers . mgas .ke/ #FurahiaUpishiWako #cleancooking #affordablecooking #MGas",,,,,DDGS,[],"{'phones': [], 'emails': [], 'whatsapp': [], 'mpesa_paybill_or_till': []}",[],[],False,[],Auto-detected via DDGS search,Public data only - no ToS violations,"{'fake_contacts': False, 'numbered_name': False, 'unauthorized_group': False}"
Page,"M-Gas - We're hiring! To apply, visit our careers website...",https://www.facebook.com/MGasKenya/posts/were-hiring-to-apply-visit-our-careers-website-or-click-on-the-link-httpscareers/291856280263242/,,0,Low Risk/Unrelated,False,,"We're hiring! To apply, visit our careers website or click on the link: https:// careers .mgas.ke/ #IkoKaziKE #hiringnow #jobsinkenya # mgascareers ...",,,,,DDGS,[],"{'phones': [], 'emails': [], 'whatsapp': [], 'mpesa_paybill_or_till': []}",[],[],False,[],Auto-detected via DDGS search,Public data only - no ToS violations,"{'fake_contacts': False, 'numbered_name': False, 'unauthorized_group': False}"
Page,"Albay Gas Corporation - Facebook Southern Gas Corporation Mindoro Branch | Calapan - Facebook MGAS NAGA MAIN - PALIT-TANGKE PROMO for only P930.00 ... M-Gas Franchising Philippines - GRAB THE CHANCE TO ... - Facebook Tierra Nevada Marketplace&Online Store | ""One stop for all ... GRAB THE CHANCE TO WIN A... - M-Gas Franchising Philippines Brgy. Lambingan Tanza Cavite Palmerston North Ph1 ... - Facebook",https://www.facebook.com/100063718218905/,,16,Likely Impersonator,False,,"Jun 10, 2021 · M - Gas Franchising Philippines May 21, 2021 In just 6 easy steps, you can start your franchise with M - GAS ! Catch our ongoing promo for OFWs and Frontliners with a 10% discount! Mess",,,,,DDGS,[],"{'phones': [], 'emails': [], 'whatsapp': [], 'mpesa_paybill_or_till': []}","['official', 'promo', 'support']",[],False,[],Auto-detected via DDGS search,Public data only - no ToS violations,"{'fake_contacts': False, 'numbered_name': False, 'unauthorized_group': False}"
Page,"Southern Gas Corporation Mindoro Branch | Calapan - Facebook MGAS NAGA MAIN - PALIT-TANGKE PROMO for only P930.00 ... M-Gas Franchising Philippines - GRAB THE CHANCE TO ... - Facebook Tierra Nevada Marketplace&Online Store | ""One stop for all ... GRAB THE CHANCE TO WIN A... - M-Gas Franchising Philippines Brgy. Lambingan Tanza Cavite Palmerston North Ph1 ... - Facebook",https://www.facebook.com/OrMinIslandGas/,,0,Low Risk/Unrelated,False,,"Thank you for the trust and support, mr. Ritchard! We are here to support you throughout your M - GAS Journey. We are still open here in Calapan Oriental Mindoro be the first franshisee here in Calapa",,,,,DDGS,[],"{'phones': [], 'emails': [], 'whatsapp': [], 'mpesa_paybill_or_till': []}","['official', 'promo', 'support']",[],False,[],Auto-detected via DDGS search,Public data only - no ToS violations,"{'fake_contacts': False, 'numbered_name': False, 'unauthorized_group': False}"
Group,M-gas Kenya limited special offers,https://www.facebook.com/groups/957825675925241/posts/mgas-with-special-offers-12-bob-tu-dial-479-ku-register-for-m-gas-leo-pikakwabei/1271854731188999/,,16,Likely Impersonator,False,,MGAS With Special offers 12 bob tu! Dial *479# ku register for M-Gas leo. #PikaKwaBeiYako #FurahiaUpishiWako #MGas Call 0752611017 Deposit ...,,,,,DDGS,[],"{'phones': ['0752611017'], 'emails': [], 'whatsapp': [], 'mpesa_paybill_or_till': []}",[],['0752611017'],False,[],Auto-detected via DDGS search,Public data only - no ToS violations,"{'fake_contacts': True, 'numbered_name': False, 'unauthorized_group': True}"
Group,M-GAS KENYA LIMITED (0752611017),https://www.facebook.com/groups/957825675925241/,,16,Likely Impersonator,False,,M-GAS KENYA LIMITED is a Facebook group focused on providing pay-as-you-go cooking gas solutions to Kenyans. The group offers affordable cooking options ...,,,,,DDGS,[],"{'phones': [], 'emails': [], 'whatsapp': [], 'mpesa_paybill_or_till': []}",[],['0752611017'],False,[],Auto-detected via DDGS search,Public data only - no ToS violations,"{'fake_contacts': True, 'numbered_name': False, 'unauthorized_group': True}"
Group,Mr. M's gas giveaway with cars lined up,https://www.facebook.com/groups/1115480395465731/posts/1757254114621686/,,16,Likely Impersonator,False,,Looks like Mr. M's is having a gas giveaway . . . cars are lined up for miles ... m's gas giveaway . . free gas giveaway near me. Other posts. Related groups.,,,,,DDGS,[],"{'phones': [], 'emails': [], 'whatsapp': [], 'mpesa_paybill_or_till': []}",[],[],False,[],Auto-detected via DDGS search,Public data only - no ToS violations,"{'fake_contacts': False, 'numbered_name': False, 'unauthorized_group': False}"
Group,Original National ID ✅Safaricom Line ✅Deposit Of Ksh ...,https://www.facebook.com/groups/529071958129862/posts/1458314818538900/,,16,Likely Impersonator,False,,M GAS COMPANY HELP LINE 07 56 69 27 17 we Are Giving You M ... Giveaway 10k be the lucky to win it Drop your aza now · · · Williams ...,,,,,DDGS,[],"{'phones': [], 'emails': [], 'whatsapp': [], 'mpesa_paybill_or_till': []}",[],[],False,[],Auto-detected via DDGS search,Public data only - no ToS violations,"{'fake_contacts': False, 'numbered_name': False, 'unauthorized_group': False}"
Group,Facebook M-GAS COMPANY LTD 0787813153,https://www.facebook.com/groups/1416701029150257/,,16,Likely Impersonator,False,,Popular groups · Find communities for you · Over 1 billion people across the globe are using Facebook Groups to explore their favorite topics · Log in · Categories · Science & tech · Travel · Animals ,,,,,DDGS,[],"{'phones': [], 'emails': [], 'whatsapp': [], 'mpesa_paybill_or_till': []}",[],['0787813153'],False,[],Auto-detected via DDGS search,Public data only - no ToS violations,"{'fake_contacts': True, 'numbered_name': False, 'unauthorized_group': True}"
Group,Facebook Need assistance with your M-Gas? Call us,https://www.facebook.com/groups/957825675925241/posts/1123317796042694/,,16,Likely Impersonator,False,,Popular groups · Find communities for you · Over 1 billion people across the globe are using Facebook Groups to explore their favorite topics · Log in · Categories · Science & tech · Travel · Animals ,,,,,DDGS,[],"{'phones': [], 'emails': [], 'whatsapp': [], 'mpesa_paybill_or_till': []}",[],[],False,[],Auto-detected via DDGS search,Public data only - no ToS violations,"{'fake_contacts': False, 'numbered_name': False, 'unauthorized_group': True}"
Page,Need assistance with your M-Gas? Call us at 0800 721 ...,https://www.facebook.com/MGasKenya/posts/need-assistance-with-your-m-gas-call-us-at-0800-721-148-our-dedicated-customer-c/571958275586373/,,0,Low Risk/Unrelated,False,,"Need assistance with your M-Gas ? Call us at 0800 721 148, our dedicated customer care team is ready to support you every step of the way!",,,,,DDGS,[],"{'phones': [], 'emails': [], 'whatsapp': [], 'mpesa_paybill_or_till': []}","['customer care', 'support']",[],False,[],Auto-detected via DDGS search,Public data only - no ToS violations,"{'fake_contacts': False, 'numbered_name': False, 'unauthorized_group': False}"
Group,Need assistance with your M-Gas? Call us,https://www.facebook.com/groups/957825675925241/posts/1123317796042694/,,16,Likely Impersonator,False,,"Need assistance with your M-Gas ? Call us at 0111944487,or Any inquiry of our services. our dedicated customer care team is ready to support ...",,,,,DDGS,[],"{'phones': ['0111944487'], 'emails': [], 'whatsapp': [], 'mpesa_paybill_or_till': []}","['customer care', 'support']",['0111944487'],False,[],Auto-detected via DDGS search,Public data only - no ToS violations,"{'fake_contacts': True, 'numbered_name': False, 'unauthorized_group': True}"
Page,"M-gas Masagana, Argas, Prycegas and Superkalan Shine LPG Tank Your safety is... - M-Gas Franchising Philippines | Facebook We offer gas bottle refills & exchange... - Mica Durban North ... Fast AC/Refrigerator repairs&gas refills - Facebook Need gas? At Builders, we offer gas refill and exchange ... Does anyone refill gas bottles in town - Facebook Hip2Save - 64 ounces, $19.99 + $1.79 refills at my gas...",https://www.facebook.com/ArgasPrycegasMgasShinegasDealer/,,0,Low Risk/Unrelated,False,,"M - gas Masagana, Argas, Prycegas and Superkalan Shine LPG Tank. 1,802 likes · 1 talking about this. We deliver along NAIC CAVITE LPG SGAS ARGAS PRYCE GAS... Jan 31, 2022 · Your safety is EVERYTHING. ",,,,,DDGS,[],"{'phones': [], 'emails': [], 'whatsapp': [], 'mpesa_paybill_or_till': []}",['authorized'],[],False,[],Auto-detected via DDGS search,Public data only - no ToS violations,"{'fake_contacts': False, 'numbered_name': False, 'unauthorized_group': False}"
Page,Your safety is... - M-Gas Franchising Philippines | Facebook,https://www.facebook.com/MGASFranchising/posts/your-safety-is-everything-a-friendly-reminder-to-only-buy-your-refills-from-auth/1014556045764181/,,16,Likely Impersonator,False,,"Jan 31, 2022 · Your safety is EVERYTHING. 💯 A friendly reminder to only buy your refills from authorized distributors to ensure your tanks are new, well maintained and...",,,,,DDGS,[],"{'phones': [], 'emails': [], 'whatsapp': [], 'mpesa_paybill_or_till': []}",['authorized'],[],False,[],Auto-detected via DDGS search,Public data only - no ToS violations,"{'fake_contacts': False, 'numbered_name': False, 'unauthorized_group': False}"
Page,SAFARICOM M-GAS AGENT - Facebook,https://www.facebook.com/safaricommgasagent/,,0,Low Risk/Unrelated,False,,SAFARICOM M - GAS AGENT is on Facebook. Join Facebook to connect with SAFARICOM M - GAS AGENT and others you may know. Facebook gives people the power to...,,,,,DDGS,[],"{'phones': [], 'emails': [], 'whatsapp': [], 'mpesa_paybill_or_till': []}",['agent'],[],False,[],Auto-detected via DDGS search,Public data only - no ToS violations,"{'fake_contacts': False, 'numbered_name': False, 'unauthorized_group': False}"
Page,M-GAS Kenya LTD Agent Call 0103676804 | Westlands - Facebook,https://www.facebook.com/61552820712644/,,16,Likely Impersonator,False,,"M - GAS Kenya LTD Agent Call 0103676804, Westlands. 14 likes · 161 talking about this. Home Businesses",,,,,DDGS,[],"{'phones': ['0103676804'], 'emails': [], 'whatsapp': [], 'mpesa_paybill_or_till': []}",['agent'],"['0103676804', '0103676804']",False,[],Auto-detected via DDGS search,Public data only - no ToS violations,"{'fake_contacts': True, 'numbered_name': False, 'unauthorized_group': False}"
Group,MAKATI JOB HIRING | Facebook,https://www.facebook.com/groups/743819387078940/,,0,Low Risk/Unrelated,False,,"☑️ Preferably with HR experience, but fresh graduates are welcome to apply ☑️ Proficient in MS Office Applications ☑️ Has excellent oral and written communication skills 📌 𝗕𝗢𝗢𝗞𝗞𝗘𝗘𝗣𝗘𝗥 ☑️ Accounting Gra",,,,,DDGS,[],"{'phones': [], 'emails': [], 'whatsapp': [], 'mpesa_paybill_or_till': []}",[],[],False,[],Auto-detected via DDGS search,Public data only - no ToS violations,"{'fake_contacts': False, 'numbered_name': False, 'unauthorized_group': False}"
Page,Facebook - log in or sign up,https://www.facebook.com/,,0,Low Risk/Unrelated,False,,"Connect and share with friends, family, and the world on Facebook .",,,,,DDGS,[],"{'phones': [], 'emails': [], 'whatsapp': [], 'mpesa_paybill_or_till': []}",[],[],False,[],Auto-detected via DDGS search,Public data only - no ToS violations,"{'fake_contacts': False, 'numbered_name': False, 'unauthorized_group': False}"
Page,"M-Gas - We're hiring! To apply, visit our careers website...",https://www.facebook.com/MGasKenya/posts/were-hiring-to-apply-visit-our-careers-website-or-click-on-the-link-httpscareers/250210607761143/,,16,Likely Impersonator,False,,"Jul 10, 2023 · We're hiring! To apply, visit our careers website or click on the link https:// careers . mgas .ke/ #FurahiaUpishiWako #cleancooking #affordablecooking #MGas",,,,,DDGS,[],"{'phones': [], 'emails': [], 'whatsapp': [], 'mpesa_paybill_or_till': []}",[],[],False,[],Auto-detected via DDGS search,Public data only - no ToS violations,"{'fake_contacts': False, 'numbered_name': False, 'unauthorized_group': False}"
Page,"M-Gas - Facebook M-Gas - We're hiring in Kangemi! To apply, visit our careers ... M-GAS COMPANY LTD 0787813153 | We're hiring! To apply, visit ... Samuel Namunga - We're hiring in Kakamega! To apply, visit... Lawyers Rule!! (Original) | https://careers.mgas.ke/careers ... Ndarugu Ward United Forum | https://careers.mgas.ke/careers ...",https://www.facebook.com/MGasKenya/,,16,Likely Impersonator,False,,"M - Gas . 54,749 likes · 271 talking about this. M - Gas is changing lives by providing pay-as-you-go cooking gas to all Kenyans. Jul 17, 2023 · We're hiring in Kangemi! To apply, visit our careers we",,,,,DDGS,[],"{'phones': [], 'emails': [], 'whatsapp': [], 'mpesa_paybill_or_till': []}",[],['0787813153'],False,[],Auto-detected via DDGS search,Public data only - no ToS violations,"{'fake_contacts': True, 'numbered_name': False, 'unauthorized_group': False}"
Group,M-GAS KENYA LIMITED CALL (0784860605) | ANGUKIA OFFERS ZA # ...,https://www.facebook.com/groups/653145767783316/posts/709698335461392/,,16,Likely Impersonator,False,,"ANGUKIA OFFERS ZA # MGAS . DEPOSIT, (1) burners 550 shillings (2) Weekly Installment 35Bob. CALL US TODAY...",,,,,DDGS,[],"{'phones': [], 'emails': [], 'whatsapp': [], 'mpesa_paybill_or_till': []}",[],['0784860605'],False,[],Auto-detected via DDGS search,Public data only - no ToS violations,"{'fake_contacts': True, 'numbered_name': False, 'unauthorized_group': True}"
Group,MGAS MKOPO 0106948302 | @highlight offer offers ... - Facebook,https://www.facebook.com/groups/781287047215225/posts/1024560116221249/,,16,Likely Impersonator,False,,"@highlight offer offers with only 550 tunakuletea MGAS mpaka nyumbani, call or WhatsApp us on 0106948302 utakua ukilipia 25 per day order today and...",,,,,DDGS,[],"{'phones': ['0106948302'], 'emails': [], 'whatsapp': [], 'mpesa_paybill_or_till': []}",[],"['0106948302', '0106948302']",False,[],Auto-detected via DDGS search,Public data only - no ToS violations,"{'fake_contacts': True, 'numbered_name': False, 'unauthorized_group': True}"
Group,ANOTHER GIVEAWAY CHALLENGE! 🎉 Want ...,https://www.facebook.com/groups/844685979256352/posts/2667103730347892/,,16,Likely Impersonator,False,,"ANOTHER GIVEAWAY CHALLENGE! Want to WIN a ... ANOTHER GIVEAWAY CHALLENGE! Want to WIN ... M-GAS KENYA LIMITED COMPANY, Mercy Abungu, Jonathan G.",,,,,DDGS,[],"{'phones': [], 'emails': [], 'whatsapp': [], 'mpesa_paybill_or_till': []}",[],[],False,[],Auto-detected via DDGS search,Public data only - no ToS violations,"{'fake_contacts': False, 'numbered_name': False, 'unauthorized_group': False}"
Group,M GAS KENYA PIKA BILA STRESS CALL US or ...,https://www.facebook.com/groups/1006090580858866/posts/1414235310044389/,,16,Likely Impersonator,False,,M GAS KENYA PIKA BILA STRESS CALL US or WHATSAPP + ... Ellen DeGeneres giveaway profile picture. Ellen DeGeneres giveaway . 5d ...,,,,,DDGS,[],"{'phones': [], 'emails': [], 'whatsapp': [], 'mpesa_paybill_or_till': []}",[],[],False,[],Auto-detected via DDGS search,Public data only - no ToS violations,"{'fake_contacts': False, 'numbered_name': False, 'unauthorized_group': True}"
Group,Need assistance with your M-Gas? Call us,https://www.facebook.com/groups/957825675925241/posts/1123317796042694/,,16,Likely Impersonator,False,,... customer care team is ready to support you every step of the way ... M-GAS KENYA LIMITED (0752611017) | Need assistance with your M ...,,,,,DDGS,[],"{'phones': ['0752611017'], 'emails': [], 'whatsapp': [], 'mpesa_paybill_or_till': []}","['customer care', 'support']",['0752611017'],False,[],Auto-detected via DDGS search,Public data only - no ToS violations,"{'fake_contacts': True, 'numbered_name': False, 'unauthorized_group': True}"
Group,Need assistance with your M-Gas? Call us at 0780683 ...,https://www.facebook.com/groups/1441100829930644/posts/1552119652162094/,,16,Likely Impersonator,False,,... customer care team is ready to support you every ... M-GAS KENYA LIMITED (0113986554) | Need ... our dedicated customer care team is ready to support you every ...,,,,,DDGS,[],"{'phones': ['0113986554'], 'emails': [], 'whatsapp': [], 'mpesa_paybill_or_till': []}","['customer care', 'support']",['0113986554'],False,[],Auto-detected via DDGS search,Public data only - no ToS violations,"{'fake_contacts': True, 'numbered_name': False, 'unauthorized_group': True}"
Group,Need assistance with your M-Gas? Call us,https://www.facebook.com/groups/957825675925241/posts/1123317796042694/,,16,Likely Impersonator,False,,... support you every ... M-GAS KENYA LIMITED (0752611017) | Need assistance with your M-Gas? Call us. Public group.,,,,,DDGS,[],"{'phones': ['0752611017'], 'emails': [], 'whatsapp': [], 'mpesa_paybill_or_till': []}",['support'],['0752611017'],False,[],Auto-detected via DDGS search,Public data only - no ToS violations,"{'fake_contacts': True, 'numbered_name': False, 'unauthorized_group': True}"
Group,Need assistance with your M-Gas? Call us at 0780683 ...,https://www.facebook.com/groups/1441100829930644/posts/1552119652162094/,,16,Likely Impersonator,False,,M-GAS KENYA LIMITED (0113986554) | Need ... our dedicated customer care team is ready to support you every step of the way! ... M-GAS KENYA LIMITED ...,,,,,DDGS,[],"{'phones': ['0113986554'], 'emails': [], 'whatsapp': [], 'mpesa_paybill_or_till': []}","['customer care', 'support']",['0113986554'],False,[],Auto-detected via DDGS search,Public data only - no ToS violations,"{'fake_contacts': True, 'numbered_name': False, 'unauthorized_group': True}"
Group,ATHIRIVER KITENGELA ONLINE MARKET | Airbnb Kitengela - Facebook,https://www.facebook.com/groups/Athiriver/posts/24569357419366624/,,0,Low Risk/Unrelated,False,,"Aug 31, 2025 · - Pressure pump refills the top tank automatically. - Reliable water supply available 24/7. - Common perimeter electric fence. - Security lights all round the compound.# kenya #sabaki#l",,,,,DDGS,[],"{'phones': [], 'emails': [], 'whatsapp': [], 'mpesa_paybill_or_till': []}",['official'],[],False,[],Auto-detected via DDGS search,Public data only - no ToS violations,"{'fake_contacts': False, 'numbered_name': False, 'unauthorized_group': False}"
Group,Gas Refilling ( *all types of gas cylinders)* 📌 Gas complete ...,https://www.facebook.com/groups/295474376849804/posts/706699862393918/,,16,Likely Impersonator,False,,... refills Dealers in: Gas Refilling ( *all types of gas cylinders)* ... M-GAS KENYA PIKA BILA STRESS ..⭐Call ...,,,,,DDGS,[],"{'phones': [], 'emails': [], 'whatsapp': [], 'mpesa_paybill_or_till': []}",[],[],False,[],Auto-detected via DDGS search,Public data only - no ToS violations,"{'fake_contacts': False, 'numbered_name': False, 'unauthorized_group': False}"
Page,M-GAS Kenya LTD Agent Call 0103676804 | Westlands - Facebook,https://www.facebook.com/61552820712644/,,16,Likely Impersonator,False,,"M - GAS Kenya LTD Agent Call 0103676804, Westlands. 14 likes · 161 talking about this. Home Businesses",,,,,DDGS,[],"{'phones': ['0103676804'], 'emails': [], 'whatsapp': [], 'mpesa_paybill_or_till': []}",['agent'],"['0103676804', '0103676804']",False,[],Auto-detected via DDGS search,Public data only - no ToS violations,"{'fake_contacts': True, 'numbered_name': False, 'unauthorized_group': False}"
Group,KENYAN ENTREPRENEURS IN DIASPORA | M GAS KENYA ... - Facebook,https://www.facebook.com/groups/1478775132392868/posts/3920559111547779/,,16,Likely Impersonator,False,,M GAS KENYA PIKA KILA WAKATI...CALL. AGENT JIMMY CLIFF☎️..0100136093 SAFARICOM M GAS IS A SAFARICOM SPONSORED GAS ️ M GAS DEPOSIT 550 KSH COMES WITH...,,,,,DDGS,[],"{'phones': ['0100136093'], 'emails': [], 'whatsapp': [], 'mpesa_paybill_or_till': []}",['agent'],['0100136093'],False,[],Auto-detected via DDGS search,Public data only - no ToS violations,"{'fake_contacts': True, 'numbered_name': False, 'unauthorized_group': True}"
Group,NAKURU BUYING AND SELLING LEGIT SECOND HAND ITEMS ... - Facebook,https://www.facebook.com/groups/758358989008652/posts/1330249241819621/,,16,Likely Impersonator,False,,"1 hr Kuhana Atia Hii sio hiyo kabarabara kanatokea main ya naiswet 1 hr 1 Kibet Terer Torkotin Lakini hata watu wanaharibu barabara now days, unapata mtu mwenye ako site ya chini mahali maji inafaa ku",,,,,DDGS,[],"{'phones': [], 'emails': [], 'whatsapp': [], 'mpesa_paybill_or_till': []}",[],[],False,[],Auto-detected via DDGS search,Public data only - no ToS violations,"{'fake_contacts': False, 'numbered_name': False, 'unauthorized_group': False}"
Group,Tvs and accessories | Heavy duty and industrial use Italian ...,https://www.facebook.com/groups/243925403509550/posts/1458213798747365/,,16,Likely Impersonator,False,,"M - GAS KENYA LIMITED 0784 920818 ️𝐃𝐞𝐩𝐨𝐬𝐢𝐲 𝐊𝐬𝐡.550/= ️𝐖𝐞𝐞𝐤𝐥𝐲 𝐊𝐬𝐡.35/= ️𝐓𝐰𝐨 𝐖𝐞𝐞𝐤𝐬 𝐅𝐫𝐞𝐞 𝐔𝐬𝐚𝐠𝐞 ️𝐅𝐫𝐞𝐞 𝐓-𝐒𝐡𝐢𝐫𝐭,𝐔𝐦𝐛𝐫𝐞𝐥𝐥𝐚, & 𝐋𝐢𝐪𝐮𝐢𝐝 𝐒𝐨𝐚𝐩",,,,,DDGS,[],"{'phones': [], 'emails': [], 'whatsapp': [], 'mpesa_paybill_or_till': []}",[],['0784920818'],False,[],Auto-detected via DDGS search,Public data only - no ToS violations,"{'fake_contacts': True, 'numbered_name': False, 'unauthorized_group': False}"
Page,"M-Gas - Facebook M-Gas - We're hiring! To apply, visit our careers ... - Facebook M-Gas - We're hiring in Kangemi! To apply, visit our careers ... Sharon Gas Profiles - Facebook",https://www.facebook.com/MGasKenya/,,0,Low Risk/Unrelated,False,,"ke/ careers /Job Links: https://mgas.seamlesshiring. com/h/advanced#/jobs Nickens Nickens and 150 others 151 94 M- Gas Jul 10 Pika smart na M - Gas clean, safe, na perfect kwa kila meal. For more info",,,,,DDGS,[],"{'phones': [], 'emails': [], 'whatsapp': [], 'mpesa_paybill_or_till': []}",[],[],False,[],Auto-detected via DDGS search,Public data only - no ToS violations,"{'fake_contacts': False, 'numbered_name': False, 'unauthorized_group': False}"
Page,"M-Gas - We're hiring! To apply, visit our careers ... - Facebook",https://www.facebook.com/MGasKenya/photos/were-hiring-to-apply-visit-our-careers-website-or-click-on-the-link-httpscareers/250210587761145/,,16,Likely Impersonator,False,,"Jul 10, 2023 · We're hiring! To apply, visit our careers website or click on the link https:// careers .mgas.ke/ #FurahiaUpishiWako #cleancooking #affordablecooking #MGas",,,,,DDGS,[],"{'phones': [], 'emails': [], 'whatsapp': [], 'mpesa_paybill_or_till': []}",[],[],False,[],Auto-detected via DDGS search,Public data only - no ToS violations,"{'fake_contacts': False, 'numbered_name': False, 'unauthorized_group': False}"
Page,Huge moving sale. Make offers - Facebook,https://www.facebook.com/marketplace/item/1056932299939082/,,16,Likely Impersonator,False,,Please dm for prices and or make offer - all must go! Thanks for looking shoes are new size 11 women - $40 Wall art make offers Round wood Table $60 All Asian statues are $20 and up or take all...,,,,,DDGS,[],"{'phones': [], 'emails': [], 'whatsapp': [], 'mpesa_paybill_or_till': []}",[],[],False,[],Auto-detected via DDGS search,Public data only - no ToS violations,"{'fake_contacts': False, 'numbered_name': False, 'unauthorized_group': False}"
Group,RAB MAKE OFFERS | Facebook,https://www.facebook.com/groups/2538049623048666/,,16,Likely Impersonator,False,,"This site is for make offers only. we will list items through the week. offers will end Thursday at 8pm,the highest offers gets the item. you must pick...",,,,,DDGS,[],"{'phones': [], 'emails': [], 'whatsapp': [], 'mpesa_paybill_or_till': []}",[],[],False,[],Auto-detected via DDGS search,Public data only - no ToS violations,"{'fake_contacts': False, 'numbered_name': False, 'unauthorized_group': False}"
Page,Need assistance with your M-Gas? Call us at 0800 721 ...,https://www.facebook.com/MGasKenya/posts/need-assistance-with-your-m-gas-call-us-at-0800-721-148-our-dedicated-customer-c/571958275586373/,,0,Low Risk/Unrelated,False,,Kindly note that our customer care number is 0 800 721 148 for free calls. ... https:// mgas.ke / Kindly use this form to check for your ...,,,,,DDGS,[],"{'phones': [], 'emails': [], 'whatsapp': [], 'mpesa_paybill_or_till': []}",['customer care'],[],False,[],Auto-detected via DDGS search,Public data only - no ToS violations,"{'fake_contacts': False, 'numbered_name': False, 'unauthorized_group': False}"
Page,M-Gas,https://www.facebook.com/story.php?story_fbid=605893695526164&id=100083166169294,story.php?story_fbid=605893695526164&id=100083166169294,16,Likely Impersonator,False,,"Marya Don Yes, our customer care number is on 24hrs and is also toll free. ... customer care ... mgas. ke /careers/ Job Links: https://mgas.seamlesshiring.",,,,,DDGS,[],"{'phones': [], 'emails': [], 'whatsapp': [], 'mpesa_paybill_or_till': []}",['customer care'],[],False,[],Auto-detected via DDGS search,Public data only - no ToS violations,"{'fake_contacts': False, 'numbered_name': False, 'unauthorized_group': False}"
Page,M-Gas - Ukiwa na M-Gas budget ya gas is totally up to you. ...,https://www.facebook.com/MGasKenya/photos/ukiwa-na-m-gas-budget-ya-gas-is-totally-up-to-you-imagine-uneza-pika-ugali-nyama/603558722426328/,,16,Likely Impersonator,False,,"Hello Steve Kariuki M-Gas does not request any amount for refills or ""updating"" your meter. ... Apply Now: Visit our career portal at https:// mgas. ke /careers/ ...",,,,,DDGS,[],"{'phones': [], 'emails': [], 'whatsapp': [], 'mpesa_paybill_or_till': []}",[],[],False,[],Auto-detected via DDGS search,Public data only - no ToS violations,"{'fake_contacts': False, 'numbered_name': False, 'unauthorized_group': False}"
Page,Alga cloth | Tanda - Facebook,https://www.facebook.com/61566467623470/,,0,Low Risk/Unrelated,False,,"Nov 13, 2024 · cleaning agent , has been used in households and industries for years. However, its applications go far beyond the confines of home cleaning. With its ability to kill bacteria, fight fu",,,,,DDGS,[],"{'phones': [], 'emails': [], 'whatsapp': [], 'mpesa_paybill_or_till': []}",['agent'],[],False,[],Auto-detected via DDGS search,Public data only - no ToS violations,"{'fake_contacts': False, 'numbered_name': False, 'unauthorized_group': False}"
Page,Skyland Net Management | Semarang - Facebook Launcher - Facebook,https://www.facebook.com/skylandteam/,,0,Low Risk/Unrelated,False,,"Aug 1, 2024 · Skyland Net Management, Semarang. 4,723 likes · 1 talking about this · 228 were here. Semarang Jl. Durian Raya 73.Banyumanik Jl. Arteri soekarno hatta no7 Jl. Keludraya no10 Pemalang Jl ",,,,,DDGS,[],"{'phones': [], 'emails': [], 'whatsapp': [], 'mpesa_paybill_or_till': []}",['agent'],[],False,[],Auto-detected via DDGS search,Public data only - no ToS violations,"{'fake_contacts': False, 'numbered_name': False, 'unauthorized_group': False}"
Page,"M-Gas - Facebook M-Gas - We're hiring! To apply, visit our careers ... - Facebook M-GAS COMPANY LTD 0787813153 | We're hiring! To apply, visit ... M-Gas - We're hiring in Kangemi! To apply, visit our careers ... Lawyers Rule!! (Original) | https://careers.mgas.ke/careers ... Ndarugu Ward United Forum | https://careers.mgas.ke/careers ...",https://www.facebook.com/MGasKenya/,,16,Likely Impersonator,False,,mgas .ke M- Gas Aug 15 Are you passionate about creating sustainable impact and driving results ? We’re looking for enthusiastic personnel to join our growing team! What You’ll Do: Pitch and sell our ,,,,,DDGS,[],"{'phones': [], 'emails': [], 'whatsapp': [], 'mpesa_paybill_or_till': []}",[],['0787813153'],False,[],Auto-detected via DDGS search,Public data only - no ToS violations,"{'fake_contacts': True, 'numbered_name': False, 'unauthorized_group': False}"
Page,"M-Gas - We're hiring! To apply, visit our careers ... - Facebook",https://www.facebook.com/MGasKenya/photos/were-hiring-to-apply-visit-our-careers-website-or-click-on-the-link-httpscareers/250210587761145/,,16,Likely Impersonator,False,,"Jul 10, 2023 · We're hiring! To apply, visit our careers website or click on the link https:// careers . mgas . ke / #FurahiaUpishiWako #cleancooking #affordablecooking #MGas",,,,,DDGS,[],"{'phones': [], 'emails': [], 'whatsapp': [], 'mpesa_paybill_or_till': []}",[],[],False,[],Auto-detected via DDGS search,Public data only - no ToS violations,"{'fake_contacts': False, 'numbered_name': False, 'unauthorized_group': False}"
Group,Jikokoa and kuniokoa Kenya supply | #PROMO!..PROMO!!..PROMO,https://www.facebook.com/groups/1202896060426633/posts/1321237625259142/,,16,Likely Impersonator,False,,"Jan 8, 2024 · Josline Esendi 6d Ni ya leo 🤌Mgas kenya imekuja na offer kibao Ukiwa na deposit ya 550 pekee tunakupea gas pamoja na 13kg clynder uwe ukijilipia 25per day for 12 months Offer offer Free ",,,,,DDGS,[],"{'phones': ['0780346507'], 'emails': [], 'whatsapp': [], 'mpesa_paybill_or_till': []}",[],['0780346507'],False,[],Auto-detected via DDGS search,Public data only - no ToS violations,"{'fake_contacts': True, 'numbered_name': False, 'unauthorized_group': False}"
Group,MGAS MKOPO 0106948302 | @highlight offer offers ... - Facebook,https://www.facebook.com/groups/781287047215225/posts/1024560116221249/,,16,Likely Impersonator,False,,@highlight Ni ya leo 🤌Mgas kenya imekuja na offer kibao Ukiwa na deposit ya 550 pekee tunakupea gas pamoja na 13kg clynder uwe ukijilipia 25per day for 12 months Offer offer Free tshirt Free umbrella ,,,,,DDGS,[],"{'phones': ['0106948302'], 'emails': [], 'whatsapp': [], 'mpesa_paybill_or_till': []}",[],"['0106948302', '0106948302']",False,[],Auto-detected via DDGS search,Public data only - no ToS violations,"{'fake_contacts': True, 'numbered_name': False, 'unauthorized_group': True}"
Group,MGAS MKOPO 0106948302 | offer offers with only 550 ... - Facebook,https://www.facebook.com/groups/781287047215225/posts/1025831539427440/,,16,Likely Impersonator,False,,"offer offers with only 550 tunakuletea MGAS mpaka nyumbani, call or WhatsApp us on 0106948302 utakua ukilipia 25 per day order today and enjoy free. 1,...",,,,,DDGS,[],"{'phones': ['0106948302'], 'emails': [], 'whatsapp': [], 'mpesa_paybill_or_till': []}",[],"['0106948302', '0106948302']",False,[],Auto-detected via DDGS search,Public data only - no ToS violations,"{'fake_contacts': True, 'numbered_name': False, 'unauthorized_group': True}"
Page,M-Gas - Facebook MGAS CUSTOMER CARE SERVICE AND ORDER PLACEMENT> - Facebook Mgas kenya call 0750279398 - Facebook Genuine M-Gas Kenya L.T.D Helpline number 0101140606 | Facebook MGAS CUSTOMER SUPPORT - Facebook M-Gas Kenya | Facebook,https://www.facebook.com/MGasKenya/,,16,Likely Impersonator,False,,"M-Gas. 54,749 likes · 271 talking about this. M-Gas is changing lives by providing pay-as-you-go cooking gas to all Kenyans. Nov 30, 2024 · Furahia Upishi poa na Mgas Kenya . Call/whatsapp 0755928849.",,,,,DDGS,[],"{'phones': ['0755928849', '0750279398', '0750279398', '0101140606', '0736965095'], 'emails': [], 'whatsapp': [], 'mpesa_paybill_or_till': []}","['customer care', 'support']","['0755928849', '0750279398', '0750279398', '0101140606', '0736965095', '0750279398', '0101140606']",False,[],Auto-detected via DDGS search,Public data only - no ToS violations,"{'fake_contacts': True, 'numbered_name': False, 'unauthorized_group': False}"
Group,MGAS CUSTOMER CARE SERVICE AND ORDER PLACEMENT> - Facebook,https://www.facebook.com/groups/907555054290862/,,16,Likely Impersonator,False,,"Nov 30, 2024 · Furahia Upishi poa na Mgas Kenya . Call/whatsapp 0755928849. We offer free delivery country wide.",,,,,DDGS,[],"{'phones': ['0755928849'], 'emails': [], 'whatsapp': [], 'mpesa_paybill_or_till': []}",[],['0755928849'],False,[],Auto-detected via DDGS search,Public data only - no ToS violations,"{'fake_contacts': True, 'numbered_name': False, 'unauthorized_group': True}"
Group,MGAS KENYA QUICK RESPONSE CUSTOMER SUPPORT - Facebook,https://www.facebook.com/groups/3644210639219066/,,16,Likely Impersonator,False,,"MGAS KENYA QUICK RESPONSE CUSTOMER SUPPORT > Public group · 28 members Join group About this group If you are unable to locate my message, kindly use WhatsApp +1 (939) 234-8342 and send me a private m",,,,,DDGS,[],"{'phones': [], 'emails': [], 'whatsapp': [], 'mpesa_paybill_or_till': []}",['support'],[],False,[],Auto-detected via DDGS search,Public data only - no ToS violations,"{'fake_contacts': False, 'numbered_name': False, 'unauthorized_group': True}"
Page,MGAS CUSTOMER SUPPORT - Facebook,https://www.facebook.com/mgas.kenya.care/,,0,Low Risk/Unrelated,False,,MGAS CUSTOMER SUPPORT is on Facebook. Join Facebook to connect with MGAS CUSTOMER SUPPORT and others you may know. Facebook gives people the power to...,,,,,DDGS,[],"{'phones': [], 'emails': [], 'whatsapp': [], 'mpesa_paybill_or_till': []}",['support'],[],False,[],Auto-detected via DDGS search,Public data only - no ToS violations,"{'fake_contacts': False, 'numbered_name': False, 'unauthorized_group': False}"
Group,ELDORET TOWN DIRECTORY AND MARKETING AGENT | MGAS KENYA ...,https://www.facebook.com/groups/145297272312347/posts/2772549106253804/,,16,Likely Impersonator,False,,MGAS KENYA SPECIAL OFFERS KWA KILA MTU? DEPOSIT IS NOW KSH.350/= DAILY PAYMENT KSH.20 BOB /= CALL US 0100594838,,,,,DDGS,[],"{'phones': ['0100594838'], 'emails': [], 'whatsapp': [], 'mpesa_paybill_or_till': []}",[],['0100594838'],False,[],Auto-detected via DDGS search,Public data only - no ToS violations,"{'fake_contacts': True, 'numbered_name': False, 'unauthorized_group': True}"
Group,GITHUNGURI DAIRY FARMERS KENYA | Super ... - Facebook,https://www.facebook.com/groups/387081183783576/posts/558256573332702/,,16,Likely Impersonator,False,,Join MGAS KENYA : 0100863356 2.3K members Join Copia offers 14K members Join CITIZEN DUKA 1.8K members Join Delamere FARM Naivasha 0753045802 GITHUNGURI DAIRY FARMERS KENYA Admin18h Delamere FARM Naiv,,,,,DDGS,[],"{'phones': ['0100863356', '0753045802', '0753045802', '0753045802', '0753045802'], 'emails': [], 'whatsapp': [], 'mpesa_paybill_or_till': []}",[],"['0100863356', '0753045802', '0753045802', '0753045802', '0753045802']",False,[],Auto-detected via DDGS search,Public data only - no ToS violations,"{'fake_contacts': True, 'numbered_name': False, 'unauthorized_group': False}"
Group,M-GAS SAFARICOM KINDLY CALL OR TEXT ON WHAT'S ...,https://www.facebook.com/groups/966324677961372/posts/1468502757743559/,,16,Likely Impersonator,False,,1 hr . Other posts. Nancy Nyangi Nyajoseme profile picture. Nancy ... MGAS KENYA profile picture. MGAS KENYA ▻M-GAS SAFARICOM KINDLY CALL ...,,,,,DDGS,[],"{'phones': [], 'emails': [], 'whatsapp': [], 'mpesa_paybill_or_till': []}",[],[],False,[],Auto-detected via DDGS search,Public data only - no ToS violations,"{'fake_contacts': False, 'numbered_name': False, 'unauthorized_group': True}"
Group,(SAFARICOM)MGAS KENYA 🇰🇪⛽ M-Gas Requirements,https://www.facebook.com/groups/408874720439060/posts/1237173760942481/,,16,Likely Impersonator,False,,Mgas Kenya are you interested What is the best type you want ... Hr Opiyo Helpdesk Opiyo profile picture. Hr Opiyo Helpdesk Opiyo. 15h ...,,,,,DDGS,[],"{'phones': [], 'emails': [], 'whatsapp': [], 'mpesa_paybill_or_till': []}",[],[],False,[],Auto-detected via DDGS search,Public data only - no ToS violations,"{'fake_contacts': False, 'numbered_name': False, 'unauthorized_group': True}"
Page,"M-Gas - We're hiring! To apply, visit our careers website...",https://www.facebook.com/MGasKenya/posts/were-hiring-to-apply-visit-our-careers-website-or-click-on-the-link-httpscareers/250210607761143/,,16,Likely Impersonator,False,,"Jul 10, 2023 · We're hiring! To apply, visit our careers website or click on the link https:// careers . mgas .ke/ #FurahiaUpishiWako #cleancooking #affordablecooking #MGas",,,,,DDGS,[],"{'phones': [], 'emails': [], 'whatsapp': [], 'mpesa_paybill_or_till': []}",[],[],False,[],Auto-detected via DDGS search,Public data only - no ToS violations,"{'fake_contacts': False, 'numbered_name': False, 'unauthorized_group': False}"
Page,"M-Gas - We're hiring! To apply, visit our careers ... - Facebook",https://www.facebook.com/MGasKenya/photos/were-hiring-to-apply-visit-our-careers-website-or-click-on-the-link-httpscareers/250210587761145/,,16,Likely Impersonator,False,,"Jul 10, 2023 · We're hiring! To apply, visit our careers website or click on the link https:// careers . mgas .ke/ #FurahiaUpishiWako #cleancooking #affordablecooking #MGas",,,,,DDGS,[],"{'phones': [], 'emails': [], 'whatsapp': [], 'mpesa_paybill_or_till': []}",[],[],False,[],Auto-detected via DDGS search,Public data only - no ToS violations,"{'fake_contacts': False, 'numbered_name': False, 'unauthorized_group': False}"
