entity_type,name,url,username_or_id,risk_score,risk_label,tagline_match,category,about_snippet,followers_count,members_count,creation_date,primary_country,found_via,recent_post_examples,contact_handles_detected,suspicious_claims,screenshot_paths,notes,compliance_note
Group,ENJOY COOKING WITH M~GAS💥 ✅️Deposit 550 shillings ...,https://www.facebook.com/groups/878566720242965/posts/1526146258818338/,,0,Low Risk/Unrelated,False,,... M-GAS M -GAS AFFORDABLE LPG You decide how much to spend. miGas ... SUN KING OFFICE LINE * 09164224523 PROMO ! PROMO !! PROMO ...,,,,,DDGS,[],"{'phones': [], 'emails': [], 'whatsapp': [], 'mpesa_paybill_or_till': []}",['promo'],[],Auto-detected via DDGS search,Public data only - no ToS violations
Page,M-GAS Special offers - Facebook,https://www.facebook.com/events/526583930140239/,,0,Low Risk/Unrelated,False,,Details Enjoy Quality Cooking Services From M - Gas :0752611017 at a minimum deposit Of 550/= Weekly Charges Of 35/= for 9mths Click On The Logo To View More Of Our Products M-gas Kenya Limited Call 0,,,,,DDGS,[],"{'phones': [], 'emails': [], 'whatsapp': [], 'mpesa_paybill_or_till': []}",[],[],Auto-detected via DDGS search,Public data only - no ToS violations
Group,Mr. M's gas giveaway with cars lined up,https://www.facebook.com/groups/1115480395465731/posts/1757254114621686/,,0,Low Risk/Unrelated,False,,Looks like Mr. M's is having a gas giveaway . . . cars are lined up for miles ... m's gas giveaway . . free gas giveaway near me. Other posts. Related groups.,,,,,DDGS,[],"{'phones': [], 'emails': [], 'whatsapp': [], 'mpesa_paybill_or_till': []}",[],[],Auto-detected via DDGS search,Public data only - no ToS violations
Page,M-Gas - Need assistance with your M-Gas? Call us at 0800...,https://www.facebook.com/MGasKenya/posts/571958275586373/,,0,Low Risk/Unrelated,False,,"Need assistance with your M - Gas ? Call us at 0800 721 148, our dedicated customer care team is ready to support you every step of the way!...",,,,,DDGS,[],"{'phones': [], 'emails': [], 'whatsapp': [], 'mpesa_paybill_or_till': []}","['customer care', 'support']",[],Auto-detected via DDGS search,Public data only - no ToS violations
Page,Southern Gas Corporation Mindoro Branch | Calapan - Facebook Albay Gas Corporation - Facebook M-Gas Franchising Philippines - Facebook M.Gas Heating & Plumbing | Oldbury - Facebook Dominico LPG Trading | Binangonan - Facebook C&M Gas - Plumbing - Heating | Stockton-on-Tees - Facebook LETS SUPPORT LOCAL LETS SUPPORT OUR ECONOMY R.E.M. GAS ...,https://www.facebook.com/OrMinIslandGas/,,0,Low Risk/Unrelated,False,,"Thank you for the trust and support , mr. Ritchard! We are here to support you throughout your M-GAS Journey. We are still open here in Calapan Oriental Mindoro be the first franshisee here in Calapan",,,,,DDGS,[],"{'phones': [], 'emails': [], 'whatsapp': [], 'mpesa_paybill_or_till': []}","['authorized', 'support']",[],Auto-detected via DDGS search,Public data only - no ToS violations
Page,"M-gas Masagana, Argas, Prycegas and Superkalan Shine LPG Tank Your safety is... - M-Gas Franchising Philippines | Facebook ATHIRIVER KITENGELA ONLINE MARKET | Airbnb Kitengela - Facebook Samuel Grenier, page publique | See I'm at the gas station ...",https://www.facebook.com/ArgasPrycegasMgasShinegasDealer/,,0,Low Risk/Unrelated,False,,"M - gas Masagana, Argas , Prycegas and Superkalan Shine LPG Tank. 1,802 likes · 1 talking about this. We deliver along NAIC CAVITE LPG SGAS ARGAS PRYCE GAS... Jan 31, 2022 · Your safety is EVERYTHING.",,,,,DDGS,[],"{'phones': [], 'emails': [], 'whatsapp': [], 'mpesa_paybill_or_till': []}",['authorized'],[],Auto-detected via DDGS search,Public data only - no ToS violations
Group,M GAS LIPA MOS MOS AGENT NUMBER CALL OR WHATSAPP ...,https://www.facebook.com/groups/1135545828247507/,,0,Low Risk/Unrelated,False,,M GAS LIPA MOS MOS AGENT NUMBER CALL OR WHATSAPP US ON 01034551594 > · Ukiwa na deposit ya 550/= Unapokea m-gas yako leo kila wiki utakua unalipia 35/= Ukiwa ...,,,,,DDGS,[],"{'phones': [], 'emails': [], 'whatsapp': [], 'mpesa_paybill_or_till': []}",['agent'],[],Auto-detected via DDGS search,Public data only - no ToS violations
Group,MAKATI JOB HIRING | Facebook,https://www.facebook.com/groups/743819387078940/,,0,Low Risk/Unrelated,False,,"☑️ Preferably with HR experience, but fresh graduates are welcome to apply ☑️ Proficient in MS Office Applications ☑️ Has excellent oral and written communication skills 📌 𝗕𝗢𝗢𝗞𝗞𝗘𝗘𝗣𝗘𝗥 ☑️ Accounting Gra",,,,,DDGS,[],"{'phones': [], 'emails': [], 'whatsapp': [], 'mpesa_paybill_or_till': []}",[],[],Auto-detected via DDGS search,Public data only - no ToS violations
Page,"M-Gas - We're hiring! To apply, visit our careers website...",https://www.facebook.com/MGasKenya/posts/were-hiring-to-apply-visit-our-careers-website-or-click-on-the-link-httpscareers/250210607761143/,,0,Low Risk/Unrelated,False,,"Jul 10, 2023 · We're hiring! To apply, visit our careers website or click on the link https:// careers . mgas .ke/ #FurahiaUpishiWako #cleancooking #affordablecooking #MGas",,,,,DDGS,[],"{'phones': [], 'emails': [], 'whatsapp': [], 'mpesa_paybill_or_till': []}",[],[],Auto-detected via DDGS search,Public data only - no ToS violations
Page,"Albay Gas Corporation - Facebook Southern Gas Corporation Mindoro Branch | Calapan - Facebook MGAS NAGA MAIN - PALIT-TANGKE PROMO for only P930.00 ... M-Gas Franchising Philippines - GRAB THE CHANCE TO ... - Facebook Tierra Nevada Marketplace&Online Store | ""One stop for all ... GRAB THE CHANCE TO WIN A... - M-Gas Franchising Philippines Brgy. Lambingan Tanza Cavite Palmerston North Ph1 ... - Facebook",https://www.facebook.com/100063718218905/,,0,Low Risk/Unrelated,False,,"Jun 10, 2021 · M - Gas Franchising Philippines May 21, 2021 In just 6 easy steps, you can start your franchise with M - GAS ! Catch our ongoing promo for OFWs and Frontliners with a 10% discount! Mess",,,,,DDGS,[],"{'phones': [], 'emails': [], 'whatsapp': [], 'mpesa_paybill_or_till': []}","['official', 'promo', 'support']",[],Auto-detected via DDGS search,Public data only - no ToS violations
Group,M-gas Kenya limited special offers,https://www.facebook.com/groups/957825675925241/posts/mgas-with-special-offers-12-bob-tu-dial-479-ku-register-for-m-gas-leo-pikakwabei/1271854731188999/,,0,Low Risk/Unrelated,False,,MGAS With Special offers 12 bob tu! Dial *479# ku register for M-Gas leo. #PikaKwaBeiYako #FurahiaUpishiWako #MGas Call 0752611017 Deposit ...,,,,,DDGS,[],"{'phones': [], 'emails': [], 'whatsapp': [], 'mpesa_paybill_or_till': []}",[],[],Auto-detected via DDGS search,Public data only - no ToS violations
Group,Mr. M's gas giveaway with cars lined up,https://www.facebook.com/groups/1115480395465731/posts/1757254114621686/,,0,Low Risk/Unrelated,False,,Looks like Mr. M's is having a gas giveaway . . . cars are lined up for miles ... m's gas giveaway . . free gas giveaway near me. Other posts. Related groups.,,,,,DDGS,[],"{'phones': [], 'emails': [], 'whatsapp': [], 'mpesa_paybill_or_till': []}",[],[],Auto-detected via DDGS search,Public data only - no ToS violations
Page,M-Gas - Need assistance with your M-Gas? Call us at 0800...,https://www.facebook.com/MGasKenya/posts/571958275586373/,,0,Low Risk/Unrelated,False,,"Need assistance with your M - Gas ? Call us at 0800 721 148, our dedicated customer care team is ready to support you every step of the way!...",,,,,DDGS,[],"{'phones': [], 'emails': [], 'whatsapp': [], 'mpesa_paybill_or_till': []}","['customer care', 'support']",[],Auto-detected via DDGS search,Public data only - no ToS violations
Page,"M-gas Masagana, Argas, Prycegas and Superkalan Shine LPG Tank Your safety is... - M-Gas Franchising Philippines | Facebook We offer gas bottle refills & exchange... - Mica Durban North ... Need gas? At Builders, we offer gas refill and exchange ... Hip2Save - 64 ounces, $19.99 + $1.79 refills at my gas... Does anyone refill gas bottles in town - Facebook Micmar Zambia - Gas Refills at Only K45/kg ... - Facebook",https://www.facebook.com/ArgasPrycegasMgasShinegasDealer/,,0,Low Risk/Unrelated,False,,"M - gas Masagana, Argas, Prycegas and Superkalan Shine LPG Tank. 1,802 likes · 1 talking about this. We deliver along NAIC CAVITE LPG SGAS ARGAS PRYCE GAS... Jan 31, 2022 · Your safety is EVERYTHING. ",,,,,DDGS,[],"{'phones': [], 'emails': [], 'whatsapp': [], 'mpesa_paybill_or_till': []}",['authorized'],[],Auto-detected via DDGS search,Public data only - no ToS violations
Page,SAFARICOM M-GAS AGENT - Facebook,https://www.facebook.com/safaricommgasagent/,,0,Low Risk/Unrelated,False,,SAFARICOM M - GAS AGENT is on Facebook. Join Facebook to connect with SAFARICOM M - GAS AGENT and others you may know. Facebook gives people the power to...,,,,,DDGS,[],"{'phones': [], 'emails': [], 'whatsapp': [], 'mpesa_paybill_or_till': []}",['agent'],[],Auto-detected via DDGS search,Public data only - no ToS violations
Group,MAKATI JOB HIRING | Facebook,https://www.facebook.com/groups/743819387078940/,,0,Low Risk/Unrelated,False,,"☑️ Preferably with HR experience, but fresh graduates are welcome to apply ☑️ Proficient in MS Office Applications ☑️ Has excellent oral and written communication skills 📌 𝗕𝗢𝗢𝗞𝗞𝗘𝗘𝗣𝗘𝗥 ☑️ Accounting Gra",,,,,DDGS,[],"{'phones': [], 'emails': [], 'whatsapp': [], 'mpesa_paybill_or_till': []}",[],[],Auto-detected via DDGS search,Public data only - no ToS violations
Page,"M-Gas - We're hiring! To apply, visit our careers website...",https://www.facebook.com/MGasKenya/posts/were-hiring-to-apply-visit-our-careers-website-or-click-on-the-link-httpscareers/250210607761143/,,0,Low Risk/Unrelated,False,,"Jul 10, 2023 · We're hiring! To apply, visit our careers website or click on the link https:// careers . mgas .ke/ #FurahiaUpishiWako #cleancooking #affordablecooking #MGas",,,,,DDGS,[],"{'phones': [], 'emails': [], 'whatsapp': [], 'mpesa_paybill_or_till': []}",[],[],Auto-detected via DDGS search,Public data only - no ToS violations
Group,M-GAS KENYA LIMITED CALL (0784860605) | ANGUKIA OFFERS ZA # ...,https://www.facebook.com/groups/653145767783316/posts/709698335461392/,,0,Low Risk/Unrelated,False,,"ANGUKIA OFFERS ZA # MGAS . DEPOSIT, (1) burners 550 shillings (2) Weekly Installment 35Bob. CALL US TODAY...",,,,,DDGS,[],"{'phones': [], 'emails': [], 'whatsapp': [], 'mpesa_paybill_or_till': []}",[],[],Auto-detected via DDGS search,Public data only - no ToS violations
Group,ANOTHER GIVEAWAY CHALLENGE! 🎉 Want ...,https://www.facebook.com/groups/844685979256352/posts/2667103730347892/,,0,Low Risk/Unrelated,False,,"ANOTHER GIVEAWAY CHALLENGE! Want to WIN a ... ANOTHER GIVEAWAY CHALLENGE! Want to WIN ... M-GAS KENYA LIMITED COMPANY, Mercy Abungu, Jonathan G.",,,,,DDGS,[],"{'phones': [], 'emails': [], 'whatsapp': [], 'mpesa_paybill_or_till': []}",[],[],Auto-detected via DDGS search,Public data only - no ToS violations
Page,M Gas Kenya - Facebook,https://www.facebook.com/61573685076479/,,0,Low Risk/Unrelated,False,,"M Gas Kenya May 13 Tumefungua Nanyuki!😁 Pata M-Gas yako leo and get a chance to cook for your loved ones this festive season bila stress, usipitwe! To learn more about M-Gas, call us on our Customer C",,,,,DDGS,[],"{'phones': [], 'emails': [], 'whatsapp': [], 'mpesa_paybill_or_till': []}",['customer care'],[],Auto-detected via DDGS search,Public data only - no ToS violations
Group,MGAS KENYA QUICK RESPONSE CUSTOMER SUPPORT - Facebook,https://www.facebook.com/groups/3644210639219066/,,0,Low Risk/Unrelated,False,,"MGAS KENYA QUICK RESPONSE CUSTOMER SUPPORT > Public group · 28 members Join group About this group If you are unable to locate my message, kindly use WhatsApp +1 (939) 234-8342 and send me a private m",,,,,DDGS,[],"{'phones': [], 'emails': [], 'whatsapp': [], 'mpesa_paybill_or_till': []}",['support'],[],Auto-detected via DDGS search,Public data only - no ToS violations
Group,Gas Refilling ( *all types of gas cylinders)* 📌 Gas complete ...,https://www.facebook.com/groups/295474376849804/posts/706699862393918/,,0,Low Risk/Unrelated,False,,... refills Dealers in: Gas Refilling ( *all types of gas cylinders)* ... M-GAS KENYA PIKA BILA STRESS ..⭐Call ...,,,,,DDGS,[],"{'phones': [], 'emails': [], 'whatsapp': [], 'mpesa_paybill_or_till': []}",[],[],Auto-detected via DDGS search,Public data only - no ToS violations
Page,M-GAS Kenya LTD Agent Call 0103676804 | Westlands - Facebook,https://www.facebook.com/61552820712644/,,0,Low Risk/Unrelated,False,,"M - GAS Kenya LTD Agent Call 0103676804, Westlands. 14 likes · 161 talking about this. Home Businesses",,,,,DDGS,[],"{'phones': [], 'emails': [], 'whatsapp': [], 'mpesa_paybill_or_till': []}",['agent'],[],Auto-detected via DDGS search,Public data only - no ToS violations
Group,M GAS KENYA PIKA KILA WAKATI...CALL US 0100-337-463 OR ...,https://www.facebook.com/groups/1848134362617928/posts/1853188662112498/,,0,Low Risk/Unrelated,False,,M GAS KENYA PIKA KILA WAKATI...CALL US 0100 ... M GAS KENYA PIKA KILA WAKATI ... HR Abbigail Kate profile picture. HR Abbigail Kate. Admin 56m ...,,,,,DDGS,[],"{'phones': [], 'emails': [], 'whatsapp': [], 'mpesa_paybill_or_till': []}",[],[],Auto-detected via DDGS search,Public data only - no ToS violations
Page,"M-Gas - Facebook M-Gas - We're hiring! To apply, visit our careers ... - Facebook M-Gas - We're hiring in Kangemi! To apply, visit our careers ... Sharon Gas Profiles - Facebook",https://www.facebook.com/MGasKenya/,,0,Low Risk/Unrelated,False,,"ke/ careers /Job Links: https://mgas.seamlesshiring. com/h/advanced#/jobs Nickens Nickens and 150 others 151 94 M- Gas Jul 10 Pika smart na M - Gas clean, safe, na perfect kwa kila meal. For more info",,,,,DDGS,[],"{'phones': [], 'emails': [], 'whatsapp': [], 'mpesa_paybill_or_till': []}",[],[],Auto-detected via DDGS search,Public data only - no ToS violations
Page,Modern COAST ltd,https://www.facebook.com/people/Modern-COAST-ltd/100092931717354/,,0,Low Risk/Unrelated,False,,Let them use promo code D7948150 when booking. NAIROBI ➡KIGALI daily ... Mgas Ke and 2 others · . 3 · · Modern COAST ltd profile picture. Modern COAST ...,,,,,DDGS,[],"{'phones': [], 'emails': [], 'whatsapp': [], 'mpesa_paybill_or_till': []}",['promo'],[],Auto-detected via DDGS search,Public data only - no ToS violations
Page,Huge moving sale. Make offers - Facebook,https://www.facebook.com/commerce/listing/1409929443454049/,,0,Low Risk/Unrelated,False,,Please dm for prices and or make offer - all must go! Thanks for looking shoes are new size 11 women - $40 Wall art make offers Round wood Table $60 All Asian statues are $20 and up or take all for be,,,,,DDGS,[],"{'phones': [], 'emails': [], 'whatsapp': [], 'mpesa_paybill_or_till': []}",[],[],Auto-detected via DDGS search,Public data only - no ToS violations
Group,Other posts - Facebook,https://www.facebook.com/groups/893208048514351/posts/1252343285934157/,,0,Low Risk/Unrelated,False,,"... giveaway , Selaelo C Machabaphala, Mma Karabo, Lepelle Khutso Khutsi ... Mgas Ke , Moss Chuma, Jonathan Brize, Mdogo Mdogo Smartphone ...",,,,,DDGS,[],"{'phones': [], 'emails': [], 'whatsapp': [], 'mpesa_paybill_or_till': []}",[],[],Auto-detected via DDGS search,Public data only - no ToS violations
Page,Mgas Upishi Smart Ke - Facebook,https://www.facebook.com/people/Mgas-Upishi-Smart-Ke/61559184901854/,,0,Low Risk/Unrelated,False,,"Nov 22, 2024 · to serve you. For any customer service needs, call us on our toll- free Customer Care number at 0105 004775 chat with us on WhatsApp at 0106 791056 or email us at customercare @ mgas .k",,,,,DDGS,[],"{'phones': [], 'emails': [], 'whatsapp': [], 'mpesa_paybill_or_till': []}",['customer care'],[],Auto-detected via DDGS search,Public data only - no ToS violations
Page,Alga cloth | Tanda - Facebook,https://www.facebook.com/61566467623470/,,0,Low Risk/Unrelated,False,,"Nov 13, 2024 · cleaning agent , has been used in households and industries for years. However, its applications go far beyond the confines of home cleaning. With its ability to kill bacteria, fight fu",,,,,DDGS,[],"{'phones': [], 'emails': [], 'whatsapp': [], 'mpesa_paybill_or_till': []}",['agent'],[],Auto-detected via DDGS search,Public data only - no ToS violations
Page,"M-Gas - Facebook M-Gas - We're hiring! To apply, visit our careers ... - Facebook M-GAS COMPANY LTD 0787813153 | We're hiring! To apply, visit ... M-Gas - We're hiring in Kangemi! To apply, visit our careers ... Lawyers Rule!! (Original) | https://careers.mgas.ke/careers ... Ndarugu Ward United Forum | https://careers.mgas.ke/careers ...",https://www.facebook.com/MGasKenya/,,0,Low Risk/Unrelated,False,,mgas .ke M- Gas Aug 15 Are you passionate about creating sustainable impact and driving results ? We’re looking for enthusiastic personnel to join our growing team! What You’ll Do: Pitch and sell our ,,,,,DDGS,[],"{'phones': [], 'emails': [], 'whatsapp': [], 'mpesa_paybill_or_till': []}",[],[],Auto-detected via DDGS search,Public data only - no ToS violations
Group,Jikokoa and kuniokoa Kenya supply | #PROMO!..PROMO!!..PROMO,https://www.facebook.com/groups/1202896060426633/posts/1321237625259142/,,0,Low Risk/Unrelated,False,,"Jan 8, 2024 · Josline Esendi 6d Ni ya leo 🤌Mgas kenya imekuja na offer kibao Ukiwa na deposit ya 550 pekee tunakupea gas pamoja na 13kg clynder uwe ukijilipia 25per day for 12 months Offer offer Free ",,,,,DDGS,[],"{'phones': [], 'emails': [], 'whatsapp': [], 'mpesa_paybill_or_till': []}",[],[],Auto-detected via DDGS search,Public data only - no ToS violations
Group,MGAS MKOPO 0106948302 | @highlight offer offers ... - Facebook,https://www.facebook.com/groups/781287047215225/posts/1024560116221249/,,0,Low Risk/Unrelated,False,,@highlight Ni ya leo 🤌Mgas kenya imekuja na offer kibao Ukiwa na deposit ya 550 pekee tunakupea gas pamoja na 13kg clynder uwe ukijilipia 25per day for 12 months Offer offer Free tshirt Free umbrella ,,,,,DDGS,[],"{'phones': [], 'emails': [], 'whatsapp': [], 'mpesa_paybill_or_till': []}",[],[],Auto-detected via DDGS search,Public data only - no ToS violations
Group,Mgas Kenya are you interested What is the best,https://www.facebook.com/groups/abujacarbusiness/posts/2169648750202515/,,0,Low Risk/Unrelated,False,,Mgas Kenya are you interested What is the best ... Mgas Kenya are you interested What is the best type you ... *Sallah giveaway !!!* Super sharp C350...,,,,,DDGS,[],"{'phones': [], 'emails': [], 'whatsapp': [], 'mpesa_paybill_or_till': []}",[],[],Auto-detected via DDGS search,Public data only - no ToS violations
Page,M-Gas - Facebook MGAS CUSTOMER CARE SERVICE AND ORDER PLACEMENT> - Facebook Mgas kenya call 0750279398 - Facebook Genuine M-Gas Kenya L.T.D Helpline number 0101140606 | Facebook MGAS CUSTOMER SUPPORT - Facebook M-Gas Kenya | Facebook,https://www.facebook.com/MGasKenya/,,0,Low Risk/Unrelated,True,,"M-Gas. 54,749 likes · 271 talking about this. M-Gas is changing lives by providing pay-as-you-go cooking gas to all Kenyans. Nov 30, 2024 · Furahia Upishi poa na Mgas Kenya . Call/whatsapp 0755928849.",,,,,DDGS,[],"{'phones': [], 'emails': [], 'whatsapp': [], 'mpesa_paybill_or_till': []}","['customer care', 'support']",[],Auto-detected via DDGS search,Public data only - no ToS violations
Group,MGAS KENYA QUICK RESPONSE CUSTOMER SUPPORT - Facebook,https://www.facebook.com/groups/3644210639219066/,,0,Low Risk/Unrelated,False,,"MGAS KENYA QUICK RESPONSE CUSTOMER SUPPORT > Public group · 28 members Join group About this group If you are unable to locate my message, kindly use WhatsApp +1 (939) 234-8342 and send me a private m",,,,,DDGS,[],"{'phones': [], 'emails': [], 'whatsapp': [], 'mpesa_paybill_or_till': []}",['support'],[],Auto-detected via DDGS search,Public data only - no ToS violations
Group,ELDORET TOWN DIRECTORY AND MARKETING AGENT | MGAS KENYA ...,https://www.facebook.com/groups/145297272312347/posts/2772549106253804/,,0,Low Risk/Unrelated,False,,MGAS KENYA SPECIAL OFFERS KWA KILA MTU? DEPOSIT IS NOW KSH.350/= DAILY PAYMENT KSH.20 BOB /= CALL US 0100594838,,,,,DDGS,[],"{'phones': [], 'emails': [], 'whatsapp': [], 'mpesa_paybill_or_till': []}",[],[],Auto-detected via DDGS search,Public data only - no ToS violations
Page,"M-Gas - We're hiring! To apply, visit our careers website...",https://www.facebook.com/MGasKenya/posts/were-hiring-to-apply-visit-our-careers-website-or-click-on-the-link-httpscareers/250210607761143/,,0,Low Risk/Unrelated,False,,"Jul 10, 2023 · We're hiring! To apply, visit our careers website or click on the link https:// careers . mgas .ke/ #FurahiaUpishiWako #cleancooking #affordablecooking #MGas",,,,,DDGS,[],"{'phones': [], 'emails': [], 'whatsapp': [], 'mpesa_paybill_or_till': []}",[],[],Auto-detected via DDGS search,Public data only - no ToS violations
