entity_type,name,url,username_or_id,risk_score,risk_label,tagline_match,category,about_snippet,followers_count,members_count,creation_date,primary_country,found_via,recent_post_examples,contact_handles_detected,suspicious_claims,fake_contact_numbers,has_numbered_name,screenshot_paths,notes,compliance_note,impersonation_flags
Page,"End of June Promo‼️ For every 1 tank of 11kg M-gas, you will ...",https://www.facebook.com/61573549531758/posts/end-of-june-promo️for-every-1-tank-of-11kg-m-gas-you-will-get-a-free-350ml-of-di/122135078354784984/,,16,Likely Impersonator,False,,"End of June Promo ‼️ For every 1 tank of 11kg M-gas , you will get a free 350ml of Dishwashing Liquid. Promo runs until supplies last. Contact# (0998) 543 0916 ...",,,,,DDGS,[],"{'phones': [], 'emails': [], 'whatsapp': [], 'mpesa_paybill_or_till': []}",['promo'],[],False,[],Auto-detected via DDGS search,Public data only - no ToS violations,"{'fake_contacts': False, 'numbered_name': False, 'unauthorized_group': False}"
Page,M-Gas Concepcion Tarlac,https://www.facebook.com/mgasconcepciontarlac/posts/avail-our-101-promo️buy-10-11-kg-m-gas-refill-and-get-1-free-for-only-php-9400ex/122113851290783567/,,0,Low Risk/Unrelated,False,,"Avail our 10+1 PROMO ‼️ Buy 10 11-kg M-gas refill and get 1 free for only PHP 9400! ""Exact Weight is our Business."" Sto Cristo, Concepcion ...",,,,,DDGS,[],"{'phones': [], 'emails': [], 'whatsapp': [], 'mpesa_paybill_or_till': []}",['promo'],[],False,[],Auto-detected via DDGS search,Public data only - no ToS violations,"{'fake_contacts': False, 'numbered_name': False, 'unauthorized_group': False}"
Page,M-GAS Special offers - Facebook,https://www.facebook.com/events/526583930140239/,,16,Likely Impersonator,False,,Details Enjoy Quality Cooking Services From M - Gas :0752611017 at a minimum deposit Of 550/= Weekly Charges Of 35/= for 9mths Click On The Logo To View More Of Our Products M-gas Kenya Limited Call 0,,,,,DDGS,[],"{'phones': ['0752611017', '0752611017', '0101447717'], 'emails': [], 'whatsapp': [], 'mpesa_paybill_or_till': []}",[],"['0752611017', '0752611017', '0101447717']",False,[],Auto-detected via DDGS search,Public data only - no ToS violations,"{'fake_contacts': True, 'numbered_name': False, 'unauthorized_group': False}"
Group,Kenyan 254 market Buy and sell | Facebook,https://www.facebook.com/groups/913544077590514/,,16,Likely Impersonator,False,,Clinton Okumu Jan 3 💥FESTIVE SEASON OFFERS 💥 M - GAS KENYA PIKA BILA STRESS ..⭐CALL US 0762880299 ⭐WHATSAPP🔥0762880299 SAFARICOM M GAS IS A SAFARICOM SPONSORED GAS ️ M GAS DEPOSIT 550KSH COMES WITH ME,,,,,DDGS,[],"{'phones': ['0762880299', '0762880299'], 'emails': [], 'whatsapp': [], 'mpesa_paybill_or_till': []}",[],"['0762880299', '0762880299']",False,[],Auto-detected via DDGS search,Public data only - no ToS violations,"{'fake_contacts': True, 'numbered_name': False, 'unauthorized_group': False}"
Group,Mr. M's gas giveaway with cars lined up,https://www.facebook.com/groups/1115480395465731/posts/1757254114621686/,,16,Likely Impersonator,False,,Looks like Mr. M's is having a gas giveaway . . . cars are lined up for miles ... m's gas giveaway . . free gas giveaway near me. Other posts. Related groups.,,,,,DDGS,[],"{'phones': [], 'emails': [], 'whatsapp': [], 'mpesa_paybill_or_till': []}",[],[],False,[],Auto-detected via DDGS search,Public data only - no ToS violations,"{'fake_contacts': False, 'numbered_name': False, 'unauthorized_group': False}"
Page,Willie Wilson's $1M gas giveaway starts in a few hours. Sarah ...,https://www.facebook.com/WGNMorningNews/videos/willie-wilsons-1m-gas-giveaway-starts-in-a-few-hours-sarah-jindra-has-the-latest/307075588218789/,,16,Likely Impersonator,False,,Willie Wilson's $1 M gas giveaway starts in a few hours. Sarah Jindra has the latest traffic conditions. See the full list of where to get free fuel:...,,,,,DDGS,[],"{'phones': [], 'emails': [], 'whatsapp': [], 'mpesa_paybill_or_till': []}",[],[],False,[],Auto-detected via DDGS search,Public data only - no ToS violations,"{'fake_contacts': False, 'numbered_name': False, 'unauthorized_group': False}"
Page,M-Gas - Need assistance with your M-Gas? Call us at 0800...,https://www.facebook.com/MGasKenya/posts/571958275586373/,,0,Low Risk/Unrelated,False,,"Need assistance with your M - Gas ? Call us at 0800 721 148, our dedicated customer care team is ready to support you every step of the way!...",,,,,DDGS,[],"{'phones': [], 'emails': [], 'whatsapp': [], 'mpesa_paybill_or_till': []}","['customer care', 'support']",[],False,[],Auto-detected via DDGS search,Public data only - no ToS violations,"{'fake_contacts': False, 'numbered_name': False, 'unauthorized_group': False}"
Page,M-Gas - Facebook M Gas Kenya - Facebook M-gas Company Kenya - Facebook M-GAS COMPANY LTD 0787813153 | Facebook M-Gas Kenya> - Facebook M-GAS KENYA LIMITED (0111944487) | Need assistance with your .....,https://www.facebook.com/MGasKenya/,,16,Likely Impersonator,False,,"M - Gas . 54,749 likes · 271 talking about this. M - Gas is changing lives by providing pay-as-you-go cooking gas to all Kenyans. M Gas Kenya May 13 Tumefungua Nanyuki!😁 Pata M-Gas yako leo and get a ",,,,,DDGS,[],"{'phones': ['0746447820', '0737559526', '0106926827', '0104778819', '0787813153', '0736965095', '0111944487'], 'emails': [], 'whatsapp': [], 'mpesa_paybill_or_till': []}","['customer care', 'support']","['0746447820', '0737559526', '0106926827', '0104778819', '0787813153', '0736965095', '0111944487', '0787813153', '0111944487']",False,[],Auto-detected via DDGS search,Public data only - no ToS violations,"{'fake_contacts': True, 'numbered_name': False, 'unauthorized_group': False}"
Page,Need assistance with your M-Gas? Call us at 0800 721 ...,https://www.facebook.com/MGasKenya/posts/need-assistance-with-your-m-gas-call-us-at-0800-721-148-our-dedicated-customer-c/571958275586373/,,0,Low Risk/Unrelated,False,,"Need assistance with your M-Gas ? Call us at 0800 721 148, our dedicated customer care team is ready to support you every step of the way!",,,,,DDGS,[],"{'phones': [], 'emails': [], 'whatsapp': [], 'mpesa_paybill_or_till': []}","['customer care', 'support']",[],False,[],Auto-detected via DDGS search,Public data only - no ToS violations,"{'fake_contacts': False, 'numbered_name': False, 'unauthorized_group': False}"
Group,Need assistance with your M-Gas? Call us,https://www.facebook.com/groups/957825675925241/posts/1123317796042694/,,16,Likely Impersonator,False,,"Need assistance with your M-Gas ? Call us at 0111944487,or Any inquiry of our services. our dedicated customer care team is ready to support ...",,,,,DDGS,[],"{'phones': ['0111944487'], 'emails': [], 'whatsapp': [], 'mpesa_paybill_or_till': []}","['customer care', 'support']",['0111944487'],False,[],Auto-detected via DDGS search,Public data only - no ToS violations,"{'fake_contacts': True, 'numbered_name': False, 'unauthorized_group': True}"
Page,"M-gas now, Pay Later! Get 3 LPG refills for only 50 pesos per day ...",https://m.facebook.com/mgasconcepciontarlac/posts/m-gas-now-pay-laterget-3-lpg-refills-for-only-50-pesos-per-daycontact-us-0998583/122120095448783567/,,16,Likely Impersonator,False,,"M-gas now, Pay Later! Get 3 LPG refills for only 50 pesos per day! Contact us: 09985839393 · Avail our 10+1 PROMO‼️ Buy 10 11-kg M-gas refill and get 1 free for ...",,,,,DDGS,[],"{'phones': ['0998583939'], 'emails': [], 'whatsapp': [], 'mpesa_paybill_or_till': []}",['promo'],['0998583939'],False,[],Auto-detected via DDGS search,Public data only - no ToS violations,"{'fake_contacts': True, 'numbered_name': False, 'unauthorized_group': False}"
Group,Mascom Gas Trading Gas Refilling and Exchanges ...,https://www.facebook.com/groups/1651677148403782/posts/3990681181170022/,,16,Likely Impersonator,False,,OCR: MASCOM GAS TRADING CONVINIENTAND RELIABLE TERRARIF M GAS REFILLS & EXCHANGE GAS EQUIPMENT & ACCESSORIE FREE DELIVERY!!!,,,,,DDGS,[],"{'phones': [], 'emails': [], 'whatsapp': [], 'mpesa_paybill_or_till': []}",[],[],False,[],Auto-detected via DDGS search,Public data only - no ToS violations,"{'fake_contacts': False, 'numbered_name': False, 'unauthorized_group': True}"
Group,M GAS LIPA MOS MOS AGENT NUMBER CALL OR WHATSAPP ...,https://www.facebook.com/groups/1135545828247507/,,16,Likely Impersonator,False,,M GAS LIPA MOS MOS AGENT NUMBER CALL OR WHATSAPP US ON 01034551594 > · Ukiwa na deposit ya 550/= Unapokea m-gas yako leo kila wiki utakua unalipia 35/= Ukiwa ...,,,,,DDGS,[],"{'phones': ['0103455159'], 'emails': [], 'whatsapp': [], 'mpesa_paybill_or_till': []}",['agent'],['0103455159'],False,[],Auto-detected via DDGS search,Public data only - no ToS violations,"{'fake_contacts': True, 'numbered_name': False, 'unauthorized_group': True}"
Group,FURAHIA UPISHI ENJOY COOKING WITH M-GAS AGENT ...,https://www.facebook.com/groups/359545889779700/posts/765024569231828/,,16,Likely Impersonator,False,,M-gas profile picture. M-gas ▻ M GAS KENYA LIMITED CALL 0731129130 . Admin Aug 11 . . FURAHIA UPISHI ENJOY COOKING WITH M-GAS AGENT ...,,,,,DDGS,[],"{'phones': ['0731129130'], 'emails': [], 'whatsapp': [], 'mpesa_paybill_or_till': []}",['agent'],['0731129130'],False,[],Auto-detected via DDGS search,Public data only - no ToS violations,"{'fake_contacts': True, 'numbered_name': False, 'unauthorized_group': True}"
Group,MAKATI JOB HIRING | Facebook,https://www.facebook.com/groups/743819387078940/,,0,Low Risk/Unrelated,False,,"☑️ Preferably with HR experience, but fresh graduates are welcome to apply ☑️ Proficient in MS Office Applications ☑️ Has excellent oral and written communication skills 📌 𝗕𝗢𝗢𝗞𝗞𝗘𝗘𝗣𝗘𝗥 ☑️ Accounting Gra",,,,,DDGS,[],"{'phones': [], 'emails': [], 'whatsapp': [], 'mpesa_paybill_or_till': []}",[],[],False,[],Auto-detected via DDGS search,Public data only - no ToS violations,"{'fake_contacts': False, 'numbered_name': False, 'unauthorized_group': False}"
Page,We are Hiring M-Gas is seeking motivated and dynamic ...,https://www.facebook.com/MGasKenya/posts/we-are-hiring-m-gas-is-seeking-motivated-and-dynamic-individuals-in-nairobi-regi/688151853967014/,,0,Low Risk/Unrelated,False,,... ://mgas.ke/ careers / or Job Links: https://mgas. seamlesshiring.com/h/advanced#/jobs and apply. mgas.ke. Careers | M-Gas . 3 mos. Evans Opiyo.,,,,,DDGS,[],"{'phones': [], 'emails': [], 'whatsapp': [], 'mpesa_paybill_or_till': []}",[],[],False,[],Auto-detected via DDGS search,Public data only - no ToS violations,"{'fake_contacts': False, 'numbered_name': False, 'unauthorized_group': False}"
Page,We are Hiring M-Gas is seeking motivated and dynamic ...,https://www.facebook.com/MGasKenya/posts/we-are-hiringm-gas-is-seeking-motivated-and-dynamic-individuals-in-nairobi-regio/647850331330500/,,16,Likely Impersonator,False,,"Hello Serge Pk Ibaaka, regularly check our website page at: https://mgas.ke/ under the Careers tab for the latest job openings! mgas.ke. M-Gas | ...",,,,,DDGS,[],"{'phones': [], 'emails': [], 'whatsapp': [], 'mpesa_paybill_or_till': []}",[],[],False,[],Auto-detected via DDGS search,Public data only - no ToS violations,"{'fake_contacts': False, 'numbered_name': False, 'unauthorized_group': False}"
Page,"End of June Promo‼️ For every 1 tank of 11kg M-gas, you will ...",https://www.facebook.com/61573549531758/posts/end-of-june-promo️for-every-1-tank-of-11kg-m-gas-you-will-get-a-free-350ml-of-di/122135078354784984/,,16,Likely Impersonator,False,,"End of June Promo ‼️ For every 1 tank of 11kg M-gas , you will get a free 350ml of Dishwashing Liquid. Promo runs until supplies last. Contact# (0998) 543 0916 ...",,,,,DDGS,[],"{'phones': [], 'emails': [], 'whatsapp': [], 'mpesa_paybill_or_till': []}",['promo'],[],False,[],Auto-detected via DDGS search,Public data only - no ToS violations,"{'fake_contacts': False, 'numbered_name': False, 'unauthorized_group': False}"
Page,M-Gas Concepcion Tarlac,https://www.facebook.com/mgasconcepciontarlac/posts/avail-our-101-promo️buy-10-11-kg-m-gas-refill-and-get-1-free-for-only-php-9400ex/122113851290783567/,,0,Low Risk/Unrelated,False,,"Avail our 10+1 PROMO ‼️ Buy 10 11-kg M-gas refill and get 1 free for only PHP 9400! ""Exact Weight is our Business."" Sto Cristo, Concepcion ...",,,,,DDGS,[],"{'phones': [], 'emails': [], 'whatsapp': [], 'mpesa_paybill_or_till': []}",['promo'],[],False,[],Auto-detected via DDGS search,Public data only - no ToS violations,"{'fake_contacts': False, 'numbered_name': False, 'unauthorized_group': False}"
Group,M-gas Kenya limited special offers,https://www.facebook.com/groups/957825675925241/posts/mgas-with-special-offers-12-bob-tu-dial-479-ku-register-for-m-gas-leo-pikakwabei/1271854731188999/,,16,Likely Impersonator,False,,MGAS With Special offers 12 bob tu! Dial *479# ku register for M-Gas leo. #PikaKwaBeiYako #FurahiaUpishiWako #MGas Call 0752611017 Deposit ...,,,,,DDGS,[],"{'phones': ['0752611017'], 'emails': [], 'whatsapp': [], 'mpesa_paybill_or_till': []}",[],['0752611017'],False,[],Auto-detected via DDGS search,Public data only - no ToS violations,"{'fake_contacts': True, 'numbered_name': False, 'unauthorized_group': True}"
Group,m-gas kenya limited (0752611017) | angukia offers za ...,https://www.facebook.com/groups/957825675925241/posts/1310628327311639/,,16,Likely Impersonator,False,,M-GAS KENYA LIMITED (0752611017) | ANGUKIA OFFERS ZA #MGAS. Public group. . 13K Members · Join group. M-GAS . profile picture. M-GAS .,,,,,DDGS,[],"{'phones': ['0752611017'], 'emails': [], 'whatsapp': [], 'mpesa_paybill_or_till': []}",[],"['0752611017', '0752611017']",False,[],Auto-detected via DDGS search,Public data only - no ToS violations,"{'fake_contacts': True, 'numbered_name': False, 'unauthorized_group': True}"
Group,Mr. M's gas giveaway with cars lined up,https://www.facebook.com/groups/1115480395465731/posts/1757254114621686/,,16,Likely Impersonator,False,,Looks like Mr. M's is having a gas giveaway . . . cars are lined up for miles ... m's gas giveaway . . free gas giveaway near me. Other posts. Related groups.,,,,,DDGS,[],"{'phones': [], 'emails': [], 'whatsapp': [], 'mpesa_paybill_or_till': []}",[],[],False,[],Auto-detected via DDGS search,Public data only - no ToS violations,"{'fake_contacts': False, 'numbered_name': False, 'unauthorized_group': False}"
Page,Willie Wilson's $1M gas giveaway starts in a few hours. Sarah ...,https://www.facebook.com/WGNMorningNews/videos/willie-wilsons-1m-gas-giveaway-starts-in-a-few-hours-sarah-jindra-has-the-latest/307075588218789/,,16,Likely Impersonator,False,,Willie Wilson's $1 M gas giveaway starts in a few hours. Sarah Jindra has the latest traffic conditions. See the full list of where to get free fuel:...,,,,,DDGS,[],"{'phones': [], 'emails': [], 'whatsapp': [], 'mpesa_paybill_or_till': []}",[],[],False,[],Auto-detected via DDGS search,Public data only - no ToS violations,"{'fake_contacts': False, 'numbered_name': False, 'unauthorized_group': False}"
Page,M-Gas - Need assistance with your M-Gas? Call us at 0800...,https://www.facebook.com/MGasKenya/posts/571958275586373/,,0,Low Risk/Unrelated,False,,"Need assistance with your M - Gas ? Call us at 0800 721 148, our dedicated customer care team is ready to support you every step of the way!...",,,,,DDGS,[],"{'phones': [], 'emails': [], 'whatsapp': [], 'mpesa_paybill_or_till': []}","['customer care', 'support']",[],False,[],Auto-detected via DDGS search,Public data only - no ToS violations,"{'fake_contacts': False, 'numbered_name': False, 'unauthorized_group': False}"
Page,M-Gas - Facebook M-gas Company Kenya - Facebook M Gas Kenya - Facebook M-GAS COMPANY LTD 0787813153 | Facebook M-GAS COMPANY 0787813153 - Facebook M-GAS KENYA LIMITED (0111944487) | Need assistance with your .....,https://www.facebook.com/MGasKenya/,,16,Likely Impersonator,False,,"M - Gas . 54,749 likes · 271 talking about this. M - Gas is changing lives by providing pay-as-you-go cooking gas to all Kenyans. ilikupokea huduma za M - Gas ama tupigie Simu kupitia CUSTOMER CARE NU",,,,,DDGS,[],"{'phones': ['0106926827', '0104778819', '0746447820', '0737559526', '0787813153', '0111944487'], 'emails': [], 'whatsapp': [], 'mpesa_paybill_or_till': []}","['customer care', 'support']","['0106926827', '0104778819', '0746447820', '0737559526', '0787813153', '0111944487', '0787813153', '0787813153', '0111944487']",False,[],Auto-detected via DDGS search,Public data only - no ToS violations,"{'fake_contacts': True, 'numbered_name': False, 'unauthorized_group': False}"
Page,Southern Gas Corporation Mindoro Branch | Calapan - Facebook Albay Gas Corporation - Facebook MGAS - Welcome to the Official Page of M-GAS TAYTAY! We ... M-Gas Franchising Philippines - Facebook M.Gas Heating & Plumbing | Oldbury - Facebook MGAS CUSTOMER SUPPORT - Facebook We are built and ready to support... - Alacrity Solutions,https://www.facebook.com/OrMinIslandGas/,,0,Low Risk/Unrelated,False,,"Thank you for the trust and support , mr. Ritchard! We are here to support you throughout your M-GAS Journey. We are still open here in Calapan Oriental Mindoro be the first franshisee here in Calapan",,,,,DDGS,[],"{'phones': [], 'emails': [], 'whatsapp': [], 'mpesa_paybill_or_till': []}","['official', 'authorized', 'support']",[],False,[],Auto-detected via DDGS search,Public data only - no ToS violations,"{'fake_contacts': False, 'numbered_name': False, 'unauthorized_group': False}"
Page,Albay Gas Corporation - Facebook MGAS - Welcome to the Official Page of M-GAS TAYTAY! We ... M-Gas Franchising Philippines - Facebook M.Gas Heating & Plumbing | Oldbury - Facebook MGAS CUSTOMER SUPPORT - Facebook We are built and ready to support... - Alacrity Solutions,https://www.facebook.com/100063718218905/,,16,Likely Impersonator,False,,"Jun 10, 2021 · M-Gas Franchising Philippines Mar 22, 2021 Ms. Irma Gonzales has been an authorized reseller of Island Gas for years and last year, she decided to franchise M-GAS in Polangui, Albay. Th",,,,,DDGS,[],"{'phones': [], 'emails': [], 'whatsapp': [], 'mpesa_paybill_or_till': []}","['official', 'authorized', 'support']",[],False,[],Auto-detected via DDGS search,Public data only - no ToS violations,"{'fake_contacts': False, 'numbered_name': False, 'unauthorized_group': False}"
Page,"M-gas Masagana, Argas, Prycegas and Superkalan Shine LPG Tank Your safety is... - M-Gas Franchising Philippines | Facebook We offer gas bottle refills & exchange... - Mica Durban North ... Fast AC/Refrigerator repairs&gas refills - Facebook Need gas? At Builders, we offer gas refill and exchange ... Does anyone refill gas bottles in town - Facebook Hip2Save - 64 ounces, $19.99 + $1.79 refills at my gas...",https://www.facebook.com/ArgasPrycegasMgasShinegasDealer/,,0,Low Risk/Unrelated,False,,"M - gas Masagana, Argas, Prycegas and Superkalan Shine LPG Tank. 1,802 likes · 1 talking about this. We deliver along NAIC CAVITE LPG SGAS ARGAS PRYCE GAS... Jan 31, 2022 · Your safety is EVERYTHING. ",,,,,DDGS,[],"{'phones': [], 'emails': [], 'whatsapp': [], 'mpesa_paybill_or_till': []}",['authorized'],[],False,[],Auto-detected via DDGS search,Public data only - no ToS violations,"{'fake_contacts': False, 'numbered_name': False, 'unauthorized_group': False}"
Page,Your safety is... - M-Gas Franchising Philippines | Facebook,https://www.facebook.com/MGASFranchising/posts/your-safety-is-everything-a-friendly-reminder-to-only-buy-your-refills-from-auth/1014556045764181/,,16,Likely Impersonator,False,,"Jan 31, 2022 · Your safety is EVERYTHING. 💯 A friendly reminder to only buy your refills from authorized distributors to ensure your tanks are new, well maintained and...",,,,,DDGS,[],"{'phones': [], 'emails': [], 'whatsapp': [], 'mpesa_paybill_or_till': []}",['authorized'],[],False,[],Auto-detected via DDGS search,Public data only - no ToS violations,"{'fake_contacts': False, 'numbered_name': False, 'unauthorized_group': False}"
Page,SAFARICOM M-GAS AGENT - Facebook,https://www.facebook.com/safaricommgasagent/,,0,Low Risk/Unrelated,False,,SAFARICOM M - GAS AGENT is on Facebook. Join Facebook to connect with SAFARICOM M - GAS AGENT and others you may know. Facebook gives people the power to...,,,,,DDGS,[],"{'phones': [], 'emails': [], 'whatsapp': [], 'mpesa_paybill_or_till': []}",['agent'],[],False,[],Auto-detected via DDGS search,Public data only - no ToS violations,"{'fake_contacts': False, 'numbered_name': False, 'unauthorized_group': False}"
Page,M-GAS Kenya LTD Agent Call 0103676804 | Westlands - Facebook,https://www.facebook.com/61552820712644/,,16,Likely Impersonator,False,,"M - GAS Kenya LTD Agent Call 0103676804, Westlands. 14 likes · 161 talking about this. Home Businesses",,,,,DDGS,[],"{'phones': ['0103676804'], 'emails': [], 'whatsapp': [], 'mpesa_paybill_or_till': []}",['agent'],"['0103676804', '0103676804']",False,[],Auto-detected via DDGS search,Public data only - no ToS violations,"{'fake_contacts': True, 'numbered_name': False, 'unauthorized_group': False}"
Group,MAKATI JOB HIRING | Facebook,https://www.facebook.com/groups/743819387078940/,,0,Low Risk/Unrelated,False,,"☑️ Preferably with HR experience, but fresh graduates are welcome to apply ☑️ Proficient in MS Office Applications ☑️ Has excellent oral and written communication skills 📌 𝗕𝗢𝗢𝗞𝗞𝗘𝗘𝗣𝗘𝗥 ☑️ Accounting Gra",,,,,DDGS,[],"{'phones': [], 'emails': [], 'whatsapp': [], 'mpesa_paybill_or_till': []}",[],[],False,[],Auto-detected via DDGS search,Public data only - no ToS violations,"{'fake_contacts': False, 'numbered_name': False, 'unauthorized_group': False}"
Page,Amos Orwa - Let's get some gas for Kanicy Kamwaosh to make ...,https://www.facebook.com/Saintamoe/posts/10230992789819396/,,16,Likely Impersonator,False,,1 day ago · Let's get some gas for Kanicy Kamwaosh to make some porridge for her child. Ongwae Kerubo Dee please refill her M-gas account . #TeamOrwa,,,,,DDGS,[],"{'phones': [], 'emails': [], 'whatsapp': [], 'mpesa_paybill_or_till': []}",[],[],False,[],Auto-detected via DDGS search,Public data only - no ToS violations,"{'fake_contacts': False, 'numbered_name': False, 'unauthorized_group': False}"
Page,We are Hiring M-Gas is seeking motivated and dynamic ...,https://www.facebook.com/MGasKenya/posts/we-are-hiring-m-gas-is-seeking-motivated-and-dynamic-individuals-in-nairobi-regi/688151853967014/,,0,Low Risk/Unrelated,False,,... ://mgas.ke/ careers / or Job Links: https://mgas. seamlesshiring.com/h/advanced#/jobs and apply. mgas.ke. Careers | M-Gas . 3 mos. Evans Opiyo.,,,,,DDGS,[],"{'phones': [], 'emails': [], 'whatsapp': [], 'mpesa_paybill_or_till': []}",[],[],False,[],Auto-detected via DDGS search,Public data only - no ToS violations,"{'fake_contacts': False, 'numbered_name': False, 'unauthorized_group': False}"
Page,We are Hiring M-Gas is seeking motivated and dynamic ...,https://www.facebook.com/MGasKenya/posts/we-are-hiringm-gas-is-seeking-motivated-and-dynamic-individuals-in-nairobi-regio/647850331330500/,,16,Likely Impersonator,False,,"Hello Serge Pk Ibaaka, regularly check our website page at: https://mgas.ke/ under the Careers tab for the latest job openings! mgas.ke. M-Gas | ...",,,,,DDGS,[],"{'phones': [], 'emails': [], 'whatsapp': [], 'mpesa_paybill_or_till': []}",[],[],False,[],Auto-detected via DDGS search,Public data only - no ToS violations,"{'fake_contacts': False, 'numbered_name': False, 'unauthorized_group': False}"
Group,charcoal stove promo is,https://www.facebook.com/groups/307365138803135/posts/charcoal-stove-promo-is-still-going-onprice-is-large-3100medium-2600small-1850no/708675682005410/,,16,Likely Impersonator,False,,CHARCOAL STOVE PROMO IS STILL GOING ON!!! Price is Large 3100 ... M-GAS KENYA PIKA BILA STRESS ..⭐Call:+ ...,,,,,DDGS,[],"{'phones': [], 'emails': [], 'whatsapp': [], 'mpesa_paybill_or_till': []}",['promo'],[],False,[],Auto-detected via DDGS search,Public data only - no ToS violations,"{'fake_contacts': False, 'numbered_name': False, 'unauthorized_group': False}"
Group,M GAS KENYA PIKA BILA STRESS 2️⃣ Burners=@550 ...,https://www.facebook.com/groups/878566720242965/posts/1506157904150507/,,16,Likely Impersonator,False,,"M GAS KENYA PIKA BILA STRESS 2️⃣ Burners=@550 3️⃣ Burners ... PROMO PROMO PROMO pics, (08123504984).50% Promo is going on ...",,,,,DDGS,[],"{'phones': ['0812350498'], 'emails': [], 'whatsapp': [], 'mpesa_paybill_or_till': []}",['promo'],['0812350498'],False,[],Auto-detected via DDGS search,Public data only - no ToS violations,"{'fake_contacts': True, 'numbered_name': False, 'unauthorized_group': True}"
Group,M-GAS KENYA LIMITED (0752611017),https://www.facebook.com/groups/957825675925241/,,16,Likely Impersonator,False,,M-GAS KENYA LIMITED is a Facebook group focused on providing pay-as-you-go cooking gas solutions to Kenyans. The group offers affordable cooking options ...,,,,,DDGS,[],"{'phones': [], 'emails': [], 'whatsapp': [], 'mpesa_paybill_or_till': []}",[],['0752611017'],False,[],Auto-detected via DDGS search,Public data only - no ToS violations,"{'fake_contacts': True, 'numbered_name': False, 'unauthorized_group': True}"
Group,M Gas Kenya offers gas delivery services,https://www.facebook.com/groups/1140874097101535/posts/1484917839363824/,,16,Likely Impersonator,False,,M GAS COMPANY KENYA 0105030499 | M Gas Kenya offers gas delivery services. Public group. . 7.6K Members · Join group. MGAS COMPANY LTD KENYA ...,,,,,DDGS,[],"{'phones': ['0105030499'], 'emails': [], 'whatsapp': [], 'mpesa_paybill_or_till': []}",[],['0105030499'],False,[],Auto-detected via DDGS search,Public data only - no ToS violations,"{'fake_contacts': True, 'numbered_name': False, 'unauthorized_group': True}"
Group,ANOTHER GIVEAWAY CHALLENGE! 🎉 Want ...,https://www.facebook.com/groups/844685979256352/posts/2667103730347892/,,16,Likely Impersonator,False,,"ANOTHER GIVEAWAY CHALLENGE! Want to WIN a ... ANOTHER GIVEAWAY CHALLENGE! Want to WIN ... M-GAS KENYA LIMITED COMPANY, Mercy Abungu, Jonathan G.",,,,,DDGS,[],"{'phones': [], 'emails': [], 'whatsapp': [], 'mpesa_paybill_or_till': []}",[],[],False,[],Auto-detected via DDGS search,Public data only - no ToS violations,"{'fake_contacts': False, 'numbered_name': False, 'unauthorized_group': False}"
Group,M GAS KENYA PIKA BILA STRESS CALL US or ...,https://www.facebook.com/groups/1006090580858866/posts/1414235310044389/,,16,Likely Impersonator,False,,M GAS KENYA PIKA BILA STRESS CALL US or WHATSAPP + ... Ellen DeGeneres giveaway profile picture. Ellen DeGeneres giveaway . 5d ...,,,,,DDGS,[],"{'phones': [], 'emails': [], 'whatsapp': [], 'mpesa_paybill_or_till': []}",[],[],False,[],Auto-detected via DDGS search,Public data only - no ToS violations,"{'fake_contacts': False, 'numbered_name': False, 'unauthorized_group': True}"
Page,M Gas Kenya - Facebook,https://www.facebook.com/61573685076479/,,16,Likely Impersonator,False,,"M Gas Kenya May 13 Tumefungua Nanyuki!😁 Pata M-Gas yako leo and get a chance to cook for your loved ones this festive season bila stress, usipitwe! To learn more about M-Gas, call us on our Customer C",,,,,DDGS,[],"{'phones': ['0746447820', '0737559526'], 'emails': [], 'whatsapp': [], 'mpesa_paybill_or_till': []}",['customer care'],"['0746447820', '0737559526']",False,[],Auto-detected via DDGS search,Public data only - no ToS violations,"{'fake_contacts': True, 'numbered_name': False, 'unauthorized_group': False}"
Page,M-Gas - Need assistance with your M-Gas? Call us at 0800...,https://www.facebook.com/MGasKenya/posts/571958275586373/,,0,Low Risk/Unrelated,False,,"Need assistance with your M - Gas ? Call us at 0800 721 148, our dedicated customer care team is ready to support you every step of the way!...",,,,,DDGS,[],"{'phones': [], 'emails': [], 'whatsapp': [], 'mpesa_paybill_or_till': []}","['customer care', 'support']",[],False,[],Auto-detected via DDGS search,Public data only - no ToS violations,"{'fake_contacts': False, 'numbered_name': False, 'unauthorized_group': False}"
Group,Need assistance with your M-Gas? Call us,https://www.facebook.com/groups/957825675925241/posts/1123317796042694/,,16,Likely Impersonator,False,,... support you every ... M-GAS KENYA LIMITED (0752611017) | Need assistance with your M-Gas? Call us. Public group.,,,,,DDGS,[],"{'phones': ['0752611017'], 'emails': [], 'whatsapp': [], 'mpesa_paybill_or_till': []}",['support'],['0752611017'],False,[],Auto-detected via DDGS search,Public data only - no ToS violations,"{'fake_contacts': True, 'numbered_name': False, 'unauthorized_group': True}"
Group,Need assistance with your M-Gas? Call us at 0780683 ...,https://www.facebook.com/groups/1441100829930644/posts/1552119652162094/,,16,Likely Impersonator,False,,M-GAS KENYA LIMITED (0113986554) | Need ... our dedicated customer care team is ready to support you every step of the way! ... M-GAS KENYA LIMITED ...,,,,,DDGS,[],"{'phones': ['0113986554'], 'emails': [], 'whatsapp': [], 'mpesa_paybill_or_till': []}","['customer care', 'support']",['0113986554'],False,[],Auto-detected via DDGS search,Public data only - no ToS violations,"{'fake_contacts': True, 'numbered_name': False, 'unauthorized_group': True}"
Group,ATHIRIVER KITENGELA ONLINE MARKET | Airbnb Kitengela - Facebook,https://www.facebook.com/groups/Athiriver/posts/24569357419366624/,,0,Low Risk/Unrelated,False,,"Aug 31, 2025 · - Pressure pump refills the top tank automatically. - Reliable water supply available 24/7. - Common perimeter electric fence. - Security lights all round the compound.# kenya #sabaki#l",,,,,DDGS,[],"{'phones': [], 'emails': [], 'whatsapp': [], 'mpesa_paybill_or_till': []}",['official'],[],False,[],Auto-detected via DDGS search,Public data only - no ToS violations,"{'fake_contacts': False, 'numbered_name': False, 'unauthorized_group': False}"
Group,Gas Refilling ( *all types of gas cylinders)* 📌 Gas complete ...,https://www.facebook.com/groups/295474376849804/posts/706699862393918/,,16,Likely Impersonator,False,,... refills Dealers in: Gas Refilling ( *all types of gas cylinders)* ... M-GAS KENYA PIKA BILA STRESS ..⭐Call ...,,,,,DDGS,[],"{'phones': [], 'emails': [], 'whatsapp': [], 'mpesa_paybill_or_till': []}",[],[],False,[],Auto-detected via DDGS search,Public data only - no ToS violations,"{'fake_contacts': False, 'numbered_name': False, 'unauthorized_group': False}"
Page,M-GAS Kenya LTD Agent Call 0103676804 | Westlands - Facebook,https://www.facebook.com/61552820712644/,,16,Likely Impersonator,False,,"M - GAS Kenya LTD Agent Call 0103676804, Westlands. 14 likes · 161 talking about this. Home Businesses",,,,,DDGS,[],"{'phones': ['0103676804'], 'emails': [], 'whatsapp': [], 'mpesa_paybill_or_till': []}",['agent'],"['0103676804', '0103676804']",False,[],Auto-detected via DDGS search,Public data only - no ToS violations,"{'fake_contacts': True, 'numbered_name': False, 'unauthorized_group': False}"
Group,KENYAN ENTREPRENEURS IN DIASPORA | M GAS KENYA ... - Facebook,https://www.facebook.com/groups/1478775132392868/posts/3920559111547779/,,16,Likely Impersonator,False,,M GAS KENYA PIKA KILA WAKATI...CALL. AGENT JIMMY CLIFF☎️..0100136093 SAFARICOM M GAS IS A SAFARICOM SPONSORED GAS ️ M GAS DEPOSIT 550 KSH COMES WITH...,,,,,DDGS,[],"{'phones': ['0100136093'], 'emails': [], 'whatsapp': [], 'mpesa_paybill_or_till': []}",['agent'],['0100136093'],False,[],Auto-detected via DDGS search,Public data only - no ToS violations,"{'fake_contacts': True, 'numbered_name': False, 'unauthorized_group': True}"
Group,M GAS KENYA PIKA BILA STRESS 2️⃣ Burners=@550 ...,https://www.facebook.com/groups/1735312360030079/posts/4410570792504209/,,16,Likely Impersonator,False,,M GAS KENYA PIKA BILA STRESS 2️⃣ Burners=@550 3️⃣ Burners ... 1 hr . OCR: ጽህ! ل รคิอ รีสภาด M! SMARY МЕТЕЯ mgGas M! SMAR мгТА CRIA ...,,,,,DDGS,[],"{'phones': [], 'emails': [], 'whatsapp': [], 'mpesa_paybill_or_till': []}",[],[],False,[],Auto-detected via DDGS search,Public data only - no ToS violations,"{'fake_contacts': False, 'numbered_name': False, 'unauthorized_group': True}"
Group,M GAS KENYA PIKA KILA WAKATI...CALL US 0100-337-463 OR ...,https://www.facebook.com/groups/1848134362617928/posts/1853188662112498/,,16,Likely Impersonator,False,,M GAS KENYA PIKA KILA WAKATI...CALL US 0100 ... M GAS KENYA PIKA KILA WAKATI ... HR Abbigail Kate profile picture. HR Abbigail Kate. Admin 56m ...,,,,,DDGS,[],"{'phones': [], 'emails': [], 'whatsapp': [], 'mpesa_paybill_or_till': []}",[],[],False,[],Auto-detected via DDGS search,Public data only - no ToS violations,"{'fake_contacts': False, 'numbered_name': False, 'unauthorized_group': True}"
Group,We are Hiring M-Gas is seeking motivated and dynamic ...,https://www.facebook.com/groups/359545889779700/posts/673762361691383/,,16,Likely Impersonator,False,,... careers / Job Links: advanced#/jobs #Hiring #CustomerService ... M GAS KENYA PIKA BILA STRESS 2️⃣ Burners=@550 3️⃣ Burners=@1000 ...,,,,,DDGS,[],"{'phones': [], 'emails': [], 'whatsapp': [], 'mpesa_paybill_or_till': []}",[],[],False,[],Auto-detected via DDGS search,Public data only - no ToS violations,"{'fake_contacts': False, 'numbered_name': False, 'unauthorized_group': True}"
Group,"We're hiring in Kitale! To apply, visit our careers website or ...",https://www.facebook.com/groups/957825675925241/posts/1066779485029859/,,16,Likely Impersonator,False,,"M-GAS KENYA LIMITED (0752611017) | We're hiring in Kitale! To ... To apply, visit our careers website or click on the link https:// careers ...",,,,,DDGS,[],"{'phones': ['0752611017'], 'emails': [], 'whatsapp': [], 'mpesa_paybill_or_till': []}",[],['0752611017'],False,[],Auto-detected via DDGS search,Public data only - no ToS violations,"{'fake_contacts': True, 'numbered_name': False, 'unauthorized_group': False}"
Page,Modern COAST ltd,https://www.facebook.com/people/Modern-COAST-ltd/100092931717354/,,16,Likely Impersonator,False,,Let them use promo code D7948150 when booking. NAIROBI ➡KIGALI daily ... Mgas Ke and 2 others · . 3 · · Modern COAST ltd profile picture. Modern COAST ...,,,,,DDGS,[],"{'phones': [], 'emails': [], 'whatsapp': [], 'mpesa_paybill_or_till': []}",['promo'],[],False,[],Auto-detected via DDGS search,Public data only - no ToS violations,"{'fake_contacts': False, 'numbered_name': False, 'unauthorized_group': False}"
Page,Book your ticket know according to you ability. .NBVip class ...,https://m.facebook.com/100092931717354/posts/book-your-ticket-know-according-to-you-abilitynbvip-class-fares-will-vary-accord/106227452468613/,,16,Likely Impersonator,False,,Let them use promo code D7948150 when booking. NAIROBI ➡KIGALI ... Mgas Ke and 2 others · . 3 · . Related Pages. Mogo loan motorcycle ...,,,,,DDGS,[],"{'phones': [], 'emails': [], 'whatsapp': [], 'mpesa_paybill_or_till': []}",['promo'],[],False,[],Auto-detected via DDGS search,Public data only - no ToS violations,"{'fake_contacts': False, 'numbered_name': False, 'unauthorized_group': False}"
Page,Huge moving sale. Make offers - Facebook,https://www.facebook.com/marketplace/item/1056932299939082/,,16,Likely Impersonator,False,,Please dm for prices and or make offer - all must go! Thanks for looking shoes are new size 11 women - $40 Wall art make offers Round wood Table $60 All Asian statues are $20 and up or take all...,,,,,DDGS,[],"{'phones': [], 'emails': [], 'whatsapp': [], 'mpesa_paybill_or_till': []}",[],[],False,[],Auto-detected via DDGS search,Public data only - no ToS violations,"{'fake_contacts': False, 'numbered_name': False, 'unauthorized_group': False}"
Page,Must Sell - Make Offers - Facebook,https://www.facebook.com/commerce/listing/1305861917875215/,,16,Likely Impersonator,False,,"$1 per item · In Stock Listed on Friday in Garden City, MO Description Make offers Must pick up in Garden City MO this weekend CASH ONLY More items in separate listing",,,,,DDGS,[],"{'phones': [], 'emails': [], 'whatsapp': [], 'mpesa_paybill_or_till': []}",[],[],False,[],Auto-detected via DDGS search,Public data only - no ToS violations,"{'fake_contacts': False, 'numbered_name': False, 'unauthorized_group': False}"
Group,Other posts - Facebook,https://www.facebook.com/groups/893208048514351/posts/1252343285934157/,,16,Likely Impersonator,False,,"... giveaway , Selaelo C Machabaphala, Mma Karabo, Lepelle Khutso Khutsi ... Mgas Ke , Moss Chuma, Jonathan Brize, Mdogo Mdogo Smartphone ...",,,,,DDGS,[],"{'phones': [], 'emails': [], 'whatsapp': [], 'mpesa_paybill_or_till': []}",[],[],False,[],Auto-detected via DDGS search,Public data only - no ToS violations,"{'fake_contacts': False, 'numbered_name': False, 'unauthorized_group': False}"
Page,Mgas Upishi Smart Ke - Facebook,https://www.facebook.com/people/Mgas-Upishi-Smart-Ke/61559184901854/,,16,Likely Impersonator,False,,"Nov 22, 2024 · to serve you. For any customer service needs, call us on our toll- free Customer Care number at 0105 004775 chat with us on WhatsApp at 0106 791056 or email us at customercare @ mgas .k",,,,,DDGS,[],"{'phones': [], 'emails': [], 'whatsapp': [], 'mpesa_paybill_or_till': []}",['customer care'],"['0105004775', '0106791056']",False,[],Auto-detected via DDGS search,Public data only - no ToS violations,"{'fake_contacts': True, 'numbered_name': False, 'unauthorized_group': False}"
Page,"M-Gas - Facebook M-Gas - Tumefika Kitengela! You can now get to enjoy... Mgas Upishi Smart - Facebook M-Gas - Pika smart na M-Gas clean, safe, na perfect kwa ... M-gas Kenyan - Facebook",https://www.facebook.com/MGasKenya/,,16,Likely Impersonator,False,,mgas .ke M - Gas Aug 15 Are you passionate about creating sustainable impact and driving results ? We’re looking for enthusiastic personnel to join our growing team! What You’ll Do: Pitch and sell our,,,,,DDGS,[],"{'phones': ['0800721148', '0105004775', '0106252780'], 'emails': [], 'whatsapp': [], 'mpesa_paybill_or_till': []}",['customer care'],"['0800721148', '0105004775', '0106252780', '0102975224']",False,[],Auto-detected via DDGS search,Public data only - no ToS violations,"{'fake_contacts': True, 'numbered_name': False, 'unauthorized_group': False}"
Page,FurahiaUpishiWako #cleancooking #affordablecooking #MGAS,https://m.facebook.com/MGasKenya/photos/furahiaupishiwako-cleancooking-affordablecooking-mgas/605610748887792/,,16,Likely Impersonator,False,,We'll ensure that your request is escalated to the depot serving your area for prompt support . ... Visit website yetu tps:// mgas.ke / u-learn more ... Visit our ...,,,,,DDGS,[],"{'phones': [], 'emails': [], 'whatsapp': [], 'mpesa_paybill_or_till': []}",['support'],[],False,[],Auto-detected via DDGS search,Public data only - no ToS violations,"{'fake_contacts': False, 'numbered_name': False, 'unauthorized_group': False}"
Page,Need assistance with your M-Gas? Call us at 0800 721 ...,https://www.facebook.com/MGasKenya/posts/need-assistance-with-your-m-gas-call-us-at-0800-721-148-our-dedicated-customer-c/571958275586373/,,0,Low Risk/Unrelated,False,,"Need assistance with your M-Gas? Call us at 0800 721 148, our dedicated customer care team is ready to support you every step of the way!",,,,,DDGS,[],"{'phones': [], 'emails': [], 'whatsapp': [], 'mpesa_paybill_or_till': []}","['customer care', 'support']",[],False,[],Auto-detected via DDGS search,Public data only - no ToS violations,"{'fake_contacts': False, 'numbered_name': False, 'unauthorized_group': False}"
Page,M-Gas - Ukiwa na M-Gas budget ya gas is totally up to you. ...,https://www.facebook.com/MGasKenya/photos/ukiwa-na-m-gas-budget-ya-gas-is-totally-up-to-you-imagine-uneza-pika-ugali-nyama/603558722426328/,,16,Likely Impersonator,False,,"Hello Steve Kariuki M-Gas does not request any amount for refills or ""updating"" your meter. ... Apply Now: Visit our career portal at https:// mgas. ke /careers/ ...",,,,,DDGS,[],"{'phones': [], 'emails': [], 'whatsapp': [], 'mpesa_paybill_or_till': []}",[],[],False,[],Auto-detected via DDGS search,Public data only - no ToS violations,"{'fake_contacts': False, 'numbered_name': False, 'unauthorized_group': False}"
Page,We are Hiring! M-Gas is seeking motivated and dynamic ...,https://www.facebook.com/MGasKenya/posts/we-are-hiringm-gas-is-seeking-motivated-and-dynamic-individuals-to-join-our-team/591689360279931/,,0,Low Risk/Unrelated,False,,... mgas.ke /careers/ All open jobs can be viewed under-Check Ready Jobs ... Ndege Millie To speak to an M-Gas agent kindly call us free on ...,,,,,DDGS,[],"{'phones': [], 'emails': [], 'whatsapp': [], 'mpesa_paybill_or_till': []}",['agent'],[],False,[],Auto-detected via DDGS search,Public data only - no ToS violations,"{'fake_contacts': False, 'numbered_name': False, 'unauthorized_group': False}"
Page,Beware of Fraudsters purporting to work for M-Gas! We will ...,https://www.facebook.com/MGasKenya/posts/beware-of-fraudsters-purporting-to-work-for-m-gas-we-will-never-ask-you-for-any-/504629532319248/,,16,Likely Impersonator,False,,We registered on Saturday here at gatunduri village in Embu..the agent was to come n deliver the gas n cookers but hakukam. ... careers. mgas.ke .,,,,,DDGS,[],"{'phones': [], 'emails': [], 'whatsapp': [], 'mpesa_paybill_or_till': []}",['agent'],[],False,[],Auto-detected via DDGS search,Public data only - no ToS violations,"{'fake_contacts': False, 'numbered_name': False, 'unauthorized_group': False}"
Page,M-Gas,https://www.facebook.com/MGasKenya/posts/we-are-hiring-in-nairobim-gas-is-seeking-motivated-and-dynamic-individuals-in-na/586877434094457/,,0,Low Risk/Unrelated,False,,... mgas.ke /careers/Job Links: Motorized Technical Sales Representative ... HR team once shortlisted applicants are contacted. 8 mos. Quincy ...,,,,,DDGS,[],"{'phones': [], 'emails': [], 'whatsapp': [], 'mpesa_paybill_or_till': []}",[],[],False,[],Auto-detected via DDGS search,Public data only - no ToS violations,"{'fake_contacts': False, 'numbered_name': False, 'unauthorized_group': False}"
Page,M-Gas,https://m.facebook.com/story.php?story_fbid=621403657308501&id=100083166169294,story.php?story_fbid=621403657308501&id=100083166169294,16,Likely Impersonator,False,,"mgas.ke . Nurturing Talent, Building ... Mc Blaxie the Hr doesn't listen to workers they ... mgas. ke /careers/ Job Links: https://mgas.seamlesshiring.",,,,,DDGS,[],"{'phones': [], 'emails': [], 'whatsapp': [], 'mpesa_paybill_or_till': []}",[],[],False,[],Auto-detected via DDGS search,Public data only - no ToS violations,"{'fake_contacts': False, 'numbered_name': False, 'unauthorized_group': False}"
Page,"M-Gas - Facebook M-Gas - We're hiring! To apply, visit our careers ... - Facebook M-GAS COMPANY LTD 0787813153 | We're hiring! To apply, visit ... M-Gas - We're hiring in Kangemi! To apply, visit our careers ... Lawyers Rule!! (Original) | https://careers.mgas.ke/careers ... Ndarugu Ward United Forum | https://careers.mgas.ke/careers ...",https://www.facebook.com/MGasKenya/,,16,Likely Impersonator,False,,mgas .ke M- Gas Aug 15 Are you passionate about creating sustainable impact and driving results ? We’re looking for enthusiastic personnel to join our growing team! What You’ll Do: Pitch and sell our ,,,,,DDGS,[],"{'phones': [], 'emails': [], 'whatsapp': [], 'mpesa_paybill_or_till': []}",[],['0787813153'],False,[],Auto-detected via DDGS search,Public data only - no ToS violations,"{'fake_contacts': True, 'numbered_name': False, 'unauthorized_group': False}"
Page,"M-Gas - We're hiring! To apply, visit our careers ... - Facebook",https://www.facebook.com/MGasKenya/photos/were-hiring-to-apply-visit-our-careers-website-or-click-on-the-link-httpscareers/250210587761145/,,16,Likely Impersonator,False,,"Jul 10, 2023 · We're hiring! To apply, visit our careers website or click on the link https:// careers . mgas . ke / #FurahiaUpishiWako #cleancooking #affordablecooking #MGas",,,,,DDGS,[],"{'phones': [], 'emails': [], 'whatsapp': [], 'mpesa_paybill_or_till': []}",[],[],False,[],Auto-detected via DDGS search,Public data only - no ToS violations,"{'fake_contacts': False, 'numbered_name': False, 'unauthorized_group': False}"
Group,Jikokoa and kuniokoa Kenya supply | #PROMO!..PROMO!!..PROMO,https://www.facebook.com/groups/1202896060426633/posts/1321237625259142/,,16,Likely Impersonator,False,,"Jan 8, 2024 · Josline Esendi 6d Ni ya leo 🤌Mgas kenya imekuja na offer kibao Ukiwa na deposit ya 550 pekee tunakupea gas pamoja na 13kg clynder uwe ukijilipia 25per day for 12 months Offer offer Free ",,,,,DDGS,[],"{'phones': ['0780346507'], 'emails': [], 'whatsapp': [], 'mpesa_paybill_or_till': []}",[],['0780346507'],False,[],Auto-detected via DDGS search,Public data only - no ToS violations,"{'fake_contacts': True, 'numbered_name': False, 'unauthorized_group': False}"
Group,0782946741 Mgas kenya imekuja na offer kibao,https://www.facebook.com/groups/2502306723286057/posts/2900756940107698/,,16,Likely Impersonator,False,,... Mgas kenya imekuja na offer kibao ... 0782946741 Mgas kenya imekuja na offer kibao ... Promo ... Promo ... Promo MR EMMANUEL CYLINDER GAS ...,,,,,DDGS,[],"{'phones': ['0782946741'], 'emails': [], 'whatsapp': [], 'mpesa_paybill_or_till': []}",['promo'],"['0782946741', '0782946741']",False,[],Auto-detected via DDGS search,Public data only - no ToS violations,"{'fake_contacts': True, 'numbered_name': False, 'unauthorized_group': True}"
Group,MGAS OFFERS YOU BEST SERVICES EVER!! DEPOSIT ...,https://www.facebook.com/groups/653145767783316/posts/740289502402275/,,16,Likely Impersonator,False,,MGAS OFFERS YOU BEST SERVICES EVER!! DEPOSIT/2burber 550 shillings ... Mgas Kenya and 2 others · . 3 · 5 · . Anne Mary. Admin 2d . .,,,,,DDGS,[],"{'phones': [], 'emails': [], 'whatsapp': [], 'mpesa_paybill_or_till': []}",[],[],False,[],Auto-detected via DDGS search,Public data only - no ToS violations,"{'fake_contacts': False, 'numbered_name': False, 'unauthorized_group': True}"
Group,MGAS KENYA LIMITED SERVICE 0780163350 | Facebook,https://www.facebook.com/groups/1098251691916760/,,16,Likely Impersonator,False,,"ANGUKIA OFFERS ZA MGAS. DEPOSIT, 2 burners 550 shillings Weekly Installment 35Bob. CALL US OR What's App 0780163350 · Robert Bakari▻ MGAS KENYA LIMITED SERVICE ...",,,,,DDGS,[],"{'phones': ['0780163350'], 'emails': [], 'whatsapp': [], 'mpesa_paybill_or_till': []}",[],"['0780163350', '0780163350']",False,[],Auto-detected via DDGS search,Public data only - no ToS violations,"{'fake_contacts': True, 'numbered_name': False, 'unauthorized_group': True}"
Group,Mgas Kenya are you interested What is the best,https://www.facebook.com/groups/abujacarbusiness/posts/2169648750202515/,,16,Likely Impersonator,False,,Mgas Kenya are you interested What is the best ... Mgas Kenya are you interested What is the best type you ... *Sallah giveaway !!!* Super sharp C350...,,,,,DDGS,[],"{'phones': [], 'emails': [], 'whatsapp': [], 'mpesa_paybill_or_till': []}",[],[],False,[],Auto-detected via DDGS search,Public data only - no ToS violations,"{'fake_contacts': False, 'numbered_name': False, 'unauthorized_group': True}"
Group,ALMOST GIVEAWAY! 🏃🏃💨 💜💚 GET A QUALITY FOAM POA ...,https://www.facebook.com/groups/776036066350650/posts/1764225280865052/,,16,Likely Impersonator,False,,DEALS POA ZA MATTRESS – ALMOST GIVEAWAY ... GIVEAWAY ... Non carbon dioxide FurahiaUpishiWako MGAS KENYA LIMITED SERVICE 0780163350 delivery countrywide.,,,,,DDGS,[],"{'phones': ['0780163350'], 'emails': [], 'whatsapp': [], 'mpesa_paybill_or_till': []}",[],['0780163350'],False,[],Auto-detected via DDGS search,Public data only - no ToS violations,"{'fake_contacts': True, 'numbered_name': False, 'unauthorized_group': False}"
Group,MGAS CUSTOMER CARE SERVICE AND ORDER PLACEMENT,https://www.facebook.com/groups/907555054290862/,,16,Likely Impersonator,False,,MGAS CUSTOMER CARE SERVICE AND ORDER PLACEMENT > ... The MGAS CUSTOMER CARE SERVICE AND ORDER ... Furahia Upishi poa na Mgas Kenya . Call/whatsapp ...,,,,,DDGS,[],"{'phones': [], 'emails': [], 'whatsapp': [], 'mpesa_paybill_or_till': []}",['customer care'],[],False,[],Auto-detected via DDGS search,Public data only - no ToS violations,"{'fake_contacts': False, 'numbered_name': False, 'unauthorized_group': True}"
Group,MGAS KENYA CALL 📞 OR WHATSAPP 0736965095 Low ...,https://www.facebook.com/groups/1327884598298290/posts/mgas-kenya-call-or-whatsapp-0736965095low-upfront-cost-low-initial-stove-deposit/1341723926914357/,,16,Likely Impersonator,False,,MGAS KENYA CALL OR WHATSAPP 0736965095 Low ... MGAS KENYA CALL OR WHATSAPP 0736965095 Low ... Customer Care . DEPOSIT 550 shillings 25 shillings ...,,,,,DDGS,[],"{'phones': ['0736965095', '0736965095'], 'emails': [], 'whatsapp': [], 'mpesa_paybill_or_till': []}",['customer care'],"['0736965095', '0736965095', '0736965095']",False,[],Auto-detected via DDGS search,Public data only - no ToS violations,"{'fake_contacts': True, 'numbered_name': False, 'unauthorized_group': True}"
Group,M-GAS SAFARICOM KINDLY CALL OR TEXT ON WHAT'S ...,https://www.facebook.com/groups/966324677961372/posts/1468654497728385/,,16,Likely Impersonator,False,,... Support FREE Delivery – We bring it straight to you! ... MGAS KENYA profile picture. MGAS KENYA ▻M-GAS SAFARICOM KINDLY CALL OR TEXT ON ...,,,,,DDGS,[],"{'phones': [], 'emails': [], 'whatsapp': [], 'mpesa_paybill_or_till': []}",['support'],[],False,[],Auto-detected via DDGS search,Public data only - no ToS violations,"{'fake_contacts': False, 'numbered_name': False, 'unauthorized_group': True}"
Group,MGAS KENYA 0739557241,https://www.facebook.com/groups/1573778559875972/,,16,Likely Impersonator,False,,"Mgas Kenya are you interestedWhat is the best ... Mgas Kenya are you interestedWhat is the best type you want the most 1. ... Message Customer Support on WhatsApp, ...",,,,,DDGS,[],"{'phones': [], 'emails': [], 'whatsapp': [], 'mpesa_paybill_or_till': []}",['support'],['0739557241'],False,[],Auto-detected via DDGS search,Public data only - no ToS violations,"{'fake_contacts': True, 'numbered_name': False, 'unauthorized_group': True}"
Group,only 1550 u get your KOKO COOKER plus 2 free refills ...,https://www.facebook.com/groups/946341743435549/posts/1240761353993585/,,16,Likely Impersonator,False,,"@ only 1550 u get your KOKO COOKER plus 2 free refills , inbox or reach us on 0103619903 we deliver country wide via parcels ; Caleb Ndisio ...",,,,,DDGS,[],"{'phones': ['0103619903'], 'emails': [], 'whatsapp': [], 'mpesa_paybill_or_till': []}",[],['0103619903'],False,[],Auto-detected via DDGS search,Public data only - no ToS violations,"{'fake_contacts': True, 'numbered_name': False, 'unauthorized_group': False}"
Group,only 1550 u get your KOKO COOKER plus 2 free refills ...,https://www.facebook.com/groups/946341743435549/posts/1240222714047449/,,16,Likely Impersonator,False,,"only 1550 u get your KOKO COOKER plus 2 free refills , inbox or reach us on 0103619903 we deliver country wide via parcels.",,,,,DDGS,[],"{'phones': ['0103619903'], 'emails': [], 'whatsapp': [], 'mpesa_paybill_or_till': []}",[],['0103619903'],False,[],Auto-detected via DDGS search,Public data only - no ToS violations,"{'fake_contacts': True, 'numbered_name': False, 'unauthorized_group': False}"
Group,ELDORET TOWN DIRECTORY AND MARKETING AGENT | MGAS KENYA ...,https://www.facebook.com/groups/145297272312347/posts/2772549106253804/,,16,Likely Impersonator,False,,MGAS KENYA SPECIAL OFFERS KWA KILA MTU? DEPOSIT IS NOW KSH.350/= DAILY PAYMENT KSH.20 BOB /= CALL US 0100594838,,,,,DDGS,[],"{'phones': ['0100594838'], 'emails': [], 'whatsapp': [], 'mpesa_paybill_or_till': []}",[],['0100594838'],False,[],Auto-detected via DDGS search,Public data only - no ToS violations,"{'fake_contacts': True, 'numbered_name': False, 'unauthorized_group': True}"
Group,GITHUNGURI DAIRY FARMERS KENYA | Super ... - Facebook,https://www.facebook.com/groups/387081183783576/posts/558256573332702/,,16,Likely Impersonator,False,,Join MGAS KENYA : 0100863356 2.3K members Join Copia offers 14K members Join CITIZEN DUKA 1.8K members Join Delamere FARM Naivasha 0753045802 GITHUNGURI DAIRY FARMERS KENYA Admin18h Delamere FARM Naiv,,,,,DDGS,[],"{'phones': ['0100863356', '0753045802', '0753045802', '0753045802', '0753045802'], 'emails': [], 'whatsapp': [], 'mpesa_paybill_or_till': []}",[],"['0100863356', '0753045802', '0753045802', '0753045802', '0753045802']",False,[],Auto-detected via DDGS search,Public data only - no ToS violations,"{'fake_contacts': True, 'numbered_name': False, 'unauthorized_group': False}"
Group,(SAFARICOM)MGAS KENYA 🇰🇪⛽ M-Gas Requirements,https://www.facebook.com/groups/408874720439060/posts/1237173760942481/,,16,Likely Impersonator,False,,Mgas Kenya are you interested What is the best type you want ... Hr Opiyo Helpdesk Opiyo profile picture. Hr Opiyo Helpdesk Opiyo. 15h ...,,,,,DDGS,[],"{'phones': [], 'emails': [], 'whatsapp': [], 'mpesa_paybill_or_till': []}",[],[],False,[],Auto-detected via DDGS search,Public data only - no ToS violations,"{'fake_contacts': False, 'numbered_name': False, 'unauthorized_group': True}"
Group,Mgas Kenya are you interestedWhat is the best type you want ...,https://www.facebook.com/groups/359545889779700/posts/mgas-kenya-are-you-interestedwhat-is-the-best-type-you-want-the-most-2-burners-5/694431352957817/,,16,Likely Impersonator,False,,Mgas Kenya are you interestedWhat is the best ... Mgas Kenya are you interestedWhat is the best type ... 1 hr . M GAS LIPA MOS MOS KENYA. . Author. . Admin.,,,,,DDGS,[],"{'phones': [], 'emails': [], 'whatsapp': [], 'mpesa_paybill_or_till': []}",[],[],False,[],Auto-detected via DDGS search,Public data only - no ToS violations,"{'fake_contacts': False, 'numbered_name': False, 'unauthorized_group': True}"
Group,"Join Careers Crafters Network for more job vacancies, don`...",https://www.facebook.com/groups/1548824975418165/posts/3632644573702851/,,0,Low Risk/Unrelated,False,,"Join Careers Crafters Network for more job vacancies, don`t miss ... Join Careers Crafters Network ... @everyone Ni ya leo Mgas kenya imekuja na offer ...",,,,,DDGS,[],"{'phones': [], 'emails': [], 'whatsapp': [], 'mpesa_paybill_or_till': []}",[],[],False,[],Auto-detected via DDGS search,Public data only - no ToS violations,"{'fake_contacts': False, 'numbered_name': False, 'unauthorized_group': False}"
Group,HF Group Hiring In Nairobi 1. Scrum Master 2. Officer ...,https://www.facebook.com/groups/201801783357666/posts/2564973760373778/,,16,Likely Impersonator,False,,ke/ careers /jobsListing #HFCareers #NairobiJobs #BankingJobs #ScrumMaster #KenyaJobs ... Mgas Kenya . 56m . M GAS KENYA PIKA BILA STRESS 1️⃣ Burner ...,,,,,DDGS,[],"{'phones': [], 'emails': [], 'whatsapp': [], 'mpesa_paybill_or_till': []}",[],[],False,[],Auto-detected via DDGS search,Public data only - no ToS violations,"{'fake_contacts': False, 'numbered_name': False, 'unauthorized_group': False}"
