entity_type,name,url,username_or_id,risk_score,risk_label,tagline_match,category,about_snippet,followers_count,members_count,creation_date,primary_country,found_via,recent_post_examples,contact_handles_detected,suspicious_claims,fake_contact_numbers,has_numbered_name,screenshot_paths,notes,compliance_note,impersonation_flags
Page,"Southern Gas Corporation Mindoro Branch | Calapan - Facebook M-Gas Franchising Philippines - GRAB THE CHANCE TO ... - Facebook GRAB THE CHANCE TO WIN A... - M-Gas Franchising Philippines Bob Almeda - Facebook Day 1 Island Gas and M-Gas... - Island Gas - Bicol Region ... Tierra Nevada Marketplace&Online Store | ""One stop for all ... RJN Enterprises | Makati - Facebook",https://www.facebook.com/OrMinIslandGas/,,0,Low Risk/Unrelated,False,,"Thank you for the trust and support, mr. Ritchard! We are here to support you throughout your M - GAS Journey. We are still open here in Calapan Oriental Mindoro be the first franshisee here in Calapa",,,,,DDGS,[],"{'phones': [], 'emails': [], 'whatsapp': [], 'mpesa_paybill_or_till': []}","['official', 'promo', 'support']",[],False,[],Auto-detected via DDGS search,Public data only - no ToS violations,"{'fake_contacts': False, 'numbered_name': False, 'unauthorized_group': False}"
Group,Facebook M-GAS COMPANY LTD 0787813153,https://www.facebook.com/groups/1416701029150257/,,16,Likely Impersonator,False,,Popular groups · Find communities for you · Over 1 billion people across the globe are using Facebook Groups to explore their favorite topics · Log in · Categories · Science & tech · Travel · Animals ,,,,,DDGS,[],"{'phones': [], 'emails': [], 'whatsapp': [], 'mpesa_paybill_or_till': []}",[],['0787813153'],False,[],Auto-detected via DDGS search,Public data only - no ToS violations,"{'fake_contacts': True, 'numbered_name': False, 'unauthorized_group': True}"
Group,Mr. M's gas giveaway with cars lined up,https://www.facebook.com/groups/1115480395465731/posts/1757254114621686/,,16,Likely Impersonator,False,,Looks like Mr. M's is having a gas giveaway . . . cars are lined up for miles ... m's gas giveaway . . free gas giveaway near me. Other posts. Related groups.,,,,,DDGS,[],"{'phones': [], 'emails': [], 'whatsapp': [], 'mpesa_paybill_or_till': []}",[],[],False,[],Auto-detected via DDGS search,Public data only - no ToS violations,"{'fake_contacts': False, 'numbered_name': False, 'unauthorized_group': False}"
Page,M-Gas - Need assistance with your M-Gas? Call us at 0800...,https://www.facebook.com/MGasKenya/posts/571958275586373/,,0,Low Risk/Unrelated,False,,"Need assistance with your M - Gas ? Call us at 0800 721 148, our dedicated customer care team is ready to support you every step of the way!...",,,,,DDGS,[],"{'phones': [], 'emails': [], 'whatsapp': [], 'mpesa_paybill_or_till': []}","['customer care', 'support']",[],False,[],Auto-detected via DDGS search,Public data only - no ToS violations,"{'fake_contacts': False, 'numbered_name': False, 'unauthorized_group': False}"
Page,Southern Gas Corporation Mindoro Branch | Calapan - Facebook Albay Gas Corporation - Facebook M-Gas Franchising Philippines - Facebook M.Gas Heating & Plumbing | Oldbury - Facebook Dominico LPG Trading | Binangonan - Facebook C&M Gas - Plumbing - Heating | Stockton-on-Tees - Facebook LETS SUPPORT LOCAL LETS SUPPORT OUR ECONOMY R.E.M. GAS ...,https://www.facebook.com/OrMinIslandGas/,,0,Low Risk/Unrelated,False,,"Thank you for the trust and support , mr. Ritchard! We are here to support you throughout your M-GAS Journey. We are still open here in Calapan Oriental Mindoro be the first franshisee here in Calapan",,,,,DDGS,[],"{'phones': [], 'emails': [], 'whatsapp': [], 'mpesa_paybill_or_till': []}","['authorized', 'support']",[],False,[],Auto-detected via DDGS search,Public data only - no ToS violations,"{'fake_contacts': False, 'numbered_name': False, 'unauthorized_group': False}"
Page,"M-gas Masagana, Argas, Prycegas and Superkalan Shine LPG Tank Your safety is... - M-Gas Franchising Philippines | Facebook ATHIRIVER KITENGELA ONLINE MARKET | Airbnb Kitengela - Facebook Samuel Grenier, page publique | See I'm at the gas station ...",https://www.facebook.com/ArgasPrycegasMgasShinegasDealer/,,0,Low Risk/Unrelated,False,,"M - gas Masagana, Argas , Prycegas and Superkalan Shine LPG Tank. 1,802 likes · 1 talking about this. We deliver along NAIC CAVITE LPG SGAS ARGAS PRYCE GAS... Jan 31, 2022 · Your safety is EVERYTHING.",,,,,DDGS,[],"{'phones': [], 'emails': [], 'whatsapp': [], 'mpesa_paybill_or_till': []}",['authorized'],[],False,[],Auto-detected via DDGS search,Public data only - no ToS violations,"{'fake_contacts': False, 'numbered_name': False, 'unauthorized_group': False}"
Page,SAFARICOM M-GAS AGENT - Facebook,https://www.facebook.com/safaricommgasagent/,,0,Low Risk/Unrelated,False,,SAFARICOM M - GAS AGENT is on Facebook. Join Facebook to connect with SAFARICOM M - GAS AGENT and others you may know. Facebook gives people the power to...,,,,,DDGS,[],"{'phones': [], 'emails': [], 'whatsapp': [], 'mpesa_paybill_or_till': []}",['agent'],[],False,[],Auto-detected via DDGS search,Public data only - no ToS violations,"{'fake_contacts': False, 'numbered_name': False, 'unauthorized_group': False}"
Group,MAKATI JOB HIRING | Facebook,https://www.facebook.com/groups/743819387078940/,,0,Low Risk/Unrelated,False,,"☑️ Preferably with HR experience, but fresh graduates are welcome to apply ☑️ Proficient in MS Office Applications ☑️ Has excellent oral and written communication skills 📌 𝗕𝗢𝗢𝗞𝗞𝗘𝗘𝗣𝗘𝗥 ☑️ Accounting Gra",,,,,DDGS,[],"{'phones': [], 'emails': [], 'whatsapp': [], 'mpesa_paybill_or_till': []}",[],[],False,[],Auto-detected via DDGS search,Public data only - no ToS violations,"{'fake_contacts': False, 'numbered_name': False, 'unauthorized_group': False}"
Page,Facebook M-Gas | Facebook,https://www.facebook.com/MGasKenya/posts/we-are-hiringm-gas-is-seeking-motivated-and-dynamic-individuals-in-nairobi-regio/647850331330500/,,16,Likely Impersonator,False,,"M - Gas . 54,660 likes · 320 talking about this. M - Gas is changing lives by providing pay-as-you-go cooking gas to all Kenyans.",,,,,DDGS,[],"{'phones': [], 'emails': [], 'whatsapp': [], 'mpesa_paybill_or_till': []}",[],[],False,[],Auto-detected via DDGS search,Public data only - no ToS violations,"{'fake_contacts': False, 'numbered_name': False, 'unauthorized_group': False}"
Page,Facebook Mutuelle Générale des Affaires Sociales | Facebook,https://www.facebook.com/mgasmutuelle/,,0,Low Risk/Unrelated,False,,Mutuelle Générale des Affaires Sociales. 357 likes. Mutuelle Générale des Affaires Sociales MGAS Mutuelle Santé - Prévoyance - Services,,,,,DDGS,[],"{'phones': [], 'emails': [], 'whatsapp': [], 'mpesa_paybill_or_till': []}",[],[],False,[],Auto-detected via DDGS search,Public data only - no ToS violations,"{'fake_contacts': False, 'numbered_name': False, 'unauthorized_group': False}"
Group,M-gas Kenya limited special offers,https://www.facebook.com/groups/957825675925241/posts/mgas-with-special-offers-12-bob-tu-dial-479-ku-register-for-m-gas-leo-pikakwabei/1271854731188999/,,16,Likely Impersonator,False,,MGAS With Special offers 12 bob tu! Dial *479# ku register for M-Gas leo. #PikaKwaBeiYako #FurahiaUpishiWako #MGas Call 0752611017 Deposit ...,,,,,DDGS,[],"{'phones': ['0752611017'], 'emails': [], 'whatsapp': [], 'mpesa_paybill_or_till': []}",[],['0752611017'],False,[],Auto-detected via DDGS search,Public data only - no ToS violations,"{'fake_contacts': True, 'numbered_name': False, 'unauthorized_group': True}"
Page,Look who’s happy! Our M-GAS 1st Anniver-saya Giveaway GRAND ...,https://www.facebook.com/mgaswincytrading/videos/look-whos-happy-our-m-gas-1st-anniver-saya-giveaway-grand-prize-winner-just-clai/329821892213407/,,16,Likely Impersonator,False,,"‘Til our next pa giveaway ! For queries and deliveries, contact us at (Smart) 0949 148 3732 (Globe) 0927 495 5245 Or visit us at Mgas Wincy Trading, San Nicolas, Baao, Camarines Sur.",,,,,DDGS,[],"{'phones': [], 'emails': [], 'whatsapp': [], 'mpesa_paybill_or_till': []}",[],[],True,[],Auto-detected via DDGS search,Public data only - no ToS violations,"{'fake_contacts': False, 'numbered_name': True, 'unauthorized_group': False}"
Page,M-Gas - Need assistance with your M-Gas? Call us at 0800...,https://www.facebook.com/MGasKenya/posts/571958275586373/,,0,Low Risk/Unrelated,False,,"Need assistance with your M - Gas ? Call us at 0800 721 148, our dedicated customer care team is ready to support you every step of the way!...",,,,,DDGS,[],"{'phones': [], 'emails': [], 'whatsapp': [], 'mpesa_paybill_or_till': []}","['customer care', 'support']",[],False,[],Auto-detected via DDGS search,Public data only - no ToS violations,"{'fake_contacts': False, 'numbered_name': False, 'unauthorized_group': False}"
Page,Need assistance with your M-Gas? Call us at 0800 721 ...,https://www.facebook.com/MGasKenya/posts/need-assistance-with-your-m-gas-call-us-at-0800-721-148-our-dedicated-customer-c/571958275586373/,,0,Low Risk/Unrelated,False,,"Need assistance with your M-Gas ? Call us at 0800 721 148, our dedicated customer care team is ready to support you every step of the way!",,,,,DDGS,[],"{'phones': [], 'emails': [], 'whatsapp': [], 'mpesa_paybill_or_till': []}","['customer care', 'support']",[],False,[],Auto-detected via DDGS search,Public data only - no ToS violations,"{'fake_contacts': False, 'numbered_name': False, 'unauthorized_group': False}"
Page,"M-gas Masagana, Argas, Prycegas and Superkalan Shine LPG Tank Your safety is... - M-Gas Franchising Philippines | Facebook We offer gas bottle refills & exchange... - Mica Durban North ... Need gas? At Builders, we offer gas refill and exchange ... Hip2Save - 64 ounces, $19.99 + $1.79 refills at my gas... Does anyone refill gas bottles in town - Facebook Micmar Zambia - Gas Refills at Only K45/kg ... - Facebook",https://www.facebook.com/ArgasPrycegasMgasShinegasDealer/,,0,Low Risk/Unrelated,False,,"M - gas Masagana, Argas, Prycegas and Superkalan Shine LPG Tank. 1,802 likes · 1 talking about this. We deliver along NAIC CAVITE LPG SGAS ARGAS PRYCE GAS... Jan 31, 2022 · Your safety is EVERYTHING. ",,,,,DDGS,[],"{'phones': [], 'emails': [], 'whatsapp': [], 'mpesa_paybill_or_till': []}",['authorized'],[],False,[],Auto-detected via DDGS search,Public data only - no ToS violations,"{'fake_contacts': False, 'numbered_name': False, 'unauthorized_group': False}"
Page,SAFARICOM M-GAS AGENT - Facebook,https://www.facebook.com/safaricommgasagent/,,0,Low Risk/Unrelated,False,,SAFARICOM M - GAS AGENT is on Facebook. Join Facebook to connect with SAFARICOM M - GAS AGENT and others you may know. Facebook gives people the power to...,,,,,DDGS,[],"{'phones': [], 'emails': [], 'whatsapp': [], 'mpesa_paybill_or_till': []}",['agent'],[],False,[],Auto-detected via DDGS search,Public data only - no ToS violations,"{'fake_contacts': False, 'numbered_name': False, 'unauthorized_group': False}"
Page,facebook.com,https://www.facebook.com/?ref=page_internal,?ref=page_internal,0,Low Risk/Unrelated,False,,,,,,,DDGS,[],"{'phones': [], 'emails': [], 'whatsapp': [], 'mpesa_paybill_or_till': []}",[],[],False,[],Auto-detected via DDGS search,Public data only - no ToS violations,"{'fake_contacts': False, 'numbered_name': False, 'unauthorized_group': False}"
Group,charcoal stove promo is,https://www.facebook.com/groups/307365138803135/posts/charcoal-stove-promo-is-still-going-onprice-is-large-3100medium-2600small-1850no/708675682005410/,,16,Likely Impersonator,False,,CHARCOAL STOVE PROMO IS STILL GOING ON!!! Price is Large 3100 ... M-GAS KENYA PIKA BILA STRESS ..⭐Call:+ ...,,,,,DDGS,[],"{'phones': [], 'emails': [], 'whatsapp': [], 'mpesa_paybill_or_till': []}",['promo'],[],False,[],Auto-detected via DDGS search,Public data only - no ToS violations,"{'fake_contacts': False, 'numbered_name': False, 'unauthorized_group': False}"
Group,M-GAS KENYA LIMITED CALL (0784860605) | ANGUKIA OFFERS ZA # ...,https://www.facebook.com/groups/653145767783316/posts/709698335461392/,,16,Likely Impersonator,False,,"ANGUKIA OFFERS ZA # MGAS . DEPOSIT, (1) burners 550 shillings (2) Weekly Installment 35Bob. CALL US TODAY...",,,,,DDGS,[],"{'phones': [], 'emails': [], 'whatsapp': [], 'mpesa_paybill_or_till': []}",[],['0784860605'],False,[],Auto-detected via DDGS search,Public data only - no ToS violations,"{'fake_contacts': True, 'numbered_name': False, 'unauthorized_group': True}"
Group,ANOTHER GIVEAWAY CHALLENGE! 🎉 Want ...,https://www.facebook.com/groups/844685979256352/posts/2667103730347892/,,16,Likely Impersonator,False,,"ANOTHER GIVEAWAY CHALLENGE! Want to WIN a ... ANOTHER GIVEAWAY CHALLENGE! Want to WIN ... M-GAS KENYA LIMITED COMPANY, Mercy Abungu, Jonathan G.",,,,,DDGS,[],"{'phones': [], 'emails': [], 'whatsapp': [], 'mpesa_paybill_or_till': []}",[],[],False,[],Auto-detected via DDGS search,Public data only - no ToS violations,"{'fake_contacts': False, 'numbered_name': False, 'unauthorized_group': False}"
Group,Need assistance with your M-Gas? Call us,https://www.facebook.com/groups/957825675925241/posts/1123317796042694/,,16,Likely Impersonator,False,,... customer care team is ready to support you every step of the way ... M-GAS KENYA LIMITED (0752611017) | Need assistance with your M ...,,,,,DDGS,[],"{'phones': ['0752611017'], 'emails': [], 'whatsapp': [], 'mpesa_paybill_or_till': []}","['customer care', 'support']",['0752611017'],False,[],Auto-detected via DDGS search,Public data only - no ToS violations,"{'fake_contacts': True, 'numbered_name': False, 'unauthorized_group': True}"
Group,Need assistance with your M-Gas? Call us,https://www.facebook.com/groups/957825675925241/posts/1123317796042694/,,16,Likely Impersonator,False,,... support you every ... M-GAS KENYA LIMITED (0752611017) | Need assistance with your M-Gas? Call us. Public group.,,,,,DDGS,[],"{'phones': ['0752611017'], 'emails': [], 'whatsapp': [], 'mpesa_paybill_or_till': []}",['support'],['0752611017'],False,[],Auto-detected via DDGS search,Public data only - no ToS violations,"{'fake_contacts': True, 'numbered_name': False, 'unauthorized_group': True}"
Group,ATHIRIVER KITENGELA ONLINE MARKET | Airbnb Kitengela - Facebook,https://www.facebook.com/groups/Athiriver/posts/24569357419366624/,,0,Low Risk/Unrelated,False,,"Aug 31, 2025 · - Pressure pump refills the top tank automatically. - Reliable water supply available 24/7. - Common perimeter electric fence. - Security lights all round the compound.# kenya #sabaki#l",,,,,DDGS,[],"{'phones': [], 'emails': [], 'whatsapp': [], 'mpesa_paybill_or_till': []}",['official'],[],False,[],Auto-detected via DDGS search,Public data only - no ToS violations,"{'fake_contacts': False, 'numbered_name': False, 'unauthorized_group': False}"
Page,M-GAS Kenya LTD Agent Call 0103676804 | Westlands - Facebook,https://www.facebook.com/61552820712644/,,16,Likely Impersonator,False,,"M - GAS Kenya LTD Agent Call 0103676804, Westlands. 14 likes · 161 talking about this. Home Businesses",,,,,DDGS,[],"{'phones': ['0103676804'], 'emails': [], 'whatsapp': [], 'mpesa_paybill_or_till': []}",['agent'],"['0103676804', '0103676804']",False,[],Auto-detected via DDGS search,Public data only - no ToS violations,"{'fake_contacts': True, 'numbered_name': False, 'unauthorized_group': False}"
Group,NAKURU BUYING AND SELLING LEGIT SECOND HAND ITEMS ... - Facebook,https://www.facebook.com/groups/758358989008652/posts/1330249241819621/,,16,Likely Impersonator,False,,"1 hr Kuhana Atia Hii sio hiyo kabarabara kanatokea main ya naiswet 1 hr 1 Kibet Terer Torkotin Lakini hata watu wanaharibu barabara now days, unapata mtu mwenye ako site ya chini mahali maji inafaa ku",,,,,DDGS,[],"{'phones': [], 'emails': [], 'whatsapp': [], 'mpesa_paybill_or_till': []}",[],[],False,[],Auto-detected via DDGS search,Public data only - no ToS violations,"{'fake_contacts': False, 'numbered_name': False, 'unauthorized_group': False}"
Page,"M-Gas - Facebook M-Gas - We're hiring! To apply, visit our careers ... - Facebook M-Gas - We're hiring in Kangemi! To apply, visit our careers ... Sharon Gas Profiles - Facebook",https://www.facebook.com/MGasKenya/,,0,Low Risk/Unrelated,False,,"ke/ careers /Job Links: https://mgas.seamlesshiring. com/h/advanced#/jobs Nickens Nickens and 150 others 151 94 M- Gas Jul 10 Pika smart na M - Gas clean, safe, na perfect kwa kila meal. For more info",,,,,DDGS,[],"{'phones': [], 'emails': [], 'whatsapp': [], 'mpesa_paybill_or_till': []}",[],[],False,[],Auto-detected via DDGS search,Public data only - no ToS violations,"{'fake_contacts': False, 'numbered_name': False, 'unauthorized_group': False}"
Page,Modern COAST ltd,https://www.facebook.com/people/Modern-COAST-ltd/100092931717354/,,16,Likely Impersonator,False,,Let them use promo code D7948150 when booking. NAIROBI ➡KIGALI daily ... Mgas Ke and 2 others · . 3 · · Modern COAST ltd profile picture. Modern COAST ...,,,,,DDGS,[],"{'phones': [], 'emails': [], 'whatsapp': [], 'mpesa_paybill_or_till': []}",['promo'],[],False,[],Auto-detected via DDGS search,Public data only - no ToS violations,"{'fake_contacts': False, 'numbered_name': False, 'unauthorized_group': False}"
Page,Huge moving sale. Make offers - Facebook,https://www.facebook.com/commerce/listing/1409929443454049/,,16,Likely Impersonator,False,,Please dm for prices and or make offer - all must go! Thanks for looking shoes are new size 11 women - $40 Wall art make offers Round wood Table $60 All Asian statues are $20 and up or take all for be,,,,,DDGS,[],"{'phones': [], 'emails': [], 'whatsapp': [], 'mpesa_paybill_or_till': []}",[],[],False,[],Auto-detected via DDGS search,Public data only - no ToS violations,"{'fake_contacts': False, 'numbered_name': False, 'unauthorized_group': False}"
Group,Other posts - Facebook,https://www.facebook.com/groups/893208048514351/posts/1252343285934157/,,16,Likely Impersonator,False,,"... giveaway , Selaelo C Machabaphala, Mma Karabo, Lepelle Khutso Khutsi ... Mgas Ke , Moss Chuma, Jonathan Brize, Mdogo Mdogo Smartphone ...",,,,,DDGS,[],"{'phones': [], 'emails': [], 'whatsapp': [], 'mpesa_paybill_or_till': []}",[],[],False,[],Auto-detected via DDGS search,Public data only - no ToS violations,"{'fake_contacts': False, 'numbered_name': False, 'unauthorized_group': False}"
Page,Need assistance with your M-Gas? Call us at 0800 721 ...,https://www.facebook.com/MGasKenya/posts/need-assistance-with-your-m-gas-call-us-at-0800-721-148-our-dedicated-customer-c/571958275586373/,,0,Low Risk/Unrelated,False,,Kindly note that our customer care number is 0 800 721 148 for free calls. ... https:// mgas.ke / Kindly use this form to check for your ...,,,,,DDGS,[],"{'phones': [], 'emails': [], 'whatsapp': [], 'mpesa_paybill_or_till': []}",['customer care'],[],False,[],Auto-detected via DDGS search,Public data only - no ToS violations,"{'fake_contacts': False, 'numbered_name': False, 'unauthorized_group': False}"
Page,M-Gas - Ukiwa na M-Gas budget ya gas is totally up to you. ...,https://www.facebook.com/MGasKenya/photos/ukiwa-na-m-gas-budget-ya-gas-is-totally-up-to-you-imagine-uneza-pika-ugali-nyama/603558722426328/,,16,Likely Impersonator,False,,"Hello Steve Kariuki M-Gas does not request any amount for refills or ""updating"" your meter. ... Apply Now: Visit our career portal at https:// mgas. ke /careers/ ...",,,,,DDGS,[],"{'phones': [], 'emails': [], 'whatsapp': [], 'mpesa_paybill_or_till': []}",[],[],False,[],Auto-detected via DDGS search,Public data only - no ToS violations,"{'fake_contacts': False, 'numbered_name': False, 'unauthorized_group': False}"
Page,We are Hiring! M-Gas is seeking motivated and dynamic ...,https://www.facebook.com/MGasKenya/posts/we-are-hiringm-gas-is-seeking-motivated-and-dynamic-individuals-to-join-our-team/591689360279931/,,0,Low Risk/Unrelated,False,,... mgas.ke /careers/ All open jobs can be viewed under-Check Ready Jobs ... Ndege Millie To speak to an M-Gas agent kindly call us free on ...,,,,,DDGS,[],"{'phones': [], 'emails': [], 'whatsapp': [], 'mpesa_paybill_or_till': []}",['agent'],[],False,[],Auto-detected via DDGS search,Public data only - no ToS violations,"{'fake_contacts': False, 'numbered_name': False, 'unauthorized_group': False}"
Group,"We're hiring in Kitale! To apply, visit our careers website or ...",https://www.facebook.com/groups/957825675925241/posts/1066779485029859/,,16,Likely Impersonator,False,,... mgas.ke / #Ikokazi #hiringnow #jobsinkenya #IkoKaziKE #MGasCareers ... hr @minbuza. nl Have questions? Contact us at the same email ...,,,,,DDGS,[],"{'phones': [], 'emails': [], 'whatsapp': [], 'mpesa_paybill_or_till': []}",[],[],False,[],Auto-detected via DDGS search,Public data only - no ToS violations,"{'fake_contacts': False, 'numbered_name': False, 'unauthorized_group': False}"
Page,We are Hiring M-Gas is seeking motivated and dynamic ...,https://www.facebook.com/MGasKenya/posts/we-are-hiringm-gas-is-seeking-motivated-and-dynamic-individuals-in-nairobi-regio/647850331330500/,,16,Likely Impersonator,False,,"For job opportunities available kindly check our career portal. https:// careers . mgas.ke / After applying, please be patient you will be contacted ...",,,,,DDGS,[],"{'phones': [], 'emails': [], 'whatsapp': [], 'mpesa_paybill_or_till': []}",[],[],False,[],Auto-detected via DDGS search,Public data only - no ToS violations,"{'fake_contacts': False, 'numbered_name': False, 'unauthorized_group': False}"
Group,TODAY AS INUA JAMII WE OFFER PROMOTION TO ALL ...,https://www.facebook.com/groups/1264476181144677/posts/1683706582554966/,,16,Likely Impersonator,False,,Eldoret M-kopa lipa mdogo mdogo phones | TODAY AS INUA JAMII WE OFFER PROMO .. ... Mgas Kenya profile picture. Mgas Kenya ▻Eldoret M-kopa ...,,,,,DDGS,[],"{'phones': [], 'emails': [], 'whatsapp': [], 'mpesa_paybill_or_till': []}",['promo'],[],False,[],Auto-detected via DDGS search,Public data only - no ToS violations,"{'fake_contacts': False, 'numbered_name': False, 'unauthorized_group': False}"
Group,MGAS MKOPO 0106948302 | @highlight offer offers ... - Facebook,https://www.facebook.com/groups/781287047215225/posts/1024560116221249/,,16,Likely Impersonator,False,,@highlight Ni ya leo 🤌Mgas kenya imekuja na offer kibao Ukiwa na deposit ya 550 pekee tunakupea gas pamoja na 13kg clynder uwe ukijilipia 25per day for 12 months Offer offer Free tshirt Free umbrella ,,,,,DDGS,[],"{'phones': ['0106948302'], 'emails': [], 'whatsapp': [], 'mpesa_paybill_or_till': []}",[],"['0106948302', '0106948302']",False,[],Auto-detected via DDGS search,Public data only - no ToS violations,"{'fake_contacts': True, 'numbered_name': False, 'unauthorized_group': True}"
Page,M-Gas - Facebook MGAS CUSTOMER CARE SERVICE AND ORDER PLACEMENT> - Facebook Mgas kenya call 0750279398 - Facebook Genuine M-Gas Kenya L.T.D Helpline number 0101140606 | Facebook MGAS CUSTOMER SUPPORT - Facebook M-Gas Kenya | Facebook,https://www.facebook.com/MGasKenya/,,16,Likely Impersonator,False,,"M-Gas. 54,749 likes · 271 talking about this. M-Gas is changing lives by providing pay-as-you-go cooking gas to all Kenyans. Nov 30, 2024 · Furahia Upishi poa na Mgas Kenya . Call/whatsapp 0755928849.",,,,,DDGS,[],"{'phones': ['0755928849', '0750279398', '0750279398', '0101140606', '0736965095'], 'emails': [], 'whatsapp': [], 'mpesa_paybill_or_till': []}","['customer care', 'support']","['0755928849', '0750279398', '0750279398', '0101140606', '0736965095', '0750279398', '0101140606']",False,[],Auto-detected via DDGS search,Public data only - no ToS violations,"{'fake_contacts': True, 'numbered_name': False, 'unauthorized_group': False}"
Group,MGAS KENYA QUICK RESPONSE CUSTOMER SUPPORT - Facebook,https://www.facebook.com/groups/3644210639219066/,,16,Likely Impersonator,False,,"MGAS KENYA QUICK RESPONSE CUSTOMER SUPPORT > Public group · 28 members Join group About this group If you are unable to locate my message, kindly use WhatsApp +1 (939) 234-8342 and send me a private m",,,,,DDGS,[],"{'phones': [], 'emails': [], 'whatsapp': [], 'mpesa_paybill_or_till': []}",['support'],[],False,[],Auto-detected via DDGS search,Public data only - no ToS violations,"{'fake_contacts': False, 'numbered_name': False, 'unauthorized_group': True}"
Group,ELDORET TOWN DIRECTORY AND MARKETING AGENT | MGAS KENYA ...,https://www.facebook.com/groups/145297272312347/posts/2772549106253804/,,16,Likely Impersonator,False,,MGAS KENYA SPECIAL OFFERS KWA KILA MTU? DEPOSIT IS NOW KSH.350/= DAILY PAYMENT KSH.20 BOB /= CALL US 0100594838,,,,,DDGS,[],"{'phones': ['0100594838'], 'emails': [], 'whatsapp': [], 'mpesa_paybill_or_till': []}",[],['0100594838'],False,[],Auto-detected via DDGS search,Public data only - no ToS violations,"{'fake_contacts': True, 'numbered_name': False, 'unauthorized_group': True}"
Page,"M-Gas - We're hiring! To apply, visit our careers website...",https://www.facebook.com/MGasKenya/posts/were-hiring-to-apply-visit-our-careers-website-or-click-on-the-link-httpscareers/250210607761143/,,16,Likely Impersonator,False,,"Jul 10, 2023 · We're hiring! To apply, visit our careers website or click on the link https:// careers . mgas .ke/ #FurahiaUpishiWako #cleancooking #affordablecooking #MGas",,,,,DDGS,[],"{'phones': [], 'emails': [], 'whatsapp': [], 'mpesa_paybill_or_till': []}",[],[],False,[],Auto-detected via DDGS search,Public data only - no ToS violations,"{'fake_contacts': False, 'numbered_name': False, 'unauthorized_group': False}"
