entity_type,name,url,username_or_id,risk_score,risk_label,tagline_match,category,about_snippet,followers_count,members_count,creation_date,primary_country,found_via,recent_post_examples,contact_handles_detected,suspicious_claims,screenshot_paths,notes,compliance_note
Page,Facebook M-Gas | Facebook,https://www.facebook.com/MGasKenya/,,0,Low Risk/Unrelated,False,,"M - Gas . 54,660 likes · 320 talking about this. M - Gas is changing lives by providing pay-as-you-go cooking gas to all Kenyans.",,,,,DDGS,[],"{'phones': [], 'emails': [], 'whatsapp': [], 'mpesa_paybill_or_till': []}",[],[],Auto-detected via DDGS search,Public data only - no ToS violations
Page,Facebook Oh My Gas! Lifetime Free Gas! promo is back!!! | Lifetime FREE gas? Oh my gas! Yes! SEAOIL's Lifetime Free Gas! Oh My Gas! promo is back --now on its 3rd year. Will you be one of the four lucky... | By SEAOIL | Facebook,https://www.facebook.com/SEAOIL/videos/oh-my-gas-lifetime-free-gas-promo-is-back/344325046460844/,,0,Low Risk/Unrelated,False,,Lifetime FREE gas ? Oh my gas ! Yes! SEAOIL's Lifetime Free Gas ! Oh My Gas ! promo is back --now on its 3rd year. Will you be one of the four lucky...,,,,,DDGS,[],"{'phones': [], 'emails': [], 'whatsapp': [], 'mpesa_paybill_or_till': []}",['promo'],[],Auto-detected via DDGS search,Public data only - no ToS violations
Group,M-gas Kenya limited special offers,https://www.facebook.com/groups/957825675925241/posts/mgas-with-special-offers-12-bob-tu-dial-479-ku-register-for-m-gas-leo-pikakwabei/1271854731188999/,,0,Low Risk/Unrelated,False,,MGAS With Special offers 12 bob tu! Dial *479# ku register for M-Gas leo. #PikaKwaBeiYako #FurahiaUpishiWako #MGas Call 0752611017 Deposit ...,,,,,DDGS,[],"{'phones': [], 'emails': [], 'whatsapp': [], 'mpesa_paybill_or_till': []}",[],[],Auto-detected via DDGS search,Public data only - no ToS violations
Group,M-GAS KENYA LIMITED 0795665572.24/7 | ...,https://www.facebook.com/groups/305156312231785/,,0,Low Risk/Unrelated,False,,"ANGUKIA OFFERS ZA #MGAS. DEPOSIT,1burner 450 shillings ,2 burners 550 shillings ,3 burners 1000 shillings ,4 burners 1500 shillings CALL @everyone M-GAS KENYA ...",,,,,DDGS,[],"{'phones': [], 'emails': [], 'whatsapp': [], 'mpesa_paybill_or_till': []}",[],[],Auto-detected via DDGS search,Public data only - no ToS violations
Group,Mr. M's gas giveaway with cars lined up,https://www.facebook.com/groups/1115480395465731/posts/1757254114621686/,,0,Low Risk/Unrelated,False,,Looks like Mr. M's is having a gas giveaway . . . cars are lined up for miles ... m's gas giveaway . . free gas giveaway near me. Other posts. Related groups.,,,,,DDGS,[],"{'phones': [], 'emails': [], 'whatsapp': [], 'mpesa_paybill_or_till': []}",[],[],Auto-detected via DDGS search,Public data only - no ToS violations
Group,Original National ID ✅Safaricom Line ✅Deposit Of Ksh ...,https://www.facebook.com/groups/529071958129862/posts/1458314818538900/,,0,Low Risk/Unrelated,False,,M GAS COMPANY HELP LINE 07 56 69 27 17 we Are Giving You M ... Giveaway 10k be the lucky to win it Drop your aza now · · · Williams ...,,,,,DDGS,[],"{'phones': [], 'emails': [], 'whatsapp': [], 'mpesa_paybill_or_till': []}",[],[],Auto-detected via DDGS search,Public data only - no ToS violations
Page,Need assistance with your M-Gas? Call us at 0800 721 ...,https://www.facebook.com/photo.php?fbid=571958102253057&id=100083166169294&set=a.162860166496188,photo.php?fbid=571958102253057&id=100083166169294&set=a.162860166496188,0,Low Risk/Unrelated,False,,"Need assistance with your M-Gas ? Call us at 0800 721 148, our dedicated customer care team is ready to support you every step of the way!",,,,,DDGS,[],"{'phones': [], 'emails': [], 'whatsapp': [], 'mpesa_paybill_or_till': []}","['customer care', 'support']",[],Auto-detected via DDGS search,Public data only - no ToS violations
Group,Need assistance with your M-Gas? Call us,https://www.facebook.com/groups/957825675925241/posts/1123317796042694/,,0,Low Risk/Unrelated,False,,"Need assistance with your M-Gas ? Call us at 0111944487,or Any inquiry of our services. our dedicated customer care team is ready to support you ...",,,,,DDGS,[],"{'phones': [], 'emails': [], 'whatsapp': [], 'mpesa_paybill_or_till': []}","['customer care', 'support']",[],Auto-detected via DDGS search,Public data only - no ToS violations
Page,Southern Gas Corporation Mindoro Branch | Calapan - Facebook Albay Gas Corporation - Facebook M-Gas Franchising Philippines - Facebook M.Gas Heating & Plumbing | Oldbury - Facebook Dominico LPG Trading | Binangonan - Facebook C&M Gas - Plumbing - Heating | Stockton-on-Tees - Facebook LETS SUPPORT LOCAL LETS SUPPORT OUR ECONOMY R.E.M. GAS ...,https://www.facebook.com/OrMinIslandGas/,,0,Low Risk/Unrelated,False,,"Thank you for the trust and support , mr. Ritchard! We are here to support you throughout your M-GAS Journey. We are still open here in Calapan Oriental Mindoro be the first franshisee here in Calapan",,,,,DDGS,[],"{'phones': [], 'emails': [], 'whatsapp': [], 'mpesa_paybill_or_till': []}","['authorized', 'support']",[],Auto-detected via DDGS search,Public data only - no ToS violations
Page,Albay Gas Corporation - Facebook M-Gas Franchising Philippines - Facebook M.Gas Heating & Plumbing | Oldbury - Facebook Dominico LPG Trading | Binangonan - Facebook C&M Gas - Plumbing - Heating | Stockton-on-Tees - Facebook LETS SUPPORT LOCAL LETS SUPPORT OUR ECONOMY R.E.M. GAS ...,https://www.facebook.com/100063718218905/,,0,Low Risk/Unrelated,False,,"Jun 10, 2021 · M-Gas Franchising Philippines Mar 22, 2021 Ms. Irma Gonzales has been an authorized reseller of Island Gas for years and last year, she decided to franchise M-GAS in Polangui, Albay. Th",,,,,DDGS,[],"{'phones': [], 'emails': [], 'whatsapp': [], 'mpesa_paybill_or_till': []}","['authorized', 'support']",[],Auto-detected via DDGS search,Public data only - no ToS violations
Page,"M-gas Masagana, Argas, Prycegas and Superkalan Shine LPG Tank Your safety is... - M-Gas Franchising Philippines | Facebook ATHIRIVER KITENGELA ONLINE MARKET | Airbnb Kitengela - Facebook Samuel Grenier, page publique | See I'm at the gas station ...",https://www.facebook.com/ArgasPrycegasMgasShinegasDealer/,,0,Low Risk/Unrelated,False,,"M - gas Masagana, Argas , Prycegas and Superkalan Shine LPG Tank. 1,802 likes · 1 talking about this. We deliver along NAIC CAVITE LPG SGAS ARGAS PRYCE GAS... Jan 31, 2022 · Your safety is EVERYTHING.",,,,,DDGS,[],"{'phones': [], 'emails': [], 'whatsapp': [], 'mpesa_paybill_or_till': []}",['authorized'],[],Auto-detected via DDGS search,Public data only - no ToS violations
Page,Your safety is... - M-Gas Franchising Philippines | Facebook,https://www.facebook.com/MGASFranchising/posts/your-safety-is-everything-a-friendly-reminder-to-only-buy-your-refills-from-auth/1014556045764181/,,0,Low Risk/Unrelated,False,,"Jan 31, 2022 · Your safety is EVERYTHING. 💯 A friendly reminder to only buy your refills from authorized distributors to ensure your tanks are new, well maintained and...",,,,,DDGS,[],"{'phones': [], 'emails': [], 'whatsapp': [], 'mpesa_paybill_or_till': []}",['authorized'],[],Auto-detected via DDGS search,Public data only - no ToS violations
Page,SAFARICOM M-GAS AGENT - Facebook,https://www.facebook.com/safaricommgasagent/,,0,Low Risk/Unrelated,False,,SAFARICOM M - GAS AGENT is on Facebook. Join Facebook to connect with SAFARICOM M - GAS AGENT and others you may know. Facebook gives people the power to...,,,,,DDGS,[],"{'phones': [], 'emails': [], 'whatsapp': [], 'mpesa_paybill_or_till': []}",['agent'],[],Auto-detected via DDGS search,Public data only - no ToS violations
Page,M-GAS Kenya LTD Agent Call 0103676804 | Westlands - Facebook,https://www.facebook.com/61552820712644/,,0,Low Risk/Unrelated,False,,"M - GAS Kenya LTD Agent Call 0103676804, Westlands. 14 likes · 161 talking about this. Home Businesses",,,,,DDGS,[],"{'phones': [], 'emails': [], 'whatsapp': [], 'mpesa_paybill_or_till': []}",['agent'],[],Auto-detected via DDGS search,Public data only - no ToS violations
Page,M-Gas 📍: #Nairobi #Internship ⏱️ Deadline: 11th Aug ...,https://www.facebook.com/campusbizke/posts/-hr-digital-and-engagement-internship-m-gas-nairobi-internship-️-deadline-11th-a/1089234726681358/,,0,Low Risk/Unrelated,False,,HR Digital and Engagement Internship : M-Gas : #Nairobi #Internship ⏱️ Deadline: 11th Aug 2025 Apply >>: https://campusbiz.co.,,,,,DDGS,[],"{'phones': [], 'emails': [], 'whatsapp': [], 'mpesa_paybill_or_till': []}",[],[],Auto-detected via DDGS search,Public data only - no ToS violations
Page,Congratulations M-Gas on becoming seamless! Your HR ...,https://m.facebook.com/seamlesshrlimited/videos/congratulations-m-gas-on-becoming-seamless-your-hr-functions-just-got-a-whole-lo/461978979957015/,,0,Low Risk/Unrelated,False,,"Congratulations M-Gas on becoming seamless! Your HR functions just got a whole lot simpler, faster, and more efficient! Click the link below to become seamless ...",,,,,DDGS,[],"{'phones': [], 'emails': [], 'whatsapp': [], 'mpesa_paybill_or_till': []}",[],[],Auto-detected via DDGS search,Public data only - no ToS violations
Page,"M-Gas - We're hiring! To apply, visit our careers website...",https://www.facebook.com/MGasKenya/posts/were-hiring-to-apply-visit-our-careers-website-or-click-on-the-link-httpscareers/250210607761143/,,0,Low Risk/Unrelated,False,,"Jul 10, 2023 · We're hiring! To apply, visit our careers website or click on the link https:// careers . mgas .ke/ #FurahiaUpishiWako #cleancooking #affordablecooking #MGas",,,,,DDGS,[],"{'phones': [], 'emails': [], 'whatsapp': [], 'mpesa_paybill_or_till': []}",[],[],Auto-detected via DDGS search,Public data only - no ToS violations
Page,"M-Gas - We're hiring! To apply, visit our careers website...",https://www.facebook.com/MGasKenya/posts/were-hiring-to-apply-visit-our-careers-website-or-click-on-the-link-httpscareers/291856280263242/,,0,Low Risk/Unrelated,False,,"We're hiring! To apply, visit our careers website or click on the link: https:// careers .mgas.ke/ #IkoKaziKE #hiringnow #jobsinkenya # mgascareers ...",,,,,DDGS,[],"{'phones': [], 'emails': [], 'whatsapp': [], 'mpesa_paybill_or_till': []}",[],[],Auto-detected via DDGS search,Public data only - no ToS violations
Group,ENJOY COOKING WITH M~GAS💥 ✅️Deposit 550 shillings ...,https://www.facebook.com/groups/878566720242965/posts/1526146258818338/,,0,Low Risk/Unrelated,False,,... M-GAS M -GAS AFFORDABLE LPG You decide how much to spend. miGas ... SUN KING OFFICE LINE * 09164224523 PROMO ! PROMO !! PROMO ...,,,,,DDGS,[],"{'phones': [], 'emails': [], 'whatsapp': [], 'mpesa_paybill_or_till': []}",['promo'],[],Auto-detected via DDGS search,Public data only - no ToS violations
Page,"End of June Promo‼️ For every 1 tank of 11kg M-gas, you will ...",https://www.facebook.com/61573549531758/posts/end-of-june-promo️for-every-1-tank-of-11kg-m-gas-you-will-get-a-free-350ml-of-di/122135078354784984/,,0,Low Risk/Unrelated,False,,"End of June Promo ‼️ For every 1 tank of 11kg M-gas , you will get a free 350ml of Dishwashing Liquid. Promo runs until supplies last. Contact# (0998) 543 0916 ...",,,,,DDGS,[],"{'phones': [], 'emails': [], 'whatsapp': [], 'mpesa_paybill_or_till': []}",['promo'],[],Auto-detected via DDGS search,Public data only - no ToS violations
Page,M-GAS Special offers - Facebook,https://www.facebook.com/events/526583930140239/,,0,Low Risk/Unrelated,False,,Details Enjoy Quality Cooking Services From M - Gas :0752611017 at a minimum deposit Of 550/= Weekly Charges Of 35/= for 9mths Click On The Logo To View More Of Our Products M - gas Kenya Limited Call,,,,,DDGS,[],"{'phones': [], 'emails': [], 'whatsapp': [], 'mpesa_paybill_or_till': []}",[],[],Auto-detected via DDGS search,Public data only - no ToS violations
Group,Kenyan 254 market Buy and sell | Facebook,https://www.facebook.com/groups/913544077590514/,,0,Low Risk/Unrelated,False,,Clinton Okumu Jan 3 💥FESTIVE SEASON OFFERS 💥 M - GAS KENYA PIKA BILA STRESS ..⭐CALL US 0762880299 ⭐WHATSAPP🔥0762880299 SAFARICOM M GAS IS A SAFARICOM SPONSORED GAS ️ M GAS DEPOSIT 550KSH COMES WITH ME,,,,,DDGS,[],"{'phones': [], 'emails': [], 'whatsapp': [], 'mpesa_paybill_or_till': []}",[],[],Auto-detected via DDGS search,Public data only - no ToS violations
Group,Mr. M's gas giveaway with cars lined up,https://www.facebook.com/groups/1115480395465731/posts/1757254114621686/,,0,Low Risk/Unrelated,False,,Looks like Mr. M's is having a gas giveaway . . . cars are lined up for miles ... m's gas giveaway . . free gas giveaway near me. Other posts. Related groups.,,,,,DDGS,[],"{'phones': [], 'emails': [], 'whatsapp': [], 'mpesa_paybill_or_till': []}",[],[],Auto-detected via DDGS search,Public data only - no ToS violations
Group,Original National ID ✅Safaricom Line ✅Deposit Of Ksh ...,https://www.facebook.com/groups/529071958129862/posts/1458314818538900/,,0,Low Risk/Unrelated,False,,M GAS COMPANY HELP LINE 07 56 69 27 17 we Are Giving You M ... Giveaway 10k be the lucky to win it Drop your aza now · · · Williams ...,,,,,DDGS,[],"{'phones': [], 'emails': [], 'whatsapp': [], 'mpesa_paybill_or_till': []}",[],[],Auto-detected via DDGS search,Public data only - no ToS violations
Page,Need assistance with your M-Gas? Call us at 0800 721 ...,https://www.facebook.com/MGasKenya/posts/need-assistance-with-your-m-gas-call-us-at-0800-721-148-our-dedicated-customer-c/571958275586373/,,0,Low Risk/Unrelated,False,,"Need assistance with your M-Gas ? Call us at 0800 721 148, our dedicated customer care team is ready to support you every step of the way!",,,,,DDGS,[],"{'phones': [], 'emails': [], 'whatsapp': [], 'mpesa_paybill_or_till': []}","['customer care', 'support']",[],Auto-detected via DDGS search,Public data only - no ToS violations
Group,Need assistance with your M-Gas? Call us,https://www.facebook.com/groups/957825675925241/posts/1123317796042694/,,0,Low Risk/Unrelated,False,,"Need assistance with your M-Gas ? Call us at 0111944487,or Any inquiry of our services. our dedicated customer care team is ready to support you ...",,,,,DDGS,[],"{'phones': [], 'emails': [], 'whatsapp': [], 'mpesa_paybill_or_till': []}","['customer care', 'support']",[],Auto-detected via DDGS search,Public data only - no ToS violations
Page,Southern Gas Corporation Mindoro Branch | Calapan - Facebook Albay Gas Corporation - Facebook MGAS - Welcome to the Official Page of M-GAS TAYTAY! We ... M-Gas Franchising Philippines - Facebook M.Gas Heating & Plumbing | Oldbury - Facebook MGAS CUSTOMER SUPPORT - Facebook We are built and ready to support... - Alacrity Solutions Guden Gas Struts - Same-Day Shipping Available,https://www.facebook.com/OrMinIslandGas/,,0,Low Risk/Unrelated,False,,"Thank you for the trust and support , mr. Ritchard! We are here to support you throughout your M-GAS Journey. We are still open here in Calapan Oriental Mindoro be the first franshisee here in Calapan",,,,,DDGS,[],"{'phones': [], 'emails': [], 'whatsapp': [], 'mpesa_paybill_or_till': []}","['official', 'authorized', 'support']",[],Auto-detected via DDGS search,Public data only - no ToS violations
Page,"M-gas Masagana, Argas, Prycegas and Superkalan Shine LPG Tank Your safety is... - M-Gas Franchising Philippines | Facebook We offer gas bottle refills & exchange... - Mica Durban North ... Need gas? At Builders, we offer gas refill and exchange ... Hip2Save - 64 ounces, $19.99 + $1.79 refills at my gas... Does anyone refill gas bottles in town - Facebook Micmar Zambia - Gas Refills at Only K45/kg ... - Facebook",https://www.facebook.com/ArgasPrycegasMgasShinegasDealer/,,0,Low Risk/Unrelated,False,,"M - gas Masagana, Argas, Prycegas and Superkalan Shine LPG Tank. 1,802 likes · 1 talking about this. We deliver along NAIC CAVITE LPG SGAS ARGAS PRYCE GAS... Jan 31, 2022 · Your safety is EVERYTHING. ",,,,,DDGS,[],"{'phones': [], 'emails': [], 'whatsapp': [], 'mpesa_paybill_or_till': []}",['authorized'],[],Auto-detected via DDGS search,Public data only - no ToS violations
Page,Your safety is... - M-Gas Franchising Philippines | Facebook,https://www.facebook.com/MGASFranchising/posts/your-safety-is-everything-a-friendly-reminder-to-only-buy-your-refills-from-auth/1014556045764181/,,0,Low Risk/Unrelated,False,,"Jan 31, 2022 · Your safety is EVERYTHING. 💯 A friendly reminder to only buy your refills from authorized distributors to ensure your tanks are new, well maintained and...",,,,,DDGS,[],"{'phones': [], 'emails': [], 'whatsapp': [], 'mpesa_paybill_or_till': []}",['authorized'],[],Auto-detected via DDGS search,Public data only - no ToS violations
Page,SAFARICOM M-GAS AGENT - Facebook,https://www.facebook.com/safaricommgasagent/,,0,Low Risk/Unrelated,False,,SAFARICOM M - GAS AGENT is on Facebook. Join Facebook to connect with SAFARICOM M - GAS AGENT and others you may know. Facebook gives people the power to...,,,,,DDGS,[],"{'phones': [], 'emails': [], 'whatsapp': [], 'mpesa_paybill_or_till': []}",['agent'],[],Auto-detected via DDGS search,Public data only - no ToS violations
Page,M-GAS Kenya LTD Agent Call 0103676804 | Westlands - Facebook,https://www.facebook.com/61552820712644/,,0,Low Risk/Unrelated,False,,"M - GAS Kenya LTD Agent Call 0103676804, Westlands. 14 likes · 161 talking about this. Home Businesses",,,,,DDGS,[],"{'phones': [], 'emails': [], 'whatsapp': [], 'mpesa_paybill_or_till': []}",['agent'],[],Auto-detected via DDGS search,Public data only - no ToS violations
Page,M-Gas 📍: #Nairobi #Internship ⏱️ Deadline: 11th Aug ...,https://www.facebook.com/campusbizke/posts/-hr-digital-and-engagement-internship-m-gas-nairobi-internship-️-deadline-11th-a/1089234726681358/,,0,Low Risk/Unrelated,False,,HR Digital and Engagement Internship : M-Gas : #Nairobi #Internship ⏱️ Deadline: 11th Aug 2025 Apply >>: https://campusbiz.co.,,,,,DDGS,[],"{'phones': [], 'emails': [], 'whatsapp': [], 'mpesa_paybill_or_till': []}",[],[],Auto-detected via DDGS search,Public data only - no ToS violations
Page,Congratulations M-Gas on becoming seamless! Your HR ...,https://m.facebook.com/seamlesshrlimited/videos/congratulations-m-gas-on-becoming-seamless-your-hr-functions-just-got-a-whole-lo/461978979957015/,,0,Low Risk/Unrelated,False,,"Congratulations M-Gas on becoming seamless! Your HR functions just got a whole lot simpler, faster, and more efficient! Click the link below to become seamless ...",,,,,DDGS,[],"{'phones': [], 'emails': [], 'whatsapp': [], 'mpesa_paybill_or_till': []}",[],[],Auto-detected via DDGS search,Public data only - no ToS violations
Page,We are Hiring M-Gas is seeking motivated and dynamic ...,https://www.facebook.com/MGasKenya/posts/we-are-hiring-m-gas-is-seeking-motivated-and-dynamic-individuals-in-nairobi-regi/688151853967014/,,0,Low Risk/Unrelated,False,,... ://mgas.ke/ careers / or Job Links: https://mgas. seamlesshiring.com/h/advanced#/jobs and apply. mgas.ke. Careers | M-Gas . 3 mos. Evans Opiyo.,,,,,DDGS,[],"{'phones': [], 'emails': [], 'whatsapp': [], 'mpesa_paybill_or_till': []}",[],[],Auto-detected via DDGS search,Public data only - no ToS violations
Page,We are Hiring M-Gas is seeking motivated and dynamic ...,https://www.facebook.com/MGasKenya/posts/we-are-hiringm-gas-is-seeking-motivated-and-dynamic-individuals-in-nairobi-regio/647850331330500/,,0,Low Risk/Unrelated,False,,"Hello Serge Pk Ibaaka, regularly check our website page at: https://mgas.ke/ under the Careers tab for the latest job openings! mgas.ke. M-Gas | ...",,,,,DDGS,[],"{'phones': [], 'emails': [], 'whatsapp': [], 'mpesa_paybill_or_till': []}",[],[],Auto-detected via DDGS search,Public data only - no ToS violations
Group,charcoal stove promo is,https://www.facebook.com/groups/307365138803135/posts/charcoal-stove-promo-is-still-going-onprice-is-large-3100medium-2600small-1850no/708675682005410/,,0,Low Risk/Unrelated,False,,CHARCOAL STOVE PROMO IS STILL GOING ON!!! Price is Large 3100 ... M-GAS KENYA PIKA BILA STRESS ..⭐Call:+ ...,,,,,DDGS,[],"{'phones': [], 'emails': [], 'whatsapp': [], 'mpesa_paybill_or_till': []}",['promo'],[],Auto-detected via DDGS search,Public data only - no ToS violations
Group,M GAS KENYA PIKA BILA STRESS 2️⃣ Burners=@550 ...,https://www.facebook.com/groups/878566720242965/posts/1506157904150507/,,0,Low Risk/Unrelated,False,,"M GAS KENYA PIKA BILA STRESS 2️⃣ Burners=@550 3️⃣ Burners ... PROMO PROMO PROMO pics, (08123504984).50% Promo is going on ...",,,,,DDGS,[],"{'phones': [], 'emails': [], 'whatsapp': [], 'mpesa_paybill_or_till': []}",['promo'],[],Auto-detected via DDGS search,Public data only - no ToS violations
Group,M-GAS KENYA LIMITED (0752611017),https://www.facebook.com/groups/957825675925241/,,0,Low Risk/Unrelated,False,,M-GAS KENYA LIMITED is a Facebook group focused on providing pay-as-you-go cooking gas solutions to Kenyans. The group offers affordable cooking options ...,,,,,DDGS,[],"{'phones': [], 'emails': [], 'whatsapp': [], 'mpesa_paybill_or_till': []}",[],[],Auto-detected via DDGS search,Public data only - no ToS violations
Group,M Gas Kenya offers gas delivery services,https://www.facebook.com/groups/1140874097101535/posts/1484917839363824/,,0,Low Risk/Unrelated,False,,M GAS COMPANY KENYA 0105030499 | M Gas Kenya offers gas delivery services. Public group. . 7.6K Members · Join group. MGAS COMPANY LTD KENYA ...,,,,,DDGS,[],"{'phones': [], 'emails': [], 'whatsapp': [], 'mpesa_paybill_or_till': []}",[],[],Auto-detected via DDGS search,Public data only - no ToS violations
Group,ANOTHER GIVEAWAY CHALLENGE! 🎉 Want ...,https://www.facebook.com/groups/844685979256352/posts/2667103730347892/,,0,Low Risk/Unrelated,False,,"ANOTHER GIVEAWAY CHALLENGE! Want to WIN a ... ANOTHER GIVEAWAY CHALLENGE! Want to WIN ... M-GAS KENYA LIMITED COMPANY, Mercy Abungu, Jonathan G.",,,,,DDGS,[],"{'phones': [], 'emails': [], 'whatsapp': [], 'mpesa_paybill_or_till': []}",[],[],Auto-detected via DDGS search,Public data only - no ToS violations
Group,M GAS KENYA PIKA BILA STRESS 2️⃣ Burners=@550 ...,https://www.facebook.com/groups/529071958129862/posts/1458296785207370/,,0,Low Risk/Unrelated,False,,M GAS KENYA PIKA BILA STRESS 2️⃣ Burners=@550 3️⃣ Burners ... Giveaway 10k be the lucky to win it Drop your aza now · · . Williams ...,,,,,DDGS,[],"{'phones': [], 'emails': [], 'whatsapp': [], 'mpesa_paybill_or_till': []}",[],[],Auto-detected via DDGS search,Public data only - no ToS violations
Group,Need assistance with your M-Gas? Call us,https://www.facebook.com/groups/957825675925241/posts/1123317796042694/,,0,Low Risk/Unrelated,False,,... customer care team is ready to support you every step of the way ... M-GAS KENYA LIMITED (0752611017) | Need assistance with your M ...,,,,,DDGS,[],"{'phones': [], 'emails': [], 'whatsapp': [], 'mpesa_paybill_or_till': []}","['customer care', 'support']",[],Auto-detected via DDGS search,Public data only - no ToS violations
Group,Need assistance with your M-Gas? Call us at 0780683 ...,https://www.facebook.com/groups/1441100829930644/posts/1552119652162094/,,0,Low Risk/Unrelated,False,,... customer care team is ready to support you every ... M-GAS KENYA LIMITED (0113986554) | Need ... our dedicated customer care team is ready to support you every ...,,,,,DDGS,[],"{'phones': [], 'emails': [], 'whatsapp': [], 'mpesa_paybill_or_till': []}","['customer care', 'support']",[],Auto-detected via DDGS search,Public data only - no ToS violations
Group,Need assistance with your M-Gas? Call us,https://www.facebook.com/groups/957825675925241/posts/1123317796042694/,,0,Low Risk/Unrelated,False,,... support you every ... M-GAS KENYA LIMITED (0752611017) | Need assistance with your M-Gas? Call us. Public group.,,,,,DDGS,[],"{'phones': [], 'emails': [], 'whatsapp': [], 'mpesa_paybill_or_till': []}",['support'],[],Auto-detected via DDGS search,Public data only - no ToS violations
Group,Need assistance with your M-Gas? Call us at 0780683 ...,https://www.facebook.com/groups/1441100829930644/posts/1552119652162094/,,0,Low Risk/Unrelated,False,,M-GAS KENYA LIMITED (0113986554) | Need ... our dedicated customer care team is ready to support you every step of the way! ... M-GAS KENYA LIMITED ...,,,,,DDGS,[],"{'phones': [], 'emails': [], 'whatsapp': [], 'mpesa_paybill_or_till': []}","['customer care', 'support']",[],Auto-detected via DDGS search,Public data only - no ToS violations
Group,Gas Refilling ( *all types of gas cylinders)* 📌 Gas complete ...,https://www.facebook.com/groups/295474376849804/posts/706699862393918/,,0,Low Risk/Unrelated,False,,... refills Dealers in: Gas Refilling ( *all types of gas cylinders)* ... M-GAS KENYA PIKA BILA STRESS ..⭐Call ...,,,,,DDGS,[],"{'phones': [], 'emails': [], 'whatsapp': [], 'mpesa_paybill_or_till': []}",[],[],Auto-detected via DDGS search,Public data only - no ToS violations
Group,Safaricom M Gas Kenya Offer with Free Delivery,https://www.facebook.com/groups/646056770252916/posts/1115783536613568/,,0,Low Risk/Unrelated,False,,M GAS KENYA PIKA BILA STRESS ..⭐CALL US 0734030034 ⭐WHATSAPP ... refills please and price for delivery TIA · Fiona Kotzer. 1 reaction ...,,,,,DDGS,[],"{'phones': [], 'emails': [], 'whatsapp': [], 'mpesa_paybill_or_till': []}",[],[],Auto-detected via DDGS search,Public data only - no ToS violations
Group,M-GAS KENYA LTD AGENT CALL (0738002423/+ ...,https://www.facebook.com/groups/289318563672325/,,0,Low Risk/Unrelated,False,,"M-GAS KENYA LTD AGENT CALL (0738002423/+254738286927) > ... This Facebook group is focused on promoting M-Gas Kenya Ltd, a company that offers gas cookers and ...",,,,,DDGS,[],"{'phones': ['+254738286927'], 'emails': [], 'whatsapp': [], 'mpesa_paybill_or_till': []}","['promo', 'agent']",[],Auto-detected via DDGS search,Public data only - no ToS violations
Group,M-GAS KENYA LIMITED 0738002423,https://www.facebook.com/groups/886437143029196/,,0,Low Risk/Unrelated,False,,@highlight M-GAS KENYA LIMITED 0738002423 M-GAS KENYA LTD AGENT CALL (0738002423/+254738286927) - with Harrietez Lorrent and 99 others. May be an image ...,,,,,DDGS,[],"{'phones': ['+254738286927'], 'emails': [], 'whatsapp': [], 'mpesa_paybill_or_till': []}",['agent'],[],Auto-detected via DDGS search,Public data only - no ToS violations
Group,M GAS KENYA PIKA KILA WAKATI...CALL US 0100-337-463 OR ...,https://www.facebook.com/groups/1848134362617928/posts/1853188662112498/,,0,Low Risk/Unrelated,False,,M GAS KENYA PIKA KILA WAKATI...CALL US 0100 ... M GAS KENYA PIKA KILA WAKATI ... HR Abbigail Kate profile picture. HR Abbigail Kate. Admin 56m ...,,,,,DDGS,[],"{'phones': [], 'emails': [], 'whatsapp': [], 'mpesa_paybill_or_till': []}",[],[],Auto-detected via DDGS search,Public data only - no ToS violations
Group,M-GAS SAFARICOM KINDLY CALL OR TEXT ON WHAT'S ...,https://www.facebook.com/groups/966324677961372/posts/1379968676596968/,,0,Low Risk/Unrelated,False,,1 hr . 1. Willy Mutee Mugambi. M-GAS ok. 1 hr . Willy Mutee Mugambi ... M GAS KENYA PIKA KILA WAKATI... SAFARICOM M GAS IS A SAFARICOM ...,,,,,DDGS,[],"{'phones': [], 'emails': [], 'whatsapp': [], 'mpesa_paybill_or_till': []}",[],[],Auto-detected via DDGS search,Public data only - no ToS violations
Group,We are Hiring M-Gas is seeking motivated and dynamic ...,https://www.facebook.com/groups/359545889779700/posts/673762361691383/,,0,Low Risk/Unrelated,False,,... careers / Job Links: advanced#/jobs #Hiring #CustomerService ... M GAS KENYA PIKA BILA STRESS 2️⃣ Burners=@550 3️⃣ Burners=@1000 ...,,,,,DDGS,[],"{'phones': [], 'emails': [], 'whatsapp': [], 'mpesa_paybill_or_till': []}",[],[],Auto-detected via DDGS search,Public data only - no ToS violations
Page,M-gas Lipa Mos's post,https://www.facebook.com/61558640182368/posts/we-are-hiring-in-nairobim-gas-is-seeking-motivated-and-dynamic-individuals-in-na/122160249488288006/,,0,Low Risk/Unrelated,False,,... careers /Job Links: Motorized Technical Sales ... ke/ careers /Job Links: Motorized Technical Sales ... M-GAS KENYA LIMITED (0752611017) . May be an ...,,,,,DDGS,[],"{'phones': [], 'emails': [], 'whatsapp': [], 'mpesa_paybill_or_till': []}",[],[],Auto-detected via DDGS search,Public data only - no ToS violations
Page,Modern COAST ltd,https://www.facebook.com/people/Modern-COAST-ltd/100092931717354/,,0,Low Risk/Unrelated,False,,Let them use promo code D7948150 when booking. NAIROBI ➡KIGALI daily ... Mgas Ke and 2 others · . 3 · · Modern COAST ltd profile picture. Modern COAST ...,,,,,DDGS,[],"{'phones': [], 'emails': [], 'whatsapp': [], 'mpesa_paybill_or_till': []}",['promo'],[],Auto-detected via DDGS search,Public data only - no ToS violations
Page,Book your ticket know according to you ability. .NBVip class ...,https://www.facebook.com/100092931717354/posts/book-your-ticket-know-according-to-you-abilitynbvip-class-fares-will-vary-accord/106227452468613/,,0,Low Risk/Unrelated,False,,Let them use promo code D7948150 when booking. NAIROBI ➡KIGALI ... Mgas Ke and 2 others · . 3 · . Related Pages. Mogo loan motorcycle ...,,,,,DDGS,[],"{'phones': [], 'emails': [], 'whatsapp': [], 'mpesa_paybill_or_till': []}",['promo'],[],Auto-detected via DDGS search,Public data only - no ToS violations
Group,SUNDAY SPECIAL OFFER🎊🎊 #MGAS HOT LINE ...,https://www.facebook.com/groups/957825675925241/posts/1261574158883723/,,0,Low Risk/Unrelated,False,,"ANGUKIA OFFERS ZA M-GAS DEPOSIT,1burber 450 shillings ,2 burners 550 ... mgas.ke /. Mabati Romili and 3 others · . 4. 1. · M-GAS ...",,,,,DDGS,[],"{'phones': [], 'emails': [], 'whatsapp': [], 'mpesa_paybill_or_till': []}",[],[],Auto-detected via DDGS search,Public data only - no ToS violations
Group,MGAS SAFARICOM TELL (SALES)0755415011,https://www.facebook.com/groups/4135103280045771/,,0,Low Risk/Unrelated,False,,#MGAS Offers you the best Services ever How many ... Mgas Ke profile picture. Mgas Ke . Admin Apr 24 ... Mgas Ke profile picture. Mgas Ke updated the ...,,,,,DDGS,[],"{'phones': [], 'emails': [], 'whatsapp': [], 'mpesa_paybill_or_till': []}",[],[],Auto-detected via DDGS search,Public data only - no ToS violations
Group,Other posts - Facebook,https://www.facebook.com/groups/893208048514351/posts/1252343285934157/,,0,Low Risk/Unrelated,False,,"... giveaway , Selaelo C Machabaphala, Mma Karabo, Lepelle Khutso Khutsi ... Mgas Ke , Moss Chuma, Jonathan Brize, Mdogo Mdogo Smartphone ...",,,,,DDGS,[],"{'phones': [], 'emails': [], 'whatsapp': [], 'mpesa_paybill_or_till': []}",[],[],Auto-detected via DDGS search,Public data only - no ToS violations
Page,Need assistance with your M-Gas? Call us at 0800 721 ...,https://www.facebook.com/MGasKenya/posts/need-assistance-with-your-m-gas-call-us-at-0800-721-148-our-dedicated-customer-c/571958275586373/,,0,Low Risk/Unrelated,False,,Kindly note that our customer care number is 0 800 721 148 for free calls. ... https:// mgas.ke / Kindly use this form to check for your ...,,,,,DDGS,[],"{'phones': [], 'emails': [], 'whatsapp': [], 'mpesa_paybill_or_till': []}",['customer care'],[],Auto-detected via DDGS search,Public data only - no ToS violations
Page,M-Gas,https://www.facebook.com/story.php?story_fbid=605893695526164&id=100083166169294,story.php?story_fbid=605893695526164&id=100083166169294,0,Low Risk/Unrelated,False,,"Marya Don Yes, our customer care number is on 24hrs and is also toll free. ... customer care ... mgas. ke /careers/ Job Links: https://mgas.seamlesshiring.",,,,,DDGS,[],"{'phones': [], 'emails': [], 'whatsapp': [], 'mpesa_paybill_or_till': []}",['customer care'],[],Auto-detected via DDGS search,Public data only - no ToS violations
Page,Need assistance with your M-Gas? Call us at 0800 721 ...,https://www.facebook.com/photo.php?fbid=571958102253057&id=100083166169294&set=a.162860166496188,photo.php?fbid=571958102253057&id=100083166169294&set=a.162860166496188,0,Low Risk/Unrelated,False,,... support you every step of the way! #MGasCustomerService ... https:// mgas.ke / Kindly use this form to check for your location and ...,,,,,DDGS,[],"{'phones': [], 'emails': [], 'whatsapp': [], 'mpesa_paybill_or_till': []}",['support'],[],Auto-detected via DDGS search,Public data only - no ToS violations
Group,Usipatwe off-Guard! Here are the simple steps to have M- ...,https://www.facebook.com/groups/957825675925241/posts/1122355772805563/,,0,Low Risk/Unrelated,False,,"Just Call 0111944487:♻️ For more information, visit our website https:// mgas. ke / ... support is appreciated by Dwenga family asiyo to ngapandle ...",,,,,DDGS,[],"{'phones': [], 'emails': [], 'whatsapp': [], 'mpesa_paybill_or_till': []}",['support'],[],Auto-detected via DDGS search,Public data only - no ToS violations
Page,M-Gas - Ukiwa na M-Gas budget ya gas is totally up to you. ...,https://www.facebook.com/MGasKenya/photos/ukiwa-na-m-gas-budget-ya-gas-is-totally-up-to-you-imagine-uneza-pika-ugali-nyama/603558722426328/,,0,Low Risk/Unrelated,False,,"Hello Steve Kariuki M-Gas does not request any amount for refills or ""updating"" your meter. ... Apply Now: Visit our career portal at https:// mgas. ke /careers/ ...",,,,,DDGS,[],"{'phones': [], 'emails': [], 'whatsapp': [], 'mpesa_paybill_or_till': []}",[],[],Auto-detected via DDGS search,Public data only - no ToS violations
Page,Alga cloth | Tanda - Facebook,https://www.facebook.com/61566467623470/,,0,Low Risk/Unrelated,False,,"Nov 13, 2024 · cleaning agent , has been used in households and industries for years. However, its applications go far beyond the confines of home cleaning. With its ability to kill bacteria, fight fu",,,,,DDGS,[],"{'phones': [], 'emails': [], 'whatsapp': [], 'mpesa_paybill_or_till': []}",['agent'],[],Auto-detected via DDGS search,Public data only - no ToS violations
Page,Skyland Net Management | Semarang - Facebook Launcher - Facebook,https://www.facebook.com/skylandteam/,,0,Low Risk/Unrelated,False,,"Aug 1, 2024 · Skyland Net Management, Semarang. 4,723 likes · 1 talking about this · 228 were here. Semarang Jl. Durian Raya 73.Banyumanik Jl. Arteri soekarno hatta no7 Jl. Keludraya no10 Pemalang Jl ",,,,,DDGS,[],"{'phones': [], 'emails': [], 'whatsapp': [], 'mpesa_paybill_or_till': []}",['agent'],[],Auto-detected via DDGS search,Public data only - no ToS violations
Group,"We're hiring in Kitale! To apply, visit our careers website or ...",https://www.facebook.com/groups/957825675925241/posts/1066779485029859/,,0,Low Risk/Unrelated,False,,... mgas.ke / #Ikokazi #hiringnow #jobsinkenya #IkoKaziKE #MGasCareers ... hr @minbuza. nl Have questions? Contact us at the same email ...,,,,,DDGS,[],"{'phones': [], 'emails': [], 'whatsapp': [], 'mpesa_paybill_or_till': []}",[],[],Auto-detected via DDGS search,Public data only - no ToS violations
Page,M-Gas,https://www.facebook.com/MGasKenya/posts/we-are-hiring-in-nairobim-gas-is-seeking-motivated-and-dynamic-individuals-in-na/586877434094457/,,0,Low Risk/Unrelated,False,,... mgas.ke /careers/Job Links: Motorized Technical Sales Representative ... HR team once shortlisted applicants are contacted. 8 mos. Quincy ...,,,,,DDGS,[],"{'phones': [], 'emails': [], 'whatsapp': [], 'mpesa_paybill_or_till': []}",[],[],Auto-detected via DDGS search,Public data only - no ToS violations
Page,"M-Gas - Facebook M-Gas - We're hiring! To apply, visit our careers ... - Facebook M-GAS COMPANY LTD 0787813153 | We're hiring! To apply, visit ... M-Gas - We're hiring in Kangemi! To apply, visit our careers ... Lawyers Rule!! (Original) | https://careers.mgas.ke/careers ... Ndarugu Ward United Forum | https://careers.mgas.ke/careers ...",https://www.facebook.com/MGasKenya/,,0,Low Risk/Unrelated,False,,mgas .ke M- Gas Aug 15 Are you passionate about creating sustainable impact and driving results ? We’re looking for enthusiastic personnel to join our growing team! What You’ll Do: Pitch and sell our ,,,,,DDGS,[],"{'phones': [], 'emails': [], 'whatsapp': [], 'mpesa_paybill_or_till': []}",[],[],Auto-detected via DDGS search,Public data only - no ToS violations
Page,"M-Gas - We're hiring! To apply, visit our careers ... - Facebook",https://www.facebook.com/MGasKenya/photos/were-hiring-to-apply-visit-our-careers-website-or-click-on-the-link-httpscareers/250210587761145/,,0,Low Risk/Unrelated,False,,"Jul 10, 2023 · We're hiring! To apply, visit our careers website or click on the link https:// careers . mgas . ke / #FurahiaUpishiWako #cleancooking #affordablecooking #MGas",,,,,DDGS,[],"{'phones': [], 'emails': [], 'whatsapp': [], 'mpesa_paybill_or_till': []}",[],[],Auto-detected via DDGS search,Public data only - no ToS violations
Group,Jikokoa and kuniokoa Kenya supply | #PROMO!..PROMO!!..PROMO,https://www.facebook.com/groups/1202896060426633/posts/1321237625259142/,,0,Low Risk/Unrelated,False,,"Jan 8, 2024 · Josline Esendi 6d Ni ya leo 🤌Mgas kenya imekuja na offer kibao Ukiwa na deposit ya 550 pekee tunakupea gas pamoja na 13kg clynder uwe ukijilipia 25per day for 12 months Offer offer Free ",,,,,DDGS,[],"{'phones': [], 'emails': [], 'whatsapp': [], 'mpesa_paybill_or_till': []}",[],[],Auto-detected via DDGS search,Public data only - no ToS violations
Group,0782946741 Mgas kenya imekuja na offer kibao,https://www.facebook.com/groups/2502306723286057/posts/2900756940107698/,,0,Low Risk/Unrelated,False,,... Mgas kenya imekuja na offer kibao ... 0782946741 Mgas kenya imekuja na offer kibao ... Promo ... Promo ... Promo MR EMMANUEL CYLINDER GAS ...,,,,,DDGS,[],"{'phones': [], 'emails': [], 'whatsapp': [], 'mpesa_paybill_or_till': []}",['promo'],[],Auto-detected via DDGS search,Public data only - no ToS violations
Group,MGAS MKOPO 0106948302 | @highlight offer offers ... - Facebook,https://www.facebook.com/groups/781287047215225/posts/1024560116221249/,,0,Low Risk/Unrelated,False,,@highlight Ni ya leo 🤌Mgas kenya imekuja na offer kibao Ukiwa na deposit ya 550 pekee tunakupea gas pamoja na 13kg clynder uwe ukijilipia 25per day for 12 months Offer offer Free tshirt Free umbrella ,,,,,DDGS,[],"{'phones': [], 'emails': [], 'whatsapp': [], 'mpesa_paybill_or_till': []}",[],[],Auto-detected via DDGS search,Public data only - no ToS violations
Group,MGAS MKOPO 0106948302 | offer offers with only 550 ... - Facebook,https://www.facebook.com/groups/781287047215225/posts/1025831539427440/,,0,Low Risk/Unrelated,False,,"offer offers with only 550 tunakuletea MGAS mpaka nyumbani, call or WhatsApp us on 0106948302 utakua ukilipia 25 per day order today and enjoy free. 1,...",,,,,DDGS,[],"{'phones': [], 'emails': [], 'whatsapp': [], 'mpesa_paybill_or_till': []}",[],[],Auto-detected via DDGS search,Public data only - no ToS violations
Group,Mgas Kenya are you interested What is the best,https://www.facebook.com/groups/abujacarbusiness/posts/2169648750202515/,,0,Low Risk/Unrelated,False,,Mgas Kenya are you interested What is the best ... Mgas Kenya are you interested What is the best type you ... *Sallah giveaway !!!* Super sharp C350...,,,,,DDGS,[],"{'phones': [], 'emails': [], 'whatsapp': [], 'mpesa_paybill_or_till': []}",[],[],Auto-detected via DDGS search,Public data only - no ToS violations
Group,ALMOST GIVEAWAY! 🏃🏃💨 💜💚 GET A QUALITY FOAM POA ...,https://www.facebook.com/groups/776036066350650/posts/1764225280865052/,,0,Low Risk/Unrelated,False,,DEALS POA ZA MATTRESS – ALMOST GIVEAWAY ... GIVEAWAY ... Non carbon dioxide FurahiaUpishiWako MGAS KENYA LIMITED SERVICE 0780163350 delivery countrywide.,,,,,DDGS,[],"{'phones': [], 'emails': [], 'whatsapp': [], 'mpesa_paybill_or_till': []}",[],[],Auto-detected via DDGS search,Public data only - no ToS violations
Group,MGAS CUSTOMER CARE SERVICE AND ORDER PLACEMENT,https://www.facebook.com/groups/907555054290862/,,0,Low Risk/Unrelated,False,,MGAS CUSTOMER CARE SERVICE AND ORDER PLACEMENT > ... The MGAS CUSTOMER CARE SERVICE AND ORDER ... Furahia Upishi poa na Mgas Kenya . Call/whatsapp ...,,,,,DDGS,[],"{'phones': [], 'emails': [], 'whatsapp': [], 'mpesa_paybill_or_till': []}",['customer care'],[],Auto-detected via DDGS search,Public data only - no ToS violations
Group,MGAS KENYA CALL 📞 OR WHATSAPP 0736965095 Low ...,https://www.facebook.com/groups/1327884598298290/posts/mgas-kenya-call-or-whatsapp-0736965095low-upfront-cost-low-initial-stove-deposit/1341723926914357/,,0,Low Risk/Unrelated,False,,MGAS KENYA CALL OR WHATSAPP 0736965095 Low ... MGAS KENYA CALL OR WHATSAPP 0736965095 Low ... Customer Care . DEPOSIT 550 shillings 25 shillings ...,,,,,DDGS,[],"{'phones': [], 'emails': [], 'whatsapp': [], 'mpesa_paybill_or_till': []}",['customer care'],[],Auto-detected via DDGS search,Public data only - no ToS violations
Group,MGAS KENYA QUICK RESPONSE CUSTOMER SUPPORT - Facebook,https://www.facebook.com/groups/3644210639219066/,,0,Low Risk/Unrelated,False,,"MGAS KENYA QUICK RESPONSE CUSTOMER SUPPORT > Public group · 28 members Join group About this group If you are unable to locate my message, kindly use WhatsApp +1 (939) 234-8342 and send me a private m",,,,,DDGS,[],"{'phones': [], 'emails': [], 'whatsapp': [], 'mpesa_paybill_or_till': []}",['support'],[],Auto-detected via DDGS search,Public data only - no ToS violations
Page,MGAS CUSTOMER SUPPORT - Facebook,https://www.facebook.com/mgas.kenya.care/,,0,Low Risk/Unrelated,False,,MGAS CUSTOMER SUPPORT is on Facebook. Join Facebook to connect with MGAS CUSTOMER SUPPORT and others you may know. Facebook gives people the power to...,,,,,DDGS,[],"{'phones': [], 'emails': [], 'whatsapp': [], 'mpesa_paybill_or_till': []}",['support'],[],Auto-detected via DDGS search,Public data only - no ToS violations
Group,only 1550 u get your KOKO COOKER plus 2 free refills ...,https://www.facebook.com/groups/946341743435549/posts/1240761353993585/,,0,Low Risk/Unrelated,False,,"@ only 1550 u get your KOKO COOKER plus 2 free refills , inbox or reach us on 0103619903 we deliver country wide via parcels ; Caleb Ndisio ...",,,,,DDGS,[],"{'phones': [], 'emails': [], 'whatsapp': [], 'mpesa_paybill_or_till': []}",[],[],Auto-detected via DDGS search,Public data only - no ToS violations
Group,only 1550 u get your KOKO COOKER plus 2 free refills ...,https://www.facebook.com/groups/946341743435549/posts/1240222714047449/,,0,Low Risk/Unrelated,False,,"only 1550 u get your KOKO COOKER plus 2 free refills , inbox or reach us on 0103619903 we deliver country wide via parcels.",,,,,DDGS,[],"{'phones': [], 'emails': [], 'whatsapp': [], 'mpesa_paybill_or_till': []}",[],[],Auto-detected via DDGS search,Public data only - no ToS violations
Group,M-GAS KENYA LIMITED 0738002423,https://www.facebook.com/groups/886437143029196/,,0,Low Risk/Unrelated,False,,M-GAS KENYA LTD 0103676804 #furahiaupishipoa #furahiamgas # MGAS #kenya ... #MGAS # agent #0103676804 REQUIREMENTS FOR PURCHASING M-GAS ARE: ✓Original ...,,,,,DDGS,[],"{'phones': [], 'emails': [], 'whatsapp': [], 'mpesa_paybill_or_till': []}",['agent'],[],Auto-detected via DDGS search,Public data only - no ToS violations
Group,Mgas delivery services in Kenya with weekly payment plans,https://www.facebook.com/groups/598504922024144/posts/980260800515219/,,0,Low Risk/Unrelated,False,,MGAS KENYA : 0100863356. 2.3K members. Join. COPIA. 3.6K members. Join ... COPIA AGENT PLACE YOUR O... 14K members. Join. WATU CREDIT KENYA ...,,,,,DDGS,[],"{'phones': [], 'emails': [], 'whatsapp': [], 'mpesa_paybill_or_till': []}",['agent'],[],Auto-detected via DDGS search,Public data only - no ToS violations
Group,M-GAS SAFARICOM KINDLY CALL OR TEXT ON WHAT'S ...,https://www.facebook.com/groups/966324677961372/posts/1468502757743559/,,0,Low Risk/Unrelated,False,,1 hr . Other posts. Nancy Nyangi Nyajoseme profile picture. Nancy ... MGAS KENYA profile picture. MGAS KENYA ▻M-GAS SAFARICOM KINDLY CALL ...,,,,,DDGS,[],"{'phones': [], 'emails': [], 'whatsapp': [], 'mpesa_paybill_or_till': []}",[],[],Auto-detected via DDGS search,Public data only - no ToS violations
Group,(SAFARICOM)MGAS KENYA 🇰🇪⛽ M-Gas Requirements,https://www.facebook.com/groups/408874720439060/posts/1237173760942481/,,0,Low Risk/Unrelated,False,,Mgas Kenya are you interested What is the best type you want ... Hr Opiyo Helpdesk Opiyo profile picture. Hr Opiyo Helpdesk Opiyo. 15h ...,,,,,DDGS,[],"{'phones': [], 'emails': [], 'whatsapp': [], 'mpesa_paybill_or_till': []}",[],[],Auto-detected via DDGS search,Public data only - no ToS violations
Group,"Join Careers Crafters Network for more job vacancies, don`...",https://www.facebook.com/groups/1548824975418165/posts/3632644573702851/,,0,Low Risk/Unrelated,False,,"Join Careers Crafters Network for more job vacancies, don`t miss ... Join Careers Crafters Network ... @everyone Ni ya leo Mgas kenya imekuja na offer ...",,,,,DDGS,[],"{'phones': [], 'emails': [], 'whatsapp': [], 'mpesa_paybill_or_till': []}",[],[],Auto-detected via DDGS search,Public data only - no ToS violations
Group,HF Group Hiring In Nairobi 1. Scrum Master 2. Officer ...,https://www.facebook.com/groups/201801783357666/posts/2564973760373778/,,0,Low Risk/Unrelated,False,,ke/ careers /jobsListing #HFCareers #NairobiJobs #BankingJobs #ScrumMaster #KenyaJobs ... Mgas Kenya . 56m . M GAS KENYA PIKA BILA STRESS 1️⃣ Burner ...,,,,,DDGS,[],"{'phones': [], 'emails': [], 'whatsapp': [], 'mpesa_paybill_or_till': []}",[],[],Auto-detected via DDGS search,Public data only - no ToS violations
