entity_type,name,url,username_or_id,risk_score,risk_label,tagline_match,category,about_snippet,followers_count,members_count,creation_date,primary_country,found_via,recent_post_examples,contact_handles_detected,suspicious_claims,fake_contact_numbers,has_numbered_name,screenshot_paths,notes,compliance_note,impersonation_flags
Page,"Southern Gas Corporation Mindoro Branch | Calapan - Facebook M-Gas Franchising Philippines - GRAB THE CHANCE TO ... - Facebook GRAB THE CHANCE TO WIN A... - M-Gas Franchising Philippines Bob Almeda - Facebook Day 1 Island Gas and M-Gas... - Island Gas - Bicol Region ... Tierra Nevada Marketplace&Online Store | ""One stop for all ... RJN Enterprises | Makati - Facebook",https://www.facebook.com/OrMinIslandGas/,,0,Low Risk/Unrelated,False,,"Thank you for the trust and support, mr. Ritchard! We are here to support you throughout your M - GAS Journey. We are still open here in Calapan Oriental Mindoro be the first franshisee here in Calapa",,,,,DDGS,[],"{'phones': [], 'emails': [], 'whatsapp': [], 'mpesa_paybill_or_till': []}","['official', 'promo', 'support']",[],False,[],Auto-detected via DDGS search,Public data only - no ToS violations,"{'fake_contacts': False, 'numbered_name': False, 'unauthorized_group': False}"
Page,M-Gas Franchising Philippines - GRAB THE CHANCE TO ... - Facebook,https://www.facebook.com/MGASFranchising/photos/a.142069996346128/473635186522939/,,16,Likely Impersonator,False,,"Congrats mgas M - Gas Franchising Philippines Jul 6 📣 Franchise Pinas Day 2 is Officially ON! Happening TODAY, July 6 from 10AM to 9PM at SMX Clark — don’t miss Central Luzon’s most awaited Franchise ",,,,,DDGS,[],"{'phones': [], 'emails': [], 'whatsapp': [], 'mpesa_paybill_or_till': []}",['official'],[],False,[],Auto-detected via DDGS search,Public data only - no ToS violations,"{'fake_contacts': False, 'numbered_name': False, 'unauthorized_group': False}"
Group,M-gas Kenya limited special offers,https://www.facebook.com/groups/957825675925241/posts/mgas-with-special-offers-12-bob-tu-dial-479-ku-register-for-m-gas-leo-pikakwabei/1271854731188999/,,16,Likely Impersonator,False,,MGAS With Special offers 12 bob tu! Dial *479# ku register for M-Gas leo. #PikaKwaBeiYako #FurahiaUpishiWako #MGas Call 0752611017 Deposit ...,,,,,DDGS,[],"{'phones': ['0752611017'], 'emails': [], 'whatsapp': [], 'mpesa_paybill_or_till': []}",[],['0752611017'],False,[],Auto-detected via DDGS search,Public data only - no ToS violations,"{'fake_contacts': True, 'numbered_name': False, 'unauthorized_group': True}"
Group,M-GAS SAFARICOM KINDLY CALL OR TEXT ON WHAT'S ...,https://www.facebook.com/groups/966324677961372/,,16,Likely Impersonator,False,,"M-GAS SAFARICOM KINDLY CALL OR TEXT ON WHAT'S APP 0755471873 is a ... @everyone Amazing offers just for you, Sasa 550 Pekee imetosha , Kupika Ni ...",,,,,DDGS,[],"{'phones': ['0755471873'], 'emails': [], 'whatsapp': [], 'mpesa_paybill_or_till': []}",[],['0755471873'],False,[],Auto-detected via DDGS search,Public data only - no ToS violations,"{'fake_contacts': True, 'numbered_name': False, 'unauthorized_group': True}"
Group,Import and Export in Korea> - Facebook,https://www.facebook.com/groups/982277263105399/,,0,Low Risk/Unrelated,False,,"[4/20, 11:03 AM] Nelson Kelechi: 🎗️🔥🔥3 *in1 🛢️ OIL 🪔 AND GAS ⛽ LICENSES FOR SALE AT A GIVEAWAY PRICE* 🔥🔥 Our Seller is offering 3 separate licenses for a total amount of: *13Billions* 📍1).One to impor",,,,,DDGS,[],"{'phones': [], 'emails': [], 'whatsapp': [], 'mpesa_paybill_or_till': []}",[],[],False,[],Auto-detected via DDGS search,Public data only - no ToS violations,"{'fake_contacts': False, 'numbered_name': False, 'unauthorized_group': False}"
Group,SKYWAVE ADVERTS> - Facebook,https://www.facebook.com/groups/1209168100409027/,,16,Likely Impersonator,False,,M Gas Compa Feb 19 Free files on Whatsapphttps://chat.whatsapp. com/I4rQpfU7znv7KN64UwKlzq Cesar Benitez Arce and 3 others 4 4 Vpn File Feb 19 https://chat.whatsapp. com/I4rQpfU7znv7KN64UwKlzq Mo Ses ,,,,,DDGS,[],"{'phones': [], 'emails': [], 'whatsapp': [], 'mpesa_paybill_or_till': []}",[],[],False,[],Auto-detected via DDGS search,Public data only - no ToS violations,"{'fake_contacts': False, 'numbered_name': False, 'unauthorized_group': False}"
Page,M-Gas - Need assistance with your M-Gas? Call us at 0800...,https://www.facebook.com/MGasKenya/posts/571958275586373/,,0,Low Risk/Unrelated,False,,"Need assistance with your M - Gas ? Call us at 0800 721 148, our dedicated customer care team is ready to support you every step of the way!...",,,,,DDGS,[],"{'phones': [], 'emails': [], 'whatsapp': [], 'mpesa_paybill_or_till': []}","['customer care', 'support']",[],False,[],Auto-detected via DDGS search,Public data only - no ToS violations,"{'fake_contacts': False, 'numbered_name': False, 'unauthorized_group': False}"
Page,M-Gas - Facebook M Gas Kenya - Facebook M-gas Company Kenya - Facebook M-GAS COMPANY LTD 0787813153 | Facebook M-Gas Kenya> - Facebook M-GAS KENYA LIMITED (0111944487) | Need assistance with your .....,https://www.facebook.com/MGasKenya/,,16,Likely Impersonator,False,,"M - Gas . 54,749 likes · 271 talking about this. M - Gas is changing lives by providing pay-as-you-go cooking gas to all Kenyans. M Gas Kenya May 13 Tumefungua Nanyuki!😁 Pata M-Gas yako leo and get a ",,,,,DDGS,[],"{'phones': ['0746447820', '0737559526', '0106926827', '0104778819', '0787813153', '0736965095', '0111944487'], 'emails': [], 'whatsapp': [], 'mpesa_paybill_or_till': []}","['customer care', 'support']","['0746447820', '0737559526', '0106926827', '0104778819', '0787813153', '0736965095', '0111944487', '0787813153', '0111944487']",False,[],Auto-detected via DDGS search,Public data only - no ToS violations,"{'fake_contacts': True, 'numbered_name': False, 'unauthorized_group': False}"
Page,Need assistance with your M-Gas? Call us at 0800 721 ...,https://www.facebook.com/MGasKenya/posts/need-assistance-with-your-m-gas-call-us-at-0800-721-148-our-dedicated-customer-c/571958275586373/,,0,Low Risk/Unrelated,False,,"Need assistance with your M-Gas ? Call us at 0800 721 148, our dedicated customer care team is ready to support you every step of the way!",,,,,DDGS,[],"{'phones': [], 'emails': [], 'whatsapp': [], 'mpesa_paybill_or_till': []}","['customer care', 'support']",[],False,[],Auto-detected via DDGS search,Public data only - no ToS violations,"{'fake_contacts': False, 'numbered_name': False, 'unauthorized_group': False}"
Group,Need assistance with your M-Gas? Call us,https://www.facebook.com/groups/957825675925241/posts/1123317796042694/,,16,Likely Impersonator,False,,"Need assistance with your M-Gas ? Call us at 0111944487,or Any inquiry of our services. our dedicated customer care team is ready to support ...",,,,,DDGS,[],"{'phones': ['0111944487'], 'emails': [], 'whatsapp': [], 'mpesa_paybill_or_till': []}","['customer care', 'support']",['0111944487'],False,[],Auto-detected via DDGS search,Public data only - no ToS violations,"{'fake_contacts': True, 'numbered_name': False, 'unauthorized_group': True}"
Page,"M-gas Masagana, Argas, Prycegas and Superkalan Shine LPG Tank Your safety is... - M-Gas Franchising Philippines | Facebook ATHIRIVER KITENGELA ONLINE MARKET | Airbnb Kitengela - Facebook Samuel Grenier, page publique | See I'm at the gas station ...",https://www.facebook.com/ArgasPrycegasMgasShinegasDealer/,,0,Low Risk/Unrelated,False,,"M - gas Masagana, Argas , Prycegas and Superkalan Shine LPG Tank. 1,802 likes · 1 talking about this. We deliver along NAIC CAVITE LPG SGAS ARGAS PRYCE GAS... Jan 31, 2022 · Your safety is EVERYTHING.",,,,,DDGS,[],"{'phones': [], 'emails': [], 'whatsapp': [], 'mpesa_paybill_or_till': []}",['authorized'],[],False,[],Auto-detected via DDGS search,Public data only - no ToS violations,"{'fake_contacts': False, 'numbered_name': False, 'unauthorized_group': False}"
Page,Your safety is... - M-Gas Franchising Philippines | Facebook,https://www.facebook.com/MGASFranchising/posts/your-safety-is-everything-a-friendly-reminder-to-only-buy-your-refills-from-auth/1014556045764181/,,16,Likely Impersonator,False,,"Jan 31, 2022 · Your safety is EVERYTHING. 💯 A friendly reminder to only buy your refills from authorized distributors to ensure your tanks are new, well maintained and...",,,,,DDGS,[],"{'phones': [], 'emails': [], 'whatsapp': [], 'mpesa_paybill_or_till': []}",['authorized'],[],False,[],Auto-detected via DDGS search,Public data only - no ToS violations,"{'fake_contacts': False, 'numbered_name': False, 'unauthorized_group': False}"
Group,M GAS LIPA MOS MOS AGENT NUMBER CALL OR WHATSAPP ...,https://www.facebook.com/groups/1135545828247507/,,16,Likely Impersonator,False,,M GAS LIPA MOS MOS AGENT NUMBER CALL OR WHATSAPP US ON 01034551594 > · Ukiwa na deposit ya 550/= Unapokea m-gas yako leo kila wiki utakua unalipia 35/= Ukiwa ...,,,,,DDGS,[],"{'phones': ['0103455159'], 'emails': [], 'whatsapp': [], 'mpesa_paybill_or_till': []}",['agent'],['0103455159'],False,[],Auto-detected via DDGS search,Public data only - no ToS violations,"{'fake_contacts': True, 'numbered_name': False, 'unauthorized_group': True}"
Group,M-GAS KENYA LTD AGENT CALL (0738002423/+ ...,https://www.facebook.com/groups/289318563672325/,,16,Likely Impersonator,False,,We Are Offering M-Gas (+254738286927). At A Minimum Deposit Of 550/= You Get A 13kgs Cylinder And Two Burners Gas Cooker. @highlight M-GAS KENYA LTD AGENT CALL ...,,,,,DDGS,[],"{'phones': ['+254738286927'], 'emails': [], 'whatsapp': [], 'mpesa_paybill_or_till': []}",['agent'],"['0738002423', '0738286927']",False,[],Auto-detected via DDGS search,Public data only - no ToS violations,"{'fake_contacts': True, 'numbered_name': False, 'unauthorized_group': True}"
Group,MAKATI JOB HIRING | Facebook,https://www.facebook.com/groups/743819387078940/,,0,Low Risk/Unrelated,False,,"☑️ Preferably with HR experience, but fresh graduates are welcome to apply ☑️ Proficient in MS Office Applications ☑️ Has excellent oral and written communication skills 📌 𝗕𝗢𝗢𝗞𝗞𝗘𝗘𝗣𝗘𝗥 ☑️ Accounting Gra",,,,,DDGS,[],"{'phones': [], 'emails': [], 'whatsapp': [], 'mpesa_paybill_or_till': []}",[],[],False,[],Auto-detected via DDGS search,Public data only - no ToS violations,"{'fake_contacts': False, 'numbered_name': False, 'unauthorized_group': False}"
Page,Amos Orwa - Let's get some gas for Kanicy Kamwaosh to make ...,https://www.facebook.com/Saintamoe/posts/10230992789819396/,,16,Likely Impersonator,False,,1 day ago · Let's get some gas for Kanicy Kamwaosh to make some porridge for her child. Ongwae Kerubo Dee please refill her M-gas account . #TeamOrwa,,,,,DDGS,[],"{'phones': [], 'emails': [], 'whatsapp': [], 'mpesa_paybill_or_till': []}",[],[],False,[],Auto-detected via DDGS search,Public data only - no ToS violations,"{'fake_contacts': False, 'numbered_name': False, 'unauthorized_group': False}"
Page,We are Hiring M-Gas is seeking motivated and dynamic ...,https://www.facebook.com/MGasKenya/posts/we-are-hiring-m-gas-is-seeking-motivated-and-dynamic-individuals-in-nairobi-regi/688151853967014/,,0,Low Risk/Unrelated,False,,... ://mgas.ke/ careers / or Job Links: https://mgas. seamlesshiring.com/h/advanced#/jobs and apply. mgas.ke. Careers | M-Gas . 3 mos. Evans Opiyo.,,,,,DDGS,[],"{'phones': [], 'emails': [], 'whatsapp': [], 'mpesa_paybill_or_till': []}",[],[],False,[],Auto-detected via DDGS search,Public data only - no ToS violations,"{'fake_contacts': False, 'numbered_name': False, 'unauthorized_group': False}"
Page,We are Hiring M-Gas is seeking motivated and dynamic ...,https://www.facebook.com/MGasKenya/posts/we-are-hiringm-gas-is-seeking-motivated-and-dynamic-individuals-in-nairobi-regio/647850331330500/,,16,Likely Impersonator,False,,"Hello Serge Pk Ibaaka, regularly check our website page at: https://mgas.ke/ under the Careers tab for the latest job openings! mgas.ke. M-Gas | ...",,,,,DDGS,[],"{'phones': [], 'emails': [], 'whatsapp': [], 'mpesa_paybill_or_till': []}",[],[],False,[],Auto-detected via DDGS search,Public data only - no ToS violations,"{'fake_contacts': False, 'numbered_name': False, 'unauthorized_group': False}"
Page,"End of June Promo‼️ For every 1 tank of 11kg M-gas, you will ...",https://www.facebook.com/61573549531758/posts/end-of-june-promo️for-every-1-tank-of-11kg-m-gas-you-will-get-a-free-350ml-of-di/122135078354784984/,,16,Likely Impersonator,False,,"End of June Promo ‼️ For every 1 tank of 11kg M-gas , you will get a free 350ml of Dishwashing Liquid. Promo runs until supplies last. Contact# (0998) 543 0916 ...",,,,,DDGS,[],"{'phones': [], 'emails': [], 'whatsapp': [], 'mpesa_paybill_or_till': []}",['promo'],[],False,[],Auto-detected via DDGS search,Public data only - no ToS violations,"{'fake_contacts': False, 'numbered_name': False, 'unauthorized_group': False}"
Group,ENJOY COOKING WITH M~GAS💥 ✅️Deposit 550 shillings ...,https://www.facebook.com/groups/878566720242965/posts/1526146258818338/,,16,Likely Impersonator,False,,... M-GAS M -GAS AFFORDABLE LPG You decide how much to spend. miGas ... SUN KING OFFICE LINE * 09164224523 PROMO ! PROMO !! PROMO ...,,,,,DDGS,[],"{'phones': ['0916422452'], 'emails': [], 'whatsapp': [], 'mpesa_paybill_or_till': []}",['promo'],['0916422452'],False,[],Auto-detected via DDGS search,Public data only - no ToS violations,"{'fake_contacts': True, 'numbered_name': False, 'unauthorized_group': False}"
Page,M-GAS Special offers - Facebook,https://www.facebook.com/events/526583930140239/,,16,Likely Impersonator,False,,Details Enjoy Quality Cooking Services From M - Gas :0752611017 at a minimum deposit Of 550/= Weekly Charges Of 35/= for 9mths Click On The Logo To View More Of Our Products M - gas Kenya Limited Call,,,,,DDGS,[],"{'phones': ['0752611017', '0752611017', '0101447717'], 'emails': [], 'whatsapp': [], 'mpesa_paybill_or_till': []}",[],"['0752611017', '0752611017', '0101447717']",False,[],Auto-detected via DDGS search,Public data only - no ToS violations,"{'fake_contacts': True, 'numbered_name': False, 'unauthorized_group': False}"
Group,Kenyan 254 market Buy and sell | Facebook,https://www.facebook.com/groups/913544077590514/,,16,Likely Impersonator,False,,Clinton Okumu Jan 3 💥FESTIVE SEASON OFFERS 💥 M - GAS KENYA PIKA BILA STRESS ..⭐CALL US 0762880299 ⭐WHATSAPP🔥0762880299 SAFARICOM M GAS IS A SAFARICOM SPONSORED GAS ️ M GAS DEPOSIT 550KSH COMES WITH ME,,,,,DDGS,[],"{'phones': ['0762880299', '0762880299'], 'emails': [], 'whatsapp': [], 'mpesa_paybill_or_till': []}",[],"['0762880299', '0762880299']",False,[],Auto-detected via DDGS search,Public data only - no ToS violations,"{'fake_contacts': True, 'numbered_name': False, 'unauthorized_group': False}"
Page,Look who’s happy! Our M-GAS 1st Anniver-saya Giveaway GRAND ...,https://www.facebook.com/mgaswincytrading/videos/look-whos-happy-our-m-gas-1st-anniver-saya-giveaway-grand-prize-winner-just-clai/329821892213407/,,16,Likely Impersonator,False,,"‘Til our next pa giveaway ! For queries and deliveries, contact us at (Smart) 0949 148 3732 (Globe) 0927 495 5245 Or visit us at Mgas Wincy Trading, San Nicolas, Baao, Camarines Sur.",,,,,DDGS,[],"{'phones': [], 'emails': [], 'whatsapp': [], 'mpesa_paybill_or_till': []}",[],[],True,[],Auto-detected via DDGS search,Public data only - no ToS violations,"{'fake_contacts': False, 'numbered_name': True, 'unauthorized_group': False}"
Page,Just got lucky! Our Merry Christ-Manalo Giveaway 1st Prize ...,https://www.facebook.com/mgaswincytrading/videos/just-got-lucky-our-merry-christ-manalo-giveaway-1st-prize-category-1-winner-uses/621714182418819/,,0,Low Risk/Unrelated,False,,"Jan 25, 2022 · Our Merry Christ-Manalo Giveaway 1st Prize Category 1 winner uses his M - Gas 2.7kgs for his siomai business. Para sa marami pang siomai na lulutuin! Congratulations, Sir Jessie! Very a",,,,,DDGS,[],"{'phones': [], 'emails': [], 'whatsapp': [], 'mpesa_paybill_or_till': []}",[],[],False,[],Auto-detected via DDGS search,Public data only - no ToS violations,"{'fake_contacts': False, 'numbered_name': False, 'unauthorized_group': False}"
Page,M-Gas - Need assistance with your M-Gas? Call us at 0800...,https://www.facebook.com/MGasKenya/posts/571958275586373/,,0,Low Risk/Unrelated,False,,"Need assistance with your M - Gas ? Call us at 0800 721 148, our dedicated customer care team is ready to support you every step of the way!...",,,,,DDGS,[],"{'phones': [], 'emails': [], 'whatsapp': [], 'mpesa_paybill_or_till': []}","['customer care', 'support']",[],False,[],Auto-detected via DDGS search,Public data only - no ToS violations,"{'fake_contacts': False, 'numbered_name': False, 'unauthorized_group': False}"
Page,M-Gas - Facebook M-gas Company Kenya - Facebook M Gas Kenya - Facebook M-GAS COMPANY LTD 0787813153 | Facebook M-GAS COMPANY 0787813153 - Facebook M-GAS KENYA LIMITED (0111944487) | Need assistance with your .....,https://www.facebook.com/MGasKenya/,,16,Likely Impersonator,False,,"M - Gas . 54,749 likes · 271 talking about this. M - Gas is changing lives by providing pay-as-you-go cooking gas to all Kenyans. ilikupokea huduma za M - Gas ama tupigie Simu kupitia CUSTOMER CARE NU",,,,,DDGS,[],"{'phones': ['0106926827', '0104778819', '0746447820', '0737559526', '0787813153', '0111944487'], 'emails': [], 'whatsapp': [], 'mpesa_paybill_or_till': []}","['customer care', 'support']","['0106926827', '0104778819', '0746447820', '0737559526', '0787813153', '0111944487', '0787813153', '0787813153', '0111944487']",False,[],Auto-detected via DDGS search,Public data only - no ToS violations,"{'fake_contacts': True, 'numbered_name': False, 'unauthorized_group': False}"
Page,Southern Gas Corporation Mindoro Branch | Calapan - Facebook Albay Gas Corporation - Facebook MGAS - Welcome to the Official Page of M-GAS TAYTAY! We ... M-Gas Franchising Philippines - Facebook M.Gas Heating & Plumbing | Oldbury - Facebook MGAS CUSTOMER SUPPORT - Facebook We are built and ready to support... - Alacrity Solutions,https://www.facebook.com/OrMinIslandGas/,,0,Low Risk/Unrelated,False,,"Thank you for the trust and support , mr. Ritchard! We are here to support you throughout your M-GAS Journey. We are still open here in Calapan Oriental Mindoro be the first franshisee here in Calapan",,,,,DDGS,[],"{'phones': [], 'emails': [], 'whatsapp': [], 'mpesa_paybill_or_till': []}","['official', 'authorized', 'support']",[],False,[],Auto-detected via DDGS search,Public data only - no ToS violations,"{'fake_contacts': False, 'numbered_name': False, 'unauthorized_group': False}"
Page,Albay Gas Corporation - Facebook MGAS - Welcome to the Official Page of M-GAS TAYTAY! We ... M-Gas Franchising Philippines - Facebook M.Gas Heating & Plumbing | Oldbury - Facebook MGAS CUSTOMER SUPPORT - Facebook We are built and ready to support... - Alacrity Solutions,https://www.facebook.com/100063718218905/,,16,Likely Impersonator,False,,"Jun 10, 2021 · M-Gas Franchising Philippines Mar 22, 2021 Ms. Irma Gonzales has been an authorized reseller of Island Gas for years and last year, she decided to franchise M-GAS in Polangui, Albay. Th",,,,,DDGS,[],"{'phones': [], 'emails': [], 'whatsapp': [], 'mpesa_paybill_or_till': []}","['official', 'authorized', 'support']",[],False,[],Auto-detected via DDGS search,Public data only - no ToS violations,"{'fake_contacts': False, 'numbered_name': False, 'unauthorized_group': False}"
Page,"M-gas Masagana, Argas, Prycegas and Superkalan Shine LPG Tank Your safety is... - M-Gas Franchising Philippines | Facebook We offer gas bottle refills & exchange... - Mica Durban North ... Fast AC/Refrigerator repairs&gas refills - Facebook Need gas? At Builders, we offer gas refill and exchange ... Does anyone refill gas bottles in town - Facebook Hip2Save - 64 ounces, $19.99 + $1.79 refills at my gas...",https://www.facebook.com/ArgasPrycegasMgasShinegasDealer/,,0,Low Risk/Unrelated,False,,"M - gas Masagana, Argas, Prycegas and Superkalan Shine LPG Tank. 1,802 likes · 1 talking about this. We deliver along NAIC CAVITE LPG SGAS ARGAS PRYCE GAS... Jan 31, 2022 · Your safety is EVERYTHING. ",,,,,DDGS,[],"{'phones': [], 'emails': [], 'whatsapp': [], 'mpesa_paybill_or_till': []}",['authorized'],[],False,[],Auto-detected via DDGS search,Public data only - no ToS violations,"{'fake_contacts': False, 'numbered_name': False, 'unauthorized_group': False}"
Page,Your safety is... - M-Gas Franchising Philippines | Facebook,https://www.facebook.com/MGASFranchising/posts/your-safety-is-everything-a-friendly-reminder-to-only-buy-your-refills-from-auth/1014556045764181/,,16,Likely Impersonator,False,,"Jan 31, 2022 · Your safety is EVERYTHING. 💯 A friendly reminder to only buy your refills from authorized distributors to ensure your tanks are new, well maintained and...",,,,,DDGS,[],"{'phones': [], 'emails': [], 'whatsapp': [], 'mpesa_paybill_or_till': []}",['authorized'],[],False,[],Auto-detected via DDGS search,Public data only - no ToS violations,"{'fake_contacts': False, 'numbered_name': False, 'unauthorized_group': False}"
Page,SAFARICOM M-GAS AGENT - Facebook,https://www.facebook.com/safaricommgasagent/,,0,Low Risk/Unrelated,False,,SAFARICOM M - GAS AGENT is on Facebook. Join Facebook to connect with SAFARICOM M - GAS AGENT and others you may know. Facebook gives people the power to...,,,,,DDGS,[],"{'phones': [], 'emails': [], 'whatsapp': [], 'mpesa_paybill_or_till': []}",['agent'],[],False,[],Auto-detected via DDGS search,Public data only - no ToS violations,"{'fake_contacts': False, 'numbered_name': False, 'unauthorized_group': False}"
Page,M-GAS Kenya LTD Agent Call 0103676804 | Westlands - Facebook,https://www.facebook.com/61552820712644/,,16,Likely Impersonator,False,,"M - GAS Kenya LTD Agent Call 0103676804, Westlands. 14 likes · 161 talking about this. Home Businesses",,,,,DDGS,[],"{'phones': ['0103676804'], 'emails': [], 'whatsapp': [], 'mpesa_paybill_or_till': []}",['agent'],"['0103676804', '0103676804']",False,[],Auto-detected via DDGS search,Public data only - no ToS violations,"{'fake_contacts': True, 'numbered_name': False, 'unauthorized_group': False}"
Group,MAKATI JOB HIRING | Facebook,https://www.facebook.com/groups/743819387078940/,,0,Low Risk/Unrelated,False,,"☑️ Preferably with HR experience, but fresh graduates are welcome to apply ☑️ Proficient in MS Office Applications ☑️ Has excellent oral and written communication skills 📌 𝗕𝗢𝗢𝗞𝗞𝗘𝗘𝗣𝗘𝗥 ☑️ Accounting Gra",,,,,DDGS,[],"{'phones': [], 'emails': [], 'whatsapp': [], 'mpesa_paybill_or_till': []}",[],[],False,[],Auto-detected via DDGS search,Public data only - no ToS violations,"{'fake_contacts': False, 'numbered_name': False, 'unauthorized_group': False}"
Page,Amos Orwa - Let's get some gas for Kanicy Kamwaosh to make ...,https://www.facebook.com/Saintamoe/posts/10230992789819396/,,16,Likely Impersonator,False,,1 day ago · Let's get some gas for Kanicy Kamwaosh to make some porridge for her child. Ongwae Kerubo Dee please refill her M-gas account . #TeamOrwa,,,,,DDGS,[],"{'phones': [], 'emails': [], 'whatsapp': [], 'mpesa_paybill_or_till': []}",[],[],False,[],Auto-detected via DDGS search,Public data only - no ToS violations,"{'fake_contacts': False, 'numbered_name': False, 'unauthorized_group': False}"
Page,"M-Gas - We're hiring! To apply, visit our careers website...",https://www.facebook.com/MGasKenya/posts/were-hiring-to-apply-visit-our-careers-website-or-click-on-the-link-httpscareers/250210607761143/,,16,Likely Impersonator,False,,"Jul 10, 2023 · We're hiring! To apply, visit our careers website or click on the link https:// careers . mgas .ke/ #FurahiaUpishiWako #cleancooking #affordablecooking #MGas",,,,,DDGS,[],"{'phones': [], 'emails': [], 'whatsapp': [], 'mpesa_paybill_or_till': []}",[],[],False,[],Auto-detected via DDGS search,Public data only - no ToS violations,"{'fake_contacts': False, 'numbered_name': False, 'unauthorized_group': False}"
Page,"M-Gas - Facebook M-Gas - We're hiring in Kangemi! To apply, visit our careers ... M-GAS COMPANY LTD 0787813153 | We're hiring! To apply, visit ... Samuel Namunga - We're hiring in Kakamega! To apply, visit... Lawyers Rule!! (Original) | https://careers.mgas.ke/careers ... Ndarugu Ward United Forum | https://careers.mgas.ke/careers ...",https://www.facebook.com/MGasKenya/,,16,Likely Impersonator,False,,"M - Gas . 54,749 likes · 271 talking about this. M - Gas is changing lives by providing pay-as-you-go cooking gas to all Kenyans. Jul 17, 2023 · We're hiring in Kangemi! To apply, visit our careers we",,,,,DDGS,[],"{'phones': [], 'emails': [], 'whatsapp': [], 'mpesa_paybill_or_till': []}",[],['0787813153'],False,[],Auto-detected via DDGS search,Public data only - no ToS violations,"{'fake_contacts': True, 'numbered_name': False, 'unauthorized_group': False}"
Group,M-GAS KENYA LIMITED CALL (0784860605) | ANGUKIA OFFERS ZA # ...,https://www.facebook.com/groups/653145767783316/posts/709698335461392/,,16,Likely Impersonator,False,,"ANGUKIA OFFERS ZA # MGAS . DEPOSIT, (1) burners 550 shillings (2) Weekly Installment 35Bob. CALL US TODAY...",,,,,DDGS,[],"{'phones': [], 'emails': [], 'whatsapp': [], 'mpesa_paybill_or_till': []}",[],['0784860605'],False,[],Auto-detected via DDGS search,Public data only - no ToS violations,"{'fake_contacts': True, 'numbered_name': False, 'unauthorized_group': True}"
Group,MGAS MKOPO 0106948302 | @highlight offer offers ... - Facebook,https://www.facebook.com/groups/781287047215225/posts/1024560116221249/,,16,Likely Impersonator,False,,"@highlight offer offers with only 550 tunakuletea MGAS mpaka nyumbani, call or WhatsApp us on 0106948302 utakua ukilipia 25 per day order today and...",,,,,DDGS,[],"{'phones': ['0106948302'], 'emails': [], 'whatsapp': [], 'mpesa_paybill_or_till': []}",[],"['0106948302', '0106948302']",False,[],Auto-detected via DDGS search,Public data only - no ToS violations,"{'fake_contacts': True, 'numbered_name': False, 'unauthorized_group': True}"
Group,ANOTHER GIVEAWAY CHALLENGE! 🎉 Want ...,https://www.facebook.com/groups/844685979256352/posts/2667103730347892/,,16,Likely Impersonator,False,,"ANOTHER GIVEAWAY CHALLENGE! Want to WIN a ... ANOTHER GIVEAWAY CHALLENGE! Want to WIN ... M-GAS KENYA LIMITED COMPANY, Mercy Abungu, Jonathan G.",,,,,DDGS,[],"{'phones': [], 'emails': [], 'whatsapp': [], 'mpesa_paybill_or_till': []}",[],[],False,[],Auto-detected via DDGS search,Public data only - no ToS violations,"{'fake_contacts': False, 'numbered_name': False, 'unauthorized_group': False}"
Group,M GAS KENYA PIKA BILA STRESS CALL US or ...,https://www.facebook.com/groups/1006090580858866/posts/1414235310044389/,,16,Likely Impersonator,False,,M GAS KENYA PIKA BILA STRESS CALL US or WHATSAPP + ... Ellen DeGeneres giveaway profile picture. Ellen DeGeneres giveaway . 5d ...,,,,,DDGS,[],"{'phones': [], 'emails': [], 'whatsapp': [], 'mpesa_paybill_or_till': []}",[],[],False,[],Auto-detected via DDGS search,Public data only - no ToS violations,"{'fake_contacts': False, 'numbered_name': False, 'unauthorized_group': True}"
Group,Need assistance with your M-Gas? Call us,https://www.facebook.com/groups/957825675925241/posts/1123317796042694/,,16,Likely Impersonator,False,,... customer care team is ready to support you every step of the way ... M-GAS KENYA LIMITED (0752611017) | Need assistance with your M ...,,,,,DDGS,[],"{'phones': ['0752611017'], 'emails': [], 'whatsapp': [], 'mpesa_paybill_or_till': []}","['customer care', 'support']",['0752611017'],False,[],Auto-detected via DDGS search,Public data only - no ToS violations,"{'fake_contacts': True, 'numbered_name': False, 'unauthorized_group': True}"
Group,Need assistance with your M-Gas? Call us at 0780683 ...,https://www.facebook.com/groups/1441100829930644/posts/1552119652162094/,,16,Likely Impersonator,False,,... customer care team is ready to support you every ... M-GAS KENYA LIMITED (0113986554) | Need ... our dedicated customer care team is ready to support you every ...,,,,,DDGS,[],"{'phones': ['0113986554'], 'emails': [], 'whatsapp': [], 'mpesa_paybill_or_till': []}","['customer care', 'support']",['0113986554'],False,[],Auto-detected via DDGS search,Public data only - no ToS violations,"{'fake_contacts': True, 'numbered_name': False, 'unauthorized_group': True}"
Group,MGAS KENYA QUICK RESPONSE CUSTOMER SUPPORT - Facebook,https://www.facebook.com/groups/3644210639219066/,,16,Likely Impersonator,False,,"MGAS KENYA QUICK RESPONSE CUSTOMER SUPPORT > Public group · 28 members Join group About this group If you are unable to locate my message, kindly use WhatsApp +1 (939) 234-8342 and send me a private m",,,,,DDGS,[],"{'phones': [], 'emails': [], 'whatsapp': [], 'mpesa_paybill_or_till': []}",['support'],[],False,[],Auto-detected via DDGS search,Public data only - no ToS violations,"{'fake_contacts': False, 'numbered_name': False, 'unauthorized_group': True}"
Page,MGAS CUSTOMER SUPPORT - Facebook,https://www.facebook.com/mgas.kenya.care/,,0,Low Risk/Unrelated,False,,MGAS CUSTOMER SUPPORT is on Facebook. Join Facebook to connect with MGAS CUSTOMER SUPPORT and others you may know. Facebook gives people the power to...,,,,,DDGS,[],"{'phones': [], 'emails': [], 'whatsapp': [], 'mpesa_paybill_or_till': []}",['support'],[],False,[],Auto-detected via DDGS search,Public data only - no ToS violations,"{'fake_contacts': False, 'numbered_name': False, 'unauthorized_group': False}"
Group,ATHIRIVER KITENGELA ONLINE MARKET | Airbnb Kitengela - Facebook,https://www.facebook.com/groups/Athiriver/posts/24569357419366624/,,0,Low Risk/Unrelated,False,,"Aug 31, 2025 · - Pressure pump refills the top tank automatically. - Reliable water supply available 24/7. - Common perimeter electric fence. - Security lights all round the compound.# kenya #sabaki#l",,,,,DDGS,[],"{'phones': [], 'emails': [], 'whatsapp': [], 'mpesa_paybill_or_till': []}",['official'],[],False,[],Auto-detected via DDGS search,Public data only - no ToS violations,"{'fake_contacts': False, 'numbered_name': False, 'unauthorized_group': False}"
Page,M-GAS Kenya LTD Agent Call 0103676804 | Westlands - Facebook,https://www.facebook.com/61552820712644/,,16,Likely Impersonator,False,,"M - GAS Kenya LTD Agent Call 0103676804, Westlands. 14 likes · 161 talking about this. Home Businesses",,,,,DDGS,[],"{'phones': ['0103676804'], 'emails': [], 'whatsapp': [], 'mpesa_paybill_or_till': []}",['agent'],"['0103676804', '0103676804']",False,[],Auto-detected via DDGS search,Public data only - no ToS violations,"{'fake_contacts': True, 'numbered_name': False, 'unauthorized_group': False}"
Group,KENYAN ENTREPRENEURS IN DIASPORA | M GAS KENYA ... - Facebook,https://www.facebook.com/groups/1478775132392868/posts/3920559111547779/,,16,Likely Impersonator,False,,M GAS KENYA PIKA KILA WAKATI...CALL. AGENT JIMMY CLIFF☎️..0100136093 SAFARICOM M GAS IS A SAFARICOM SPONSORED GAS ️ M GAS DEPOSIT 550 KSH COMES WITH...,,,,,DDGS,[],"{'phones': ['0100136093'], 'emails': [], 'whatsapp': [], 'mpesa_paybill_or_till': []}",['agent'],['0100136093'],False,[],Auto-detected via DDGS search,Public data only - no ToS violations,"{'fake_contacts': True, 'numbered_name': False, 'unauthorized_group': True}"
Group,NAKURU BUYING AND SELLING LEGIT SECOND HAND ITEMS ... - Facebook,https://www.facebook.com/groups/758358989008652/posts/1330249241819621/,,16,Likely Impersonator,False,,"1 hr Kuhana Atia Hii sio hiyo kabarabara kanatokea main ya naiswet 1 hr 1 Kibet Terer Torkotin Lakini hata watu wanaharibu barabara now days, unapata mtu mwenye ako site ya chini mahali maji inafaa ku",,,,,DDGS,[],"{'phones': [], 'emails': [], 'whatsapp': [], 'mpesa_paybill_or_till': []}",[],[],False,[],Auto-detected via DDGS search,Public data only - no ToS violations,"{'fake_contacts': False, 'numbered_name': False, 'unauthorized_group': False}"
Group,Tvs and accessories | Heavy duty and industrial use Italian ...,https://www.facebook.com/groups/243925403509550/posts/1458213798747365/,,16,Likely Impersonator,False,,"M - GAS KENYA LIMITED 0784 920818 ️𝐃𝐞𝐩𝐨𝐬𝐢𝐲 𝐊𝐬𝐡.550/= ️𝐖𝐞𝐞𝐤𝐥𝐲 𝐊𝐬𝐡.35/= ️𝐓𝐰𝐨 𝐖𝐞𝐞𝐤𝐬 𝐅𝐫𝐞𝐞 𝐔𝐬𝐚𝐠𝐞 ️𝐅𝐫𝐞𝐞 𝐓-𝐒𝐡𝐢𝐫𝐭,𝐔𝐦𝐛𝐫𝐞𝐥𝐥𝐚, & 𝐋𝐢𝐪𝐮𝐢𝐝 𝐒𝐨𝐚𝐩",,,,,DDGS,[],"{'phones': [], 'emails': [], 'whatsapp': [], 'mpesa_paybill_or_till': []}",[],['0784920818'],False,[],Auto-detected via DDGS search,Public data only - no ToS violations,"{'fake_contacts': True, 'numbered_name': False, 'unauthorized_group': False}"
Page,"M-Gas - Facebook M-Gas - We're hiring! To apply, visit our careers ... - Facebook M-Gas - We're hiring in Kangemi! To apply, visit our careers ... Sharon Gas Profiles - Facebook",https://www.facebook.com/MGasKenya/,,0,Low Risk/Unrelated,False,,"ke/ careers /Job Links: https://mgas.seamlesshiring. com/h/advanced#/jobs Nickens Nickens and 150 others 151 94 M- Gas Jul 10 Pika smart na M - Gas clean, safe, na perfect kwa kila meal. For more info",,,,,DDGS,[],"{'phones': [], 'emails': [], 'whatsapp': [], 'mpesa_paybill_or_till': []}",[],[],False,[],Auto-detected via DDGS search,Public data only - no ToS violations,"{'fake_contacts': False, 'numbered_name': False, 'unauthorized_group': False}"
Page,"M-Gas - We're hiring! To apply, visit our careers ... - Facebook",https://www.facebook.com/MGasKenya/photos/were-hiring-to-apply-visit-our-careers-website-or-click-on-the-link-httpscareers/250210587761145/,,16,Likely Impersonator,False,,"Jul 10, 2023 · We're hiring! To apply, visit our careers website or click on the link https:// careers .mgas.ke/ #FurahiaUpishiWako #cleancooking #affordablecooking #MGas",,,,,DDGS,[],"{'phones': [], 'emails': [], 'whatsapp': [], 'mpesa_paybill_or_till': []}",[],[],False,[],Auto-detected via DDGS search,Public data only - no ToS violations,"{'fake_contacts': False, 'numbered_name': False, 'unauthorized_group': False}"
Page,Modern COAST ltd,https://www.facebook.com/people/Modern-COAST-ltd/100092931717354/,,16,Likely Impersonator,False,,Let them use promo code D7948150 when booking. NAIROBI ➡KIGALI daily ... Mgas Ke and 2 others · . 3 · · Modern COAST ltd profile picture. Modern COAST ...,,,,,DDGS,[],"{'phones': [], 'emails': [], 'whatsapp': [], 'mpesa_paybill_or_till': []}",['promo'],[],False,[],Auto-detected via DDGS search,Public data only - no ToS violations,"{'fake_contacts': False, 'numbered_name': False, 'unauthorized_group': False}"
Page,Book your ticket know according to you ability. .NBVip class ...,https://m.facebook.com/100092931717354/posts/book-your-ticket-know-according-to-you-abilitynbvip-class-fares-will-vary-accord/106227452468613/,,16,Likely Impersonator,False,,Let them use promo code D7948150 when booking. NAIROBI ➡KIGALI ... Mgas Ke and 2 others · . 3 · . Related Pages. Mogo loan motorcycle ...,,,,,DDGS,[],"{'phones': [], 'emails': [], 'whatsapp': [], 'mpesa_paybill_or_till': []}",['promo'],[],False,[],Auto-detected via DDGS search,Public data only - no ToS violations,"{'fake_contacts': False, 'numbered_name': False, 'unauthorized_group': False}"
Page,Huge moving sale. Make offers - Facebook,https://www.facebook.com/marketplace/item/1056932299939082/,,16,Likely Impersonator,False,,Please dm for prices and or make offer - all must go! Thanks for looking shoes are new size 11 women - $40 Wall art make offers Round wood Table $60 All Asian statues are $20 and up or take all...,,,,,DDGS,[],"{'phones': [], 'emails': [], 'whatsapp': [], 'mpesa_paybill_or_till': []}",[],[],False,[],Auto-detected via DDGS search,Public data only - no ToS violations,"{'fake_contacts': False, 'numbered_name': False, 'unauthorized_group': False}"
Page,Must Sell - Make Offers - Facebook,https://www.facebook.com/commerce/listing/1305861917875215/,,16,Likely Impersonator,False,,"$1 per item · In Stock Listed on Friday in Garden City, MO Description Make offers Must pick up in Garden City MO this weekend CASH ONLY More items in separate listing",,,,,DDGS,[],"{'phones': [], 'emails': [], 'whatsapp': [], 'mpesa_paybill_or_till': []}",[],[],False,[],Auto-detected via DDGS search,Public data only - no ToS violations,"{'fake_contacts': False, 'numbered_name': False, 'unauthorized_group': False}"
Page,Mgas Upishi Smart Ke - Facebook,https://www.facebook.com/people/Mgas-Upishi-Smart-Ke/61559184901854/,,16,Likely Impersonator,False,,"Nov 22, 2024 · to serve you. For any customer service needs, call us on our toll- free Customer Care number at 0105 004775 chat with us on WhatsApp at 0106 791056 or email us at customercare @ mgas .k",,,,,DDGS,[],"{'phones': [], 'emails': [], 'whatsapp': [], 'mpesa_paybill_or_till': []}",['customer care'],"['0105004775', '0106791056']",False,[],Auto-detected via DDGS search,Public data only - no ToS violations,"{'fake_contacts': True, 'numbered_name': False, 'unauthorized_group': False}"
Page,"M-Gas - Facebook M-Gas - Tumefika Kitengela! You can now get to enjoy... Mgas Upishi Smart - Facebook M-Gas - Pika smart na M-Gas clean, safe, na perfect kwa ... M-gas Kenyan - Facebook",https://www.facebook.com/MGasKenya/,,16,Likely Impersonator,False,,mgas .ke M - Gas Aug 15 Are you passionate about creating sustainable impact and driving results ? We’re looking for enthusiastic personnel to join our growing team! What You’ll Do: Pitch and sell our,,,,,DDGS,[],"{'phones': ['0800721148', '0105004775', '0106252780'], 'emails': [], 'whatsapp': [], 'mpesa_paybill_or_till': []}",['customer care'],"['0800721148', '0105004775', '0106252780', '0102975224']",False,[],Auto-detected via DDGS search,Public data only - no ToS violations,"{'fake_contacts': True, 'numbered_name': False, 'unauthorized_group': False}"
Page,Alga cloth | Tanda - Facebook,https://www.facebook.com/61566467623470/,,0,Low Risk/Unrelated,False,,"Nov 13, 2024 · cleaning agent , has been used in households and industries for years. However, its applications go far beyond the confines of home cleaning. With its ability to kill bacteria, fight fu",,,,,DDGS,[],"{'phones': [], 'emails': [], 'whatsapp': [], 'mpesa_paybill_or_till': []}",['agent'],[],False,[],Auto-detected via DDGS search,Public data only - no ToS violations,"{'fake_contacts': False, 'numbered_name': False, 'unauthorized_group': False}"
Page,Skyland Net Management | Semarang - Facebook Launcher - Facebook,https://www.facebook.com/skylandteam/,,0,Low Risk/Unrelated,False,,"Aug 1, 2024 · Skyland Net Management, Semarang. 4,723 likes · 1 talking about this · 228 were here. Semarang Jl. Durian Raya 73.Banyumanik Jl. Arteri soekarno hatta no7 Jl. Keludraya no10 Pemalang Jl ",,,,,DDGS,[],"{'phones': [], 'emails': [], 'whatsapp': [], 'mpesa_paybill_or_till': []}",['agent'],[],False,[],Auto-detected via DDGS search,Public data only - no ToS violations,"{'fake_contacts': False, 'numbered_name': False, 'unauthorized_group': False}"
Page,"M-Gas - Facebook M-Gas - We're hiring! To apply, visit our careers ... - Facebook M-GAS COMPANY LTD 0787813153 | We're hiring! To apply, visit ... M-Gas - We're hiring in Kangemi! To apply, visit our careers ... Lawyers Rule!! (Original) | https://careers.mgas.ke/careers ... Ndarugu Ward United Forum | https://careers.mgas.ke/careers ...",https://www.facebook.com/MGasKenya/,,16,Likely Impersonator,False,,mgas .ke M- Gas Aug 15 Are you passionate about creating sustainable impact and driving results ? We’re looking for enthusiastic personnel to join our growing team! What You’ll Do: Pitch and sell our ,,,,,DDGS,[],"{'phones': [], 'emails': [], 'whatsapp': [], 'mpesa_paybill_or_till': []}",[],['0787813153'],False,[],Auto-detected via DDGS search,Public data only - no ToS violations,"{'fake_contacts': True, 'numbered_name': False, 'unauthorized_group': False}"
Page,"M-Gas - We're hiring! To apply, visit our careers ... - Facebook",https://www.facebook.com/MGasKenya/photos/were-hiring-to-apply-visit-our-careers-website-or-click-on-the-link-httpscareers/250210587761145/,,16,Likely Impersonator,False,,"Jul 10, 2023 · We're hiring! To apply, visit our careers website or click on the link https:// careers . mgas . ke / #FurahiaUpishiWako #cleancooking #affordablecooking #MGas",,,,,DDGS,[],"{'phones': [], 'emails': [], 'whatsapp': [], 'mpesa_paybill_or_till': []}",[],[],False,[],Auto-detected via DDGS search,Public data only - no ToS violations,"{'fake_contacts': False, 'numbered_name': False, 'unauthorized_group': False}"
Group,Jikokoa and kuniokoa Kenya supply | #PROMO!..PROMO!!..PROMO,https://www.facebook.com/groups/1202896060426633/posts/1321237625259142/,,16,Likely Impersonator,False,,"Jan 8, 2024 · Josline Esendi 6d Ni ya leo 🤌Mgas kenya imekuja na offer kibao Ukiwa na deposit ya 550 pekee tunakupea gas pamoja na 13kg clynder uwe ukijilipia 25per day for 12 months Offer offer Free ",,,,,DDGS,[],"{'phones': ['0780346507'], 'emails': [], 'whatsapp': [], 'mpesa_paybill_or_till': []}",[],['0780346507'],False,[],Auto-detected via DDGS search,Public data only - no ToS violations,"{'fake_contacts': True, 'numbered_name': False, 'unauthorized_group': False}"
Group,MGAS MKOPO 0106948302 | @highlight offer offers ... - Facebook,https://www.facebook.com/groups/781287047215225/posts/1024560116221249/,,16,Likely Impersonator,False,,@highlight Ni ya leo 🤌Mgas kenya imekuja na offer kibao Ukiwa na deposit ya 550 pekee tunakupea gas pamoja na 13kg clynder uwe ukijilipia 25per day for 12 months Offer offer Free tshirt Free umbrella ,,,,,DDGS,[],"{'phones': ['0106948302'], 'emails': [], 'whatsapp': [], 'mpesa_paybill_or_till': []}",[],"['0106948302', '0106948302']",False,[],Auto-detected via DDGS search,Public data only - no ToS violations,"{'fake_contacts': True, 'numbered_name': False, 'unauthorized_group': True}"
Group,MGAS MKOPO 0106948302 | offer offers with only 550 ... - Facebook,https://www.facebook.com/groups/781287047215225/posts/1025831539427440/,,16,Likely Impersonator,False,,"offer offers with only 550 tunakuletea MGAS mpaka nyumbani, call or WhatsApp us on 0106948302 utakua ukilipia 25 per day order today and enjoy free. 1,...",,,,,DDGS,[],"{'phones': ['0106948302'], 'emails': [], 'whatsapp': [], 'mpesa_paybill_or_till': []}",[],"['0106948302', '0106948302']",False,[],Auto-detected via DDGS search,Public data only - no ToS violations,"{'fake_contacts': True, 'numbered_name': False, 'unauthorized_group': True}"
Page,M-Gas - Facebook MGAS CUSTOMER CARE SERVICE AND ORDER PLACEMENT> - Facebook Mgas kenya call 0750279398 - Facebook Genuine M-Gas Kenya L.T.D Helpline number 0101140606 | Facebook MGAS CUSTOMER SUPPORT - Facebook M-Gas Kenya | Facebook,https://www.facebook.com/MGasKenya/,,16,Likely Impersonator,False,,"M-Gas. 54,749 likes · 271 talking about this. M-Gas is changing lives by providing pay-as-you-go cooking gas to all Kenyans. Nov 30, 2024 · Furahia Upishi poa na Mgas Kenya . Call/whatsapp 0755928849.",,,,,DDGS,[],"{'phones': ['0755928849', '0750279398', '0750279398', '0101140606', '0736965095'], 'emails': [], 'whatsapp': [], 'mpesa_paybill_or_till': []}","['customer care', 'support']","['0755928849', '0750279398', '0750279398', '0101140606', '0736965095', '0750279398', '0101140606']",False,[],Auto-detected via DDGS search,Public data only - no ToS violations,"{'fake_contacts': True, 'numbered_name': False, 'unauthorized_group': False}"
Group,MGAS CUSTOMER CARE SERVICE AND ORDER PLACEMENT> - Facebook,https://www.facebook.com/groups/907555054290862/,,16,Likely Impersonator,False,,"Nov 30, 2024 · Furahia Upishi poa na Mgas Kenya . Call/whatsapp 0755928849. We offer free delivery country wide.",,,,,DDGS,[],"{'phones': ['0755928849'], 'emails': [], 'whatsapp': [], 'mpesa_paybill_or_till': []}",[],['0755928849'],False,[],Auto-detected via DDGS search,Public data only - no ToS violations,"{'fake_contacts': True, 'numbered_name': False, 'unauthorized_group': True}"
Group,MGAS KENYA QUICK RESPONSE CUSTOMER SUPPORT - Facebook,https://www.facebook.com/groups/3644210639219066/,,16,Likely Impersonator,False,,"MGAS KENYA QUICK RESPONSE CUSTOMER SUPPORT > Public group · 28 members Join group About this group If you are unable to locate my message, kindly use WhatsApp +1 (939) 234-8342 and send me a private m",,,,,DDGS,[],"{'phones': [], 'emails': [], 'whatsapp': [], 'mpesa_paybill_or_till': []}",['support'],[],False,[],Auto-detected via DDGS search,Public data only - no ToS violations,"{'fake_contacts': False, 'numbered_name': False, 'unauthorized_group': True}"
Page,MGAS CUSTOMER SUPPORT - Facebook,https://www.facebook.com/mgas.kenya.care/,,0,Low Risk/Unrelated,False,,MGAS CUSTOMER SUPPORT is on Facebook. Join Facebook to connect with MGAS CUSTOMER SUPPORT and others you may know. Facebook gives people the power to...,,,,,DDGS,[],"{'phones': [], 'emails': [], 'whatsapp': [], 'mpesa_paybill_or_till': []}",['support'],[],False,[],Auto-detected via DDGS search,Public data only - no ToS violations,"{'fake_contacts': False, 'numbered_name': False, 'unauthorized_group': False}"
Group,ELDORET TOWN DIRECTORY AND MARKETING AGENT | MGAS KENYA ...,https://www.facebook.com/groups/145297272312347/posts/2772549106253804/,,16,Likely Impersonator,False,,MGAS KENYA SPECIAL OFFERS KWA KILA MTU? DEPOSIT IS NOW KSH.350/= DAILY PAYMENT KSH.20 BOB /= CALL US 0100594838,,,,,DDGS,[],"{'phones': ['0100594838'], 'emails': [], 'whatsapp': [], 'mpesa_paybill_or_till': []}",[],['0100594838'],False,[],Auto-detected via DDGS search,Public data only - no ToS violations,"{'fake_contacts': True, 'numbered_name': False, 'unauthorized_group': True}"
Group,GITHUNGURI DAIRY FARMERS KENYA | Super ... - Facebook,https://www.facebook.com/groups/387081183783576/posts/558256573332702/,,16,Likely Impersonator,False,,Join MGAS KENYA : 0100863356 2.3K members Join Copia offers 14K members Join CITIZEN DUKA 1.8K members Join Delamere FARM Naivasha 0753045802 GITHUNGURI DAIRY FARMERS KENYA Admin18h Delamere FARM Naiv,,,,,DDGS,[],"{'phones': ['0100863356', '0753045802', '0753045802', '0753045802', '0753045802'], 'emails': [], 'whatsapp': [], 'mpesa_paybill_or_till': []}",[],"['0100863356', '0753045802', '0753045802', '0753045802', '0753045802']",False,[],Auto-detected via DDGS search,Public data only - no ToS violations,"{'fake_contacts': True, 'numbered_name': False, 'unauthorized_group': False}"
Page,"M-Gas - We're hiring! To apply, visit our careers website...",https://www.facebook.com/MGasKenya/posts/were-hiring-to-apply-visit-our-careers-website-or-click-on-the-link-httpscareers/250210607761143/,,16,Likely Impersonator,False,,"Jul 10, 2023 · We're hiring! To apply, visit our careers website or click on the link https:// careers . mgas .ke/ #FurahiaUpishiWako #cleancooking #affordablecooking #MGas",,,,,DDGS,[],"{'phones': [], 'emails': [], 'whatsapp': [], 'mpesa_paybill_or_till': []}",[],[],False,[],Auto-detected via DDGS search,Public data only - no ToS violations,"{'fake_contacts': False, 'numbered_name': False, 'unauthorized_group': False}"
Page,"M-Gas - We're hiring! To apply, visit our careers ... - Facebook",https://www.facebook.com/MGasKenya/photos/were-hiring-to-apply-visit-our-careers-website-or-click-on-the-link-httpscareers/250210587761145/,,16,Likely Impersonator,False,,"Jul 10, 2023 · We're hiring! To apply, visit our careers website or click on the link https:// careers . mgas .ke/ #FurahiaUpishiWako #cleancooking #affordablecooking #MGas",,,,,DDGS,[],"{'phones': [], 'emails': [], 'whatsapp': [], 'mpesa_paybill_or_till': []}",[],[],False,[],Auto-detected via DDGS search,Public data only - no ToS violations,"{'fake_contacts': False, 'numbered_name': False, 'unauthorized_group': False}"
